/*
    SF2 Sample Instruments ADPCM ROM
    10 instruments, normalized 12-bit, YM2608 ADPCM Type-A
    Total: 24944B (24.4 KB)
*/

static const unsigned char code SF2_ROM[24944] = {
/* 0: Piano  1164B  op=40  loop=1915->2127 */
0x08, 0x08, 0x08, 0x08, 0x08, 0x08, 0x08, 0x08, 0x08, 0x08, 0x08, 0x08, 0x08, 0x08, 0x08, 0x08,
0x08, 0x08, 0x08, 0x08, 0x08, 0x9F, 0xFB, 0x93, 0x51, 0x98, 0x12, 0x35, 0xBC, 0x81, 0x11, 0x10,
0x88, 0x0F, 0xFA, 0x8A, 0xAB, 0xBA, 0x54, 0x23, 0x23, 0x10, 0x02, 0x36, 0x23, 0x20, 0xA0, 0x35,
0x44, 0x80, 0x98, 0xAB, 0xBA, 0xAB, 0xBF, 0xBA, 0xA9, 0x88, 0x89, 0xFB, 0xBC, 0xBA, 0xBA, 0xA8,
0x81, 0x18, 0x8B, 0xDB, 0xD9, 0x80, 0x08, 0x12, 0x75, 0x33, 0x43, 0x32, 0x32, 0x33, 0x33, 0x21,
0x99, 0xBC, 0xCC, 0xBB, 0xB8, 0x99, 0x98, 0x8A, 0xCB, 0xBB, 0xBA, 0xDA, 0xCB, 0x99, 0x02, 0x36,
0x21, 0x0C, 0xBC, 0xCB, 0xCA, 0x9A, 0x89, 0x00, 0x53, 0x63, 0x54, 0x23, 0x33, 0x24, 0x42, 0x11,
0x08, 0x88, 0xCC, 0xAA, 0xBB, 0xDB, 0xBC, 0xB9, 0x98, 0x08, 0x98, 0x00, 0x33, 0x73, 0x22, 0x09,
0xAD, 0xBB, 0xDC, 0xCB, 0xCB, 0xAA, 0x88, 0x00, 0x33, 0x43, 0x32, 0x30, 0x10, 0x05, 0x35, 0x34,
0x23, 0x23, 0x23, 0x33, 0x10, 0x08, 0x88, 0x00, 0x02, 0x26, 0x34, 0x34, 0x11, 0x11, 0x09, 0x89,
0xBF, 0xEB, 0xCC, 0xBC, 0xBA, 0x99, 0x10, 0x23, 0x23, 0x21, 0x9B, 0xDD, 0xBD, 0xB9, 0xA8, 0x80,
0x01, 0x12, 0x11, 0xBB, 0xCC, 0xAA, 0x98, 0x02, 0x43, 0x42, 0x20, 0x00, 0x89, 0x43, 0x43, 0x34,
0x46, 0x29, 0x9A, 0xBA, 0xA9, 0x98, 0x43, 0x53, 0x63, 0x44, 0x32, 0x28, 0x81, 0x11, 0x23, 0x26,
0x42, 0x33, 0x33, 0x33, 0x0A, 0x82, 0x23, 0x42, 0x30, 0x1A, 0xBF, 0xDB, 0xBB, 0xCA, 0xA8, 0x14,
0x34, 0x30, 0x8E, 0xBD, 0xBA, 0xCA, 0xBC, 0xBB, 0xBA, 0xBC, 0xBC, 0xBB, 0xBA, 0xB8, 0x91, 0x13,
0x52, 0x33, 0x12, 0x88, 0xAB, 0xBB, 0xA3, 0x37, 0x61, 0x22, 0x23, 0x42, 0x33, 0x44, 0x44, 0x43,
0x44, 0x23, 0x32, 0x32, 0x10, 0x89, 0xAA, 0xCB, 0xDB, 0xCB, 0xCB, 0xBC, 0xBA, 0xB8, 0x91, 0x35,
0x33, 0x43, 0x21, 0x99, 0xEB, 0xBB, 0xDA, 0xB9, 0x90, 0x00, 0x09, 0xCB, 0xEA, 0xBC, 0x99, 0x02,
0x24, 0x34, 0x33, 0x32, 0x21, 0x11, 0x00, 0xA9, 0x89, 0x01, 0x00, 0x00, 0x15, 0x34, 0x35, 0x37,
0x34, 0x34, 0x33, 0x12, 0x99, 0x9A, 0xA8, 0x02, 0x37, 0x33, 0x42, 0x21, 0x89, 0xAA, 0x99, 0x45,
0x44, 0x42, 0x22, 0x20, 0x1B, 0xCA, 0xA8, 0x13, 0x64, 0x01, 0x8A, 0xBC, 0xCD, 0xBC, 0xCA, 0xAB,
0xAA, 0xAA, 0xAB, 0xBB, 0xDB, 0xBC, 0xBA, 0xB9, 0xA0, 0x01, 0x10, 0x09, 0xEB, 0xBC, 0xBB, 0xBB,
0x01, 0x45, 0x32, 0x44, 0x34, 0x43, 0x43, 0x43, 0x43, 0x34, 0x33, 0x22, 0x10, 0x09, 0x9B, 0xBA,
0xB9, 0x89, 0x9A, 0xEB, 0xDB, 0xBD, 0xAA, 0x98, 0x01, 0x12, 0x31, 0x08, 0xAD, 0xFB, 0xDB, 0xAB,
0xB9, 0x91, 0x24, 0x31, 0x19, 0x9A, 0xA9, 0x90, 0x44, 0x63, 0x34, 0x23, 0x22, 0x19, 0x8D, 0xBB,
0xBA, 0xA8, 0x00, 0x52, 0x53, 0x33, 0x33, 0x35, 0x23, 0x32, 0x10, 0x08, 0xAB, 0xEB, 0xCB, 0xAB,
0x00, 0x36, 0x35, 0x23, 0x31, 0x10, 0x98, 0x80, 0x23, 0x73, 0x35, 0x22, 0x19, 0x9D, 0xBC, 0xBA,
0xA9, 0x80, 0x22, 0x32, 0x00, 0xEC, 0xCC, 0xBB, 0xCB, 0xBB, 0xBC, 0xBA, 0xAB, 0xCB, 0xDB, 0xAC,
0x99, 0x80, 0x02, 0x12, 0x12, 0x21, 0x18, 0xAB, 0xBC, 0x01, 0x44, 0x63, 0x43, 0x43, 0x23, 0x43,
0x43, 0x44, 0x33, 0x53, 0x23, 0x12, 0x10, 0x88, 0x09, 0x9A, 0xA9, 0x99, 0x9C, 0xDC, 0xBC, 0xBD,
0xAA, 0x88, 0x02, 0x12, 0x20, 0x09, 0x9D, 0xDC, 0xDB, 0xBC, 0x9A, 0x00, 0x22, 0x31, 0x18, 0x9A,
0x99, 0x01, 0x43, 0x72, 0x42, 0x34, 0x21, 0x18, 0xAB, 0xCA, 0xC9, 0xA8, 0x81, 0x35, 0x43, 0x43,
0x23, 0x23, 0x34, 0x31, 0x20, 0x19, 0x9C, 0xCC, 0xCB, 0xAA, 0x10, 0x53, 0x52, 0x34, 0x21, 0x08,
0x88, 0x91, 0x24, 0x43, 0x62, 0x32, 0x18, 0xAE, 0xBB, 0xD9, 0xA0, 0x80, 0x21, 0x21, 0x08, 0xDB,
0xDB, 0xCB, 0xBB, 0xCB, 0xAA, 0xBA, 0xBB, 0xCC, 0xCB, 0xCA, 0x9A, 0x00, 0x11, 0x12, 0x23, 0x21,
0x1A, 0xBC, 0xB9, 0x13, 0x63, 0x63, 0x34, 0x33, 0x33, 0x44, 0x43, 0x44, 0x33, 0x43, 0x33, 0x12,
0x00, 0x00, 0x89, 0x9B, 0xB9, 0x99, 0xBE, 0xCC, 0xBC, 0xBB, 0xCB, 0x88, 0x12, 0x33, 0x38, 0x8C,
0xBF, 0xDB, 0xCC, 0xAB, 0xA9, 0x00, 0x23, 0x33, 0x00, 0x9A, 0xAA, 0x91, 0x27, 0x44, 0x34, 0x34,
0x22, 0x88, 0xAB, 0xCB, 0xC9, 0x98, 0x82, 0x25, 0x34, 0x33, 0x43, 0x33, 0x34, 0x12, 0x11, 0x10,
0x8C, 0xBE, 0xBB, 0xBB, 0x00, 0x53, 0x53, 0x33, 0x22, 0x18, 0x88, 0x01, 0x35, 0x35, 0x43, 0x33,
0x10, 0xCC, 0xDB, 0xBB, 0xA8, 0x92, 0x13, 0x31, 0x0A, 0xDC, 0xDB, 0xCC, 0xBB, 0xBB, 0xCA, 0xAA,
0xAB, 0xBD, 0xBC, 0xBA, 0xA9, 0x80, 0x12, 0x22, 0x32, 0x22, 0x1A, 0x9C, 0xA0, 0x04, 0x45, 0x43,
0x44, 0x32, 0x34, 0x34, 0x34, 0x43, 0x43, 0x42, 0x32, 0x22, 0x01, 0x80, 0x89, 0x9B, 0xA9, 0xAA,
0xBF, 0xBD, 0xAB, 0xCA, 0xAA, 0x88, 0x12, 0x24, 0x10, 0x8A, 0xBF, 0xCE, 0xAB, 0xBB, 0x99, 0x01,
0x33, 0x22, 0x08, 0xAA, 0xBB, 0x93, 0x37, 0x63, 0x33, 0x34, 0x23, 0x88, 0xBB, 0xDB, 0xA9, 0x98,
0x02, 0x25, 0x35, 0x33, 0x43, 0x23, 0x33, 0x22, 0x10, 0x00, 0x9D, 0xBD, 0xCA, 0xB8, 0x81, 0x52,
0x52, 0x33, 0x12, 0x09, 0x09, 0x03, 0x35, 0x43, 0x52, 0x22, 0x08, 0xCB, 0xEB, 0xAB, 0xA8, 0x91,
0x13, 0x31, 0x1A, 0xCD, 0xDB, 0xCB, 0xBC, 0xBB, 0xAB, 0xBC, 0xAB, 0xBD, 0xBC, 0xAA, 0xA9, 0x00,
0x11, 0x22, 0x23, 0x21, 0x0A, 0xAB, 0xB0, 0x24, 0x45, 0x44, 0x44, 0x23, 0x33, 0x43, 0x52, 0x43,
0x34, 0x42, 0x32, 0x21, 0x10, 0x08, 0x89, 0xAA, 0x9A, 0x89, 0xBE, 0xBD, 0xAC, 0xBB, 0xC9, 0x99,
0x12, 0x24, 0x01, 0x09, 0xCD, 0xCC, 0xCB, 0xCA, 0xA0, 0x80, 0x22, 0x32, 0x00, 0xA9, 0xA9, 0x02,
0x46, 0x35, 0x23, 0x33, 0x31, 0x08, 0xBC, 0xDA, 0xBA, 0x98, 0x02, 0x46, 0x23, 0x32, 0x33, 0x24,
0x42, 0x22, 0x11, 0x08, 0xAB, 0xEC, 0xAB, 0xB8, 0x83, 0x45, 0x34, 0x33, 0x22, 0x08, 0x88, 0x01,
0x25, 0x36, 0x33, 0x32, 0x1A, 0xDC, 0xBC, 0xBA, 0x98, 0x00, 0x12, 0x11, 0x1C, 0xBF, 0xCB, 0xCB,
0xCA, 0xBB, 0xBB, 0xBB, 0xBC, 0xCB, 0xCB, 0xBB, 0xB9, 0x90, 0x12, 0x24, 0x33, 0x12, 0x89, 0xAD,
0x90, 0x03, 0x37, 0x25, 0x24, 0x23, 0x33, 0x35, 0x33, 0x44, 0x34, 0x33, 0x42, 0x21, 0x00, 0x08,
0x09, 0xA9, 0x9A, 0x99, 0xCC, 0xCC, 0xBC, 0xAC, 0xAA, 0x98, 0x01, 0x23, 0x22, 0x88, 0xFB, 0xEB,
0xDB, 0xBA, 0xB0, 0x82, 0x23, 0x22, 0x09, 0xAA, 0x9A, 0x02, 0x64, 0x44, 0x33, 0x43, 0x21, 0x19,
0xBC, 0xCB, 0xBB, 0x09, 0x22, 0x53, 0x43, 0x43, 0x33, 0x43, 0x33, 0x42, 0x12, 0x89, 0xBC, 0xDB,
0xAB, 0xA9, 0x83, 0x37, 0x43, 0x42, 0x21, 0x80, 0x88, 0x12, 0x34, 0x44, 0x43, 0x31, 0x1B, 0xCD,
0xCA, 0xBA, 0x99, 0x01, 0x12, 0x12, 0x9B, 0xEC, 0xCC, 0xBC, 0xBC, 0xBB, 0xAC, 0x9B, 0x9A, 0xBC,
0xBC, 0xBB, 0xA9, 0x90, 0x02, 0x23, 0x34, 0x22, 0x80, 0xBB, 0x88, 0x13, 0x74, 0x36, 0x33, 0x34,
0x33, 0x43, 0x43, 0x53, 0x34, 0x33, 0x33, 0x21, 0x00, 0x08, 0x89, 0xBA, 0x9A, 0xAA, 0xDB, 0xDB,
0xCC, 0xBB, 0xBB, 0xA0, 0x81, 0x32, 0x22, 0x19, 0xFC, 0xEB, 0xDB, 0xAA, 0xA8, 0x91, 0x22, 0x22,
0x18, 0xA9, 0xAA, 0x11, 0x73, 0x53, 0x34, 0x32, 0x31, 0x19, 0xAC, 0xCB, 0xBB, 0x9A, 0x12, 0x53,
0x53, 0x43, 0x23, 0x42, 0x23, 0x22, 0x11, 0x09, 0xBC, 0xCC, 0xBC, 0x99, 0x01, 0x37, 0x23, 0x33,
0x41, 0x01, 0x00, 0x11, 0x34, 0x53, 0x43, 0x22, 0x1B, 0xAF, 0xBC, 0xBA, 0xA9, 0x80, 0x22, 0x12,
0x8B, 0xDD, 0xCB, 0xCC, 0xAB, 0xCA, 0xBA, 0xBA, 0xBB, 0xCC, 0xBC, 0xAB, 0x99, 0x80, 0x02, 0x22,
0x32, 0x22, 0x88, 0xBA, 0x99, 0x24, 0x74, 0x44, 0x33, 0x42, 0x34, 0x34, 0x34, 0x43, 0x43, 0x34,
0x22, 0x11, 0x00, 0x09, 0x89, 0xA9, 0x99, 0x8B, 0xDC, 0xBC, 0xCB, 0xBB, 0xBA, 0x90, 0x02, 0x33,
0x40, 0x8B, 0xFC, 0xDB, 0xDA, 0xBA, 0x99, 0x01, 0x13, 0x20, 0x19, 0x9A, 0x99, 0x13, 0x63, 0x62,
0x43, 0x23, 0x22, 0x0A, 0xAD, 0xBA, 0xBA, 0x90, 0x12, 0x63, 0x43, 0x42, 0x33, 0x34, 0x33, 0x31,
0x20, 0x8A, 0xBC, 0xCC, 0xBC, 0x9A, 0x02, 0x45, 0x34, 0x33, 0x31, 0x10,
/* 1: SlapBass  1835B  op=26  loop=3017->3512 */
0x08, 0x08, 0x08, 0x08, 0x08, 0x08, 0x08, 0x08, 0x08, 0x08, 0x08, 0x08, 0x08, 0x00, 0x01, 0x00,
0x88, 0x99, 0x80, 0x00, 0x12, 0x22, 0x12, 0x22, 0x22, 0x33, 0x34, 0x34, 0x21, 0x21, 0x00, 0x09,
0x89, 0x99, 0x98, 0x80, 0x80, 0x00, 0x08, 0x89, 0x9B, 0xBB, 0xBB, 0xAB, 0x99, 0x08, 0x99, 0x9B,
0xBC, 0xCC, 0xBA, 0xCA, 0x99, 0x98, 0x00, 0x80, 0x89, 0x89, 0x99, 0x80, 0x80, 0x10, 0x10, 0x09,
0x89, 0x99, 0x99, 0x88, 0x80, 0x00, 0x00, 0x8A, 0x99, 0x80, 0x81, 0x12, 0x33, 0x32, 0x00, 0x9A,
0xBC, 0xCB, 0xBA, 0xA9, 0x90, 0x00, 0x11, 0x01, 0x10, 0x00, 0x10, 0x10, 0x11, 0x01, 0x00, 0x08,
0x98, 0xA9, 0xAA, 0x99, 0x98, 0x01, 0x24, 0x34, 0x32, 0x32, 0x20, 0x10, 0x00, 0x10, 0x10, 0x99,
0xAA, 0xBA, 0xB9, 0x90, 0x23, 0x54, 0x24, 0x22, 0x00, 0x9A, 0xAB, 0xAA, 0x81, 0x13, 0x33, 0x11,
0x08, 0x99, 0xA9, 0x00, 0x22, 0x23, 0x33, 0x31, 0x18, 0x89, 0xA9, 0xA9, 0x00, 0x22, 0x54, 0x23,
0x32, 0x21, 0x0B, 0xAC, 0xCA, 0x98, 0x23, 0x53, 0x52, 0x11, 0x89, 0xAB, 0xAC, 0xA8, 0x85, 0x53,
0x43, 0x32, 0x10, 0xCB, 0xFB, 0xCB, 0xA8, 0x03, 0x45, 0x33, 0x31, 0x8A, 0xDB, 0xCB, 0x23, 0x54,
0x35, 0x20, 0x8B, 0xCF, 0xBB, 0xBA, 0x80, 0x62, 0x44, 0x22, 0x11, 0x9A, 0xBE, 0xB9, 0xA9, 0x90,
0x11, 0x32, 0x33, 0x11, 0xAA, 0xCB, 0xAA, 0x82, 0x37, 0x43, 0x31, 0x0A, 0xEB, 0xCB, 0xBB, 0xA9,
0x90, 0x01, 0x35, 0x35, 0x33, 0x34, 0x31, 0x10, 0xBB, 0xFD, 0xAB, 0xAB, 0xA9, 0x90, 0x80, 0x14,
0x44, 0x33, 0x34, 0x12, 0x00, 0xAA, 0xCB, 0xCB, 0xBA, 0xBA, 0xA9, 0xAA, 0x99, 0x88, 0x12, 0x53,
0x64, 0x33, 0x32, 0x31, 0x08, 0x9B, 0xDB, 0xBB, 0xBB, 0x00, 0x35, 0x33, 0x22, 0x30, 0x10, 0x98,
0x02, 0x46, 0x35, 0x23, 0x11, 0x00, 0x00, 0x24, 0x44, 0x34, 0x41, 0x10, 0x99, 0xBA, 0xAA, 0x01,
0x64, 0x33, 0x34, 0x21, 0x28, 0x08, 0x01, 0x43, 0x53, 0x33, 0x22, 0x08, 0xAD, 0xCB, 0xBB, 0xA0,
0x25, 0x35, 0x32, 0x32, 0x00, 0xAB, 0xBC, 0xBB, 0xA9, 0x81, 0x21, 0x29, 0xCE, 0xCB, 0xDB, 0xAB,
0x99, 0x80, 0x12, 0x21, 0x10, 0x8F, 0xCC, 0xCB, 0xCB, 0xBA, 0xAA, 0x99, 0xAB, 0xAB, 0xAA, 0xA0,
0x80, 0x89, 0xAC, 0xFB, 0xEA, 0xCB, 0xBC, 0xBB, 0xA9, 0x90, 0x11, 0x31, 0x00, 0xAA, 0xCC, 0xCA,
0xBC, 0x9A, 0x99, 0x8A, 0x9D, 0xAD, 0xBB, 0xCB, 0xAB, 0x89, 0x34, 0x22, 0x22, 0x09, 0x9C, 0xBB,
0xCA, 0x99, 0x08, 0x80, 0x54, 0x53, 0x34, 0x10, 0x9B, 0xBC, 0xC9, 0x80, 0x23, 0x33, 0x00, 0xBB,
0xFC, 0x99, 0x82, 0x37, 0x45, 0x34, 0x33, 0x32, 0x10, 0xAC, 0xDB, 0xBC, 0xAB, 0x99, 0x90, 0x13,
0x37, 0x43, 0x53, 0x34, 0x33, 0x11, 0x9B, 0xFB, 0xCB, 0xCA, 0xA8, 0x91, 0x13, 0x44, 0x43, 0x33,
0x22, 0x20, 0x10, 0x88, 0xAC, 0xCD, 0xBC, 0xBB, 0xAA, 0xA9, 0x11, 0x43, 0x42, 0x42, 0x33, 0x44,
0x33, 0x52, 0x21, 0x08, 0xCB, 0xFB, 0xBC, 0xAA, 0x98, 0x01, 0x14, 0x34, 0x33, 0x23, 0x22, 0x00,
0x89, 0xAB, 0xCB, 0xAB, 0xBB, 0xAB, 0xBA, 0x99, 0x01, 0x34, 0x53, 0x44, 0x43, 0x35, 0x22, 0x20,
0x0B, 0xCF, 0xBB, 0xDA, 0xBA, 0x99, 0x11, 0x34, 0x43, 0x52, 0x32, 0x21, 0x09, 0xAB, 0xCD, 0xBB,
0xCB, 0xBC, 0xAA, 0x99, 0x80, 0x13, 0x35, 0x33, 0x33, 0x23, 0x11, 0x09, 0xAC, 0xCC, 0xCC, 0xBB,
0xBC, 0xBA, 0xBA, 0x98, 0x00, 0x22, 0x43, 0x24, 0x21, 0x20, 0x10, 0x0A, 0x9C, 0xBD, 0xBC, 0xAA,
0x90, 0x23, 0x44, 0x22, 0x28, 0x0B, 0xAB, 0xA0, 0x14, 0x63, 0x63, 0x52, 0x33, 0x22, 0x10, 0x08,
0x00, 0x02, 0x34, 0x43, 0x43, 0x32, 0x21, 0x21, 0x43, 0x64, 0x44, 0x33, 0x43, 0x23, 0x22, 0x10,
0x08, 0x88, 0x80, 0x13, 0x44, 0x34, 0x33, 0x42, 0x31, 0x22, 0x12, 0x33, 0x44, 0x24, 0x23, 0x34,
0x44, 0x33, 0x33, 0x11, 0x9C, 0xEB, 0xEB, 0xBC, 0xBA, 0x98, 0x88, 0x01, 0x10, 0x8B, 0xDC, 0xBB,
0xAB, 0x99, 0x22, 0x34, 0x10, 0x9F, 0xAD, 0xAC, 0xAB, 0xBC, 0xBC, 0xCC, 0xBB, 0xBB, 0xA9, 0x82,
0x24, 0x21, 0x0C, 0xBD, 0xCB, 0xA9, 0x01, 0x34, 0x32, 0x19, 0xBF, 0xEB, 0xBA, 0xBA, 0x90, 0x02,
0x33, 0x12, 0x9A, 0xDC, 0xBB, 0xB8, 0x83, 0x45, 0x32, 0x30, 0xAB, 0xEB, 0xBB, 0x90, 0x15, 0x34,
0x31, 0x1A, 0xBC, 0xBB, 0xBA, 0x11, 0x54, 0x12, 0x01, 0x09, 0x80, 0x27, 0x55, 0x32, 0x31, 0x10,
0x9B, 0xFB, 0xCB, 0xAA, 0x80, 0x12, 0x36, 0x23, 0x42, 0x32, 0x33, 0x21, 0x00, 0xCC, 0xDB, 0xBC,
0xBB, 0xA8, 0x92, 0x24, 0x44, 0x33, 0x43, 0x23, 0x23, 0x33, 0x20, 0x8C, 0xBF, 0xBC, 0xCB, 0xBC,
0xAB, 0x89, 0x22, 0x53, 0x53, 0x33, 0x42, 0x20, 0x09, 0x9A, 0xCB, 0xCC, 0xAB, 0xAB, 0xA9, 0x90,
0x02, 0x45, 0x23, 0x41, 0x22, 0x11, 0x11, 0x08, 0x08, 0xA9, 0xCD, 0xCB, 0xCA, 0xBA, 0xA8, 0x01,
0x44, 0x52, 0x43, 0x33, 0x21, 0x19, 0x9C, 0xBE, 0xBB, 0xCB, 0xBB, 0x9A, 0x80, 0x13, 0x53, 0x44,
0x34, 0x23, 0x20, 0x09, 0xAC, 0xBD, 0xAB, 0xCA, 0xBA, 0xAB, 0x99, 0x98, 0x80, 0x12, 0x35, 0x33,
0x52, 0x12, 0x00, 0xBA, 0xDB, 0xCB, 0xCB, 0xBB, 0xAA, 0x98, 0x88, 0x00, 0x00, 0x90, 0x9A, 0x89,
0x98, 0x9A, 0x9A, 0x98, 0x90, 0x00, 0x00, 0x88, 0x99, 0xA9, 0xA9, 0x90, 0x13, 0x45, 0x34, 0x33,
0x34, 0x23, 0x32, 0x53, 0x44, 0x43, 0x23, 0x31, 0x20, 0x80, 0x80, 0x35, 0x43, 0x53, 0x43, 0x34,
0x23, 0x33, 0x43, 0x44, 0x42, 0x33, 0x22, 0x11, 0x00, 0x00, 0x14, 0x45, 0x34, 0x32, 0x20, 0x9A,
0xBB, 0xA9, 0x24, 0x75, 0x23, 0x32, 0x20, 0x09, 0xAA, 0xB0, 0x01, 0x43, 0x23, 0x01, 0xCB, 0xFB,
0xBC, 0xA9, 0xA9, 0x9A, 0x9B, 0xDB, 0xDA, 0x99, 0x00, 0x22, 0x33, 0x21, 0x9F, 0xBE, 0xAB, 0xBB,
0xAA, 0xAA, 0xAB, 0xEA, 0xDB, 0xCC, 0xAA, 0xA9, 0x91, 0x02, 0x21, 0x10, 0xAA, 0xCB, 0xCC, 0xA9,
0x98, 0x9A, 0xCD, 0xBE, 0xAB, 0xCA, 0xA9, 0x88, 0x00, 0x00, 0x99, 0xAB, 0xBA, 0x92, 0x46, 0x33,
0x42, 0x11, 0xAB, 0xCC, 0xAB, 0xA8, 0x02, 0x23, 0x2A, 0x9F, 0xDB, 0xCA, 0xB9, 0x88, 0x35, 0x53,
0x44, 0x33, 0x34, 0x22, 0x10, 0x0A, 0xCB, 0xEB, 0xBC, 0xBA, 0x98, 0x02, 0x37, 0x33, 0x43, 0x42,
0x21, 0x10, 0x09, 0x99, 0x9A, 0xBB, 0xDB, 0xBC, 0xBB, 0xB8, 0x91, 0x35, 0x45, 0x43, 0x43, 0x43,
0x12, 0x18, 0x9C, 0xBE, 0xBB, 0xBC, 0xAA, 0x99, 0x10, 0x33, 0x63, 0x34, 0x23, 0x21, 0x18, 0x8A,
0xBB, 0xDB, 0xCB, 0xBB, 0xAB, 0xA9, 0xA9, 0x00, 0x03, 0x37, 0x33, 0x43, 0x42, 0x22, 0x01, 0xBB,
0xFB, 0xCC, 0xBC, 0xBA, 0xB9, 0xA1, 0x14, 0x44, 0x34, 0x23, 0x23, 0x00, 0x8B, 0xCC, 0xCC, 0xBC,
0xAB, 0xA9, 0x99, 0x01, 0x22, 0x44, 0x34, 0x33, 0x33, 0x31, 0x10, 0x9A, 0xCD, 0xBC, 0xCB, 0xBC,
0xAA, 0x9A, 0x80, 0x82, 0x24, 0x43, 0x43, 0x32, 0x21, 0x08, 0xBB, 0xCB, 0xCB, 0xA9, 0x90, 0x03,
0x42, 0x20, 0x0A, 0xCB, 0xAC, 0x89, 0x23, 0x44, 0x34, 0x33, 0x33, 0x44, 0x34, 0x52, 0x34, 0x23,
0x11, 0x89, 0x9A, 0xB9, 0xA1, 0x16, 0x34, 0x43, 0x33, 0x23, 0x22, 0x44, 0x44, 0x34, 0x43, 0x32,
0x21, 0x10, 0x88, 0x80, 0x34, 0x54, 0x23, 0x21, 0x09, 0x9B, 0xC8, 0x83, 0x64, 0x44, 0x23, 0x32,
0x11, 0x00, 0x80, 0x00, 0x08, 0x99, 0xAA, 0xBB, 0xCC, 0xBC, 0x89, 0x01, 0x01, 0x10, 0x00, 0x80,
0x00, 0x11, 0x21, 0x00, 0xAA, 0xEB, 0xDB, 0xCB, 0xBC, 0xAA, 0xAA, 0x9A, 0x9A, 0xAB, 0xAB, 0xAA,
0x99, 0x80, 0x99, 0xAC, 0xCC, 0xBD, 0xAB, 0xBB, 0xBA, 0xAB, 0xCA, 0xDA, 0xBC, 0xAB, 0xA9, 0x90,
0x00, 0x11, 0x08, 0xAB, 0xDA, 0xBA, 0x99, 0x00, 0x00, 0x09, 0x9D, 0xBD, 0xBC, 0xBB, 0xAA, 0x98,
0x01, 0x33, 0x32, 0x22, 0x22, 0x12, 0x24, 0x43, 0x53, 0x33, 0x12, 0x88, 0xCC, 0xDC, 0xBC, 0xBC,
0xBA, 0xAA, 0x90, 0x23, 0x73, 0x53, 0x43, 0x43, 0x33, 0x21, 0x19, 0x9B, 0xCC, 0xCA, 0xBC, 0x9A,
0x89, 0x00, 0x23, 0x45, 0x43, 0x44, 0x23, 0x32, 0x22, 0x11, 0x89, 0xAB, 0xDB, 0xCB, 0xBA, 0xB0,
0x93, 0x36, 0x43, 0x52, 0x42, 0x23, 0x12, 0x10, 0x9A, 0xBD, 0xBC, 0xCA, 0xBA, 0xA9, 0x80, 0x13,
0x53, 0x43, 0x42, 0x32, 0x20, 0x0A, 0xAE, 0xAC, 0xCB, 0xBB, 0xCB, 0xBA, 0xBA, 0xA9, 0x80, 0x24,
0x35, 0x33, 0x42, 0x21, 0x08, 0xDB, 0xFA, 0xCB, 0xBC, 0xBB, 0xBB, 0xA9, 0x80, 0x13, 0x53, 0x43,
0x24, 0x01, 0x09, 0xBC, 0xCC, 0xCB, 0xBC, 0xAA, 0xBA, 0x98, 0x08, 0x21, 0x34, 0x33, 0x43, 0x22,
0x20, 0x1A, 0x9C, 0xCB, 0xDB, 0xCB, 0xCA, 0xAA, 0x98, 0x02, 0x26, 0x33, 0x43, 0x42, 0x32, 0x12,
0x00, 0x09, 0x09, 0x00, 0x13, 0x46, 0x25, 0x23, 0x33, 0x23, 0x32, 0x23, 0x22, 0x33, 0x44, 0x53,
0x53, 0x43, 0x43, 0x34, 0x33, 0x33, 0x34, 0x22, 0x22, 0x21, 0x21, 0x11, 0x23, 0x24, 0x34, 0x44,
0x34, 0x34, 0x34, 0x34, 0x33, 0x43, 0x33, 0x33, 0x33, 0x21, 0x18, 0xBA, 0xBC, 0xBC, 0xBC, 0xBB,
0xBC, 0xA9, 0x90, 0x03, 0x33, 0x34, 0x23, 0x01, 0x88, 0xAA, 0xBD, 0xBE, 0xAC, 0xBB, 0xCA, 0xBC,
0xAA, 0xAB, 0xAA, 0xAB, 0xBB, 0xCB, 0xBC, 0xAB, 0xCA, 0xCB, 0xBD, 0xAC, 0xAB, 0xCA, 0xBB, 0xBA,
0xCA, 0xBC, 0xAB, 0xCB, 0xBB, 0xBB, 0xAB, 0xAA, 0xAA, 0xAB, 0xAB, 0xBB, 0xBA, 0xA9, 0x99, 0x98,
0x98, 0x88, 0x08, 0x00, 0x10, 0x12, 0x21, 0x21, 0x11, 0x11, 0x21, 0x22, 0x32, 0x23, 0x11, 0x10,
0x00, 0x00, 0x80, 0x80, 0x08, 0x00, 0x00, 0x11, 0x22, 0x44, 0x43, 0x44, 0x33, 0x44, 0x33, 0x42,
0x22, 0x08, 0xAA, 0xEC, 0xBC, 0xBC, 0xBB, 0xB9, 0xA1, 0x15, 0x35, 0x42, 0x43, 0x33, 0x33, 0x22,
0x00, 0x8A, 0xAC, 0xBE, 0xAC, 0xAB, 0xAB, 0x99, 0x00, 0x24, 0x54, 0x34, 0x43, 0x32, 0x32, 0x20,
0x08, 0xAB, 0xCC, 0xAC, 0x9A, 0x80, 0x02, 0x23, 0x54, 0x34, 0x33, 0x43, 0x12, 0x10, 0x9A, 0xBC,
0xCC, 0xBD, 0xAB, 0xBA, 0xA0, 0x02, 0x44, 0x44, 0x34, 0x23, 0x11, 0x09, 0xAC, 0xCD, 0xAC, 0xBB,
0xCB, 0xBB, 0xAB, 0xAA, 0x80, 0x13, 0x43, 0x43, 0x33, 0x41, 0x08, 0xAD, 0xDB, 0xDB, 0xDB, 0xAC,
0xAA, 0xAA, 0x99, 0x80, 0x12, 0x34, 0x42, 0x22, 0x10, 0xAA, 0xEB, 0xDB, 0xBC, 0xBB, 0xBA, 0xAA,
0x88, 0x01, 0x32, 0x43, 0x23, 0x33, 0x22, 0x09, 0xAC, 0xCC, 0xCB, 0xCB, 0xCB, 0xAB, 0xA9, 0x01,
0x35, 0x36, 0x24, 0x33, 0x42, 0x32, 0x22, 0x10, 0x08, 0x98, 0x00, 0x35, 0x45, 0x34, 0x33, 0x34,
0x22, 0x22, 0x22, 0x21, 0x34, 0x43, 0x44, 0x43, 0x43, 0x43, 0x34, 0x33, 0x33, 0x33, 0x33, 0x23,
0x23, 0x33, 0x33, 0x43, 0x33, 0x43, 0x43, 0x43, 0x53, 0x44, 0x34, 0x24, 0x22, 0x33, 0x32, 0x31,
0x10, 0x0A, 0xBB, 0xEB, 0xCB, 0xCA, 0xBB, 0xBA, 0xB9, 0x99, 0x08, 0x00, 0x10, 0x10, 0x00, 0x99,
0xBC, 0xDC, 0xBC, 0xCB, 0xCB, 0xBC, 0xAB, 0xBC, 0xAA, 0x9B, 0xAB, 0xBC, 0xBC, 0xBA, 0xCA, 0xBB,
0xBD, 0xAB, 0xCB, 0xCB, 0xAB, 0xBA, 0xBA, 0xBB, 0xBD, 0xBC, 0xBB, 0xBB, 0xCA, 0xAB, 0xAA, 0xBA,
0xBB, 0xCA, 0xBA, 0xA9, 0x90, 0x80, 0x00, 0x10, 0x10, 0x10, 0x12, 0x12, 0x23, 0x23, 0x33, 0x32,
0x23, 0x22, 0x23, 0x33, 0x33, 0x32, 0x21, 0x21, 0x11, 0x02, 0x10, 0x11, 0x00, 0x10, 0x21, 0x22,
0x53, 0x53, 0x43, 0x43, 0x35, 0x23, 0x23, 0x12, 0x08, 0xAA, 0xFB, 0xCC, 0xAC, 0xAA, 0xA8, 0x81,
0x24, 0x44, 0x43, 0x34, 0x33, 0x33, 0x21, 0x18, 0x8B, 0xAD, 0xBC, 0xCB, 0xBB, 0xBB, 0xAA, 0x12,
0x53, 0x63, 0x35, 0x23, 0x32, 0x21, 0x20, 0x09, 0xAB, 0xBC, 0xBC, 0xAA, 0x90, 0x14, 0x35, 0x34,
0x34, 0x32, 0x33, 0x12, 0x00, 0x9A, 0xDC, 0xBD, 0xBB, 0xBB, 0xCA, 0xA0, 0x01, 0x53, 0x62, 0x33,
0x34, 0x11, 0x89, 0xAD, 0xBD, 0xAC, 0xBB, 0xBB, 0xBB, 0xBC, 0x9A, 0x80, 0x03, 0x34, 0x43, 0x33,
0x41, 0x19, 0xAD, 0xDB, 0xDB, 0xCB, 0xCB, 0xBA, 0xBA, 0xA9, 0x81, 0x23, 0x52, 0x33, 0x23, 0x08,
0xBD, 0xCC, 0xCB, 0xCB, 0xBB, 0xBA, 0xB9, 0x88, 0x02, 0x22, 0x44, 0x22, 0x32, 0x20, 0x09, 0x8C,
0xAD, 0xBB, 0xDA, 0xBB, 0xBB, 0xAA, 0x00, 0x44, 0x53, 0x43, 0x44, 0x32, 0x33, 0x21, 0x10, 0x08,
0x88, 0x01, 0x24, 0x54, 0x44, 0x24, 0x23, 0x23, 0x22, 0x22, 0x22, 0x34, 0x43, 0x44, 0x34, 0x43,
0x43, 0x34, 0x33, 0x34, 0x22, 0x22, 0x12, 0x21, 0x22, 0x32, 0x33, 0x33, 0x34, 0x34, 0x34, 0x44,
0x43, 0x43, 0x43, 0x34, 0x22, 0x32, 0x21, 0x00, 0x09, 0xBC, 0xDB, 0xBD, 0xAA, 0xAA, 0xAA, 0xAA,
0x99, 0x88, 0x00, 0x11, 0x11, 0x09, 0x9A, 0xBC, 0xCD, 0xBD, 0xBB, 0xCB, 0xBC, 0xBA, 0xBB, 0xAB,
0xBB, 0xCB, 0xBC, 0xCA, 0xBB, 0xBC, 0xAC, 0xAB, 0xCB, 0xCB, 0xBB, 0xCB, 0xAB, 0xBA, 0xBB, 0xCB,
0xCC, 0xBB, 0xBB, 0xCA, 0xAA, 0xBA, 0xBB, 0xBB, 0xBB, 0xBA, 0xA9, 0x98, 0x00, 0x00, 0x10, 0x10,
0x10, 0x21, 0x22, 0x23, 0x23, 0x32, 0x32, 0x23, 0x23, 0x23, 0x33, 0x33, 0x23, 0x21, 0x21, 0x11,
0x11, 0x11, 0x10, 0x10, 0x01, 0x11, 0x00,
/* 2: Shakuhachi  1951B  op=81  loop=2155->3900 */
0xA0, 0xC8, 0x2A, 0x99, 0x71, 0x98, 0x98, 0x12, 0x12, 0x32, 0x3F, 0xB2, 0x9B, 0xE0, 0x08, 0x90,
0x20, 0x11, 0x20, 0x11, 0x21, 0x8F, 0xBA, 0x1A, 0xF2, 0x41, 0xA9, 0x03, 0x0A, 0x11, 0x16, 0x18,
0xD8, 0xAF, 0x00, 0x00, 0x01, 0x08, 0x94, 0x0A, 0x40, 0x98, 0xBB, 0x12, 0x0E, 0x11, 0x89, 0x15,
0x88, 0x12, 0x8B, 0x31, 0x89, 0xFC, 0x89, 0x89, 0x01, 0x31, 0x46, 0x00, 0x90, 0x99, 0x09, 0xA0,
0xBB, 0x20, 0x9B, 0x74, 0x00, 0x12, 0x10, 0x80, 0x00, 0xFF, 0xA9, 0x12, 0xB0, 0x13, 0x10, 0x27,
0x39, 0xAA, 0x0A, 0x92, 0xE9, 0x91, 0x10, 0x00, 0x06, 0x21, 0x01, 0x9C, 0x00, 0xCC, 0xBA, 0x89,
0x93, 0x44, 0x14, 0x31, 0x22, 0x9F, 0x93, 0xDA, 0x89, 0x01, 0x90, 0x22, 0x22, 0x22, 0x16, 0x9B,
0x98, 0xAE, 0x9B, 0xF0, 0x02, 0x81, 0x41, 0x13, 0x10, 0xA8, 0x9B, 0xFA, 0x09, 0x98, 0x91, 0x21,
0x72, 0x10, 0x11, 0xAA, 0x91, 0xCE, 0xAA, 0xA9, 0x22, 0x21, 0x23, 0x77, 0x18, 0x88, 0xAA, 0x9A,
0x9A, 0x00, 0x09, 0x53, 0x81, 0x33, 0x22, 0x09, 0xCB, 0xFC, 0x9A, 0x99, 0x11, 0x14, 0x44, 0x32,
0x12, 0x0A, 0xEB, 0xBA, 0xAB, 0xB2, 0x18, 0x64, 0x31, 0x02, 0x00, 0x00, 0xCC, 0xBC, 0xBD, 0x99,
0x02, 0x44, 0x13, 0x51, 0x18, 0x98, 0xAD, 0xAB, 0xAB, 0x82, 0x12, 0x36, 0x21, 0x33, 0x2B, 0x99,
0xAE, 0xBC, 0xCA, 0x90, 0x02, 0x43, 0x27, 0x31, 0x10, 0x9A, 0xBC, 0xDB, 0xA9, 0x02, 0x12, 0x33,
0x43, 0x32, 0x23, 0xDA, 0xBD, 0xBC, 0xAA, 0x90, 0x22, 0x27, 0x34, 0x32, 0x09, 0xAA, 0xCD, 0xBB,
0xA8, 0x01, 0x32, 0x44, 0x33, 0x30, 0x09, 0xB9, 0xCE, 0xBC, 0xB9, 0x90, 0x24, 0x43, 0x53, 0x21,
0x89, 0xAB, 0xBF, 0xBB, 0xA0, 0x02, 0x33, 0x34, 0x43, 0x21, 0x0A, 0xBB, 0xDC, 0xCB, 0xBA, 0x01,
0x35, 0x33, 0x63, 0x20, 0x89, 0xAC, 0xBD, 0xBB, 0x90, 0x13, 0x23, 0x43, 0x43, 0x30, 0x0B, 0xBC,
0xCD, 0xBC, 0x99, 0x11, 0x23, 0x53, 0x43, 0x20, 0x8A, 0xCB, 0xCD, 0xB9, 0x90, 0x12, 0x33, 0x34,
0x44, 0x18, 0x8A, 0xAB, 0xBE, 0xBC, 0xA0, 0x02, 0x33, 0x45, 0x33, 0x10, 0x9B, 0xCB, 0xCC, 0xC9,
0x90, 0x22, 0x33, 0x35, 0x32, 0x28, 0xAA, 0xBB, 0xDD, 0xBB, 0xA0, 0x13, 0x43, 0x36, 0x23, 0x10,
0x9B, 0xCB, 0xCC, 0xC9, 0x80, 0x13, 0x33, 0x34, 0x43, 0x00, 0xAA, 0xBC, 0xDB, 0xD9, 0x90, 0x12,
0x32, 0x35, 0x42, 0x19, 0x9A, 0xBC, 0xBE, 0xA9, 0x00, 0x12, 0x33, 0x34, 0x43, 0x09, 0x9C, 0xAB,
0xBE, 0xBB, 0x80, 0x14, 0x32, 0x44, 0x42, 0x08, 0xAA, 0xCA, 0xCC, 0xB9, 0x00, 0x23, 0x43, 0x34,
0x33, 0x09, 0xAC, 0xAC, 0xCC, 0xCA, 0x80, 0x23, 0x33, 0x53, 0x42, 0x08, 0xAB, 0xCA, 0xDB, 0xC9,
0x01, 0x22, 0x42, 0x23, 0x42, 0x09, 0x9B, 0xCB, 0xDC, 0xBA, 0x81, 0x24, 0x32, 0x36, 0x22, 0x09,
0x9B, 0xBC, 0xCC, 0xB9, 0x01, 0x23, 0x43, 0x35, 0x31, 0x0A, 0xAA, 0xBB, 0xEC, 0xBA, 0x81, 0x24,
0x32, 0x44, 0x31, 0x19, 0xAC, 0xAC, 0xBE, 0xA9, 0x01, 0x13, 0x33, 0x34, 0x41, 0x09, 0xAA, 0xCA,
0xDB, 0xD9, 0x00, 0x13, 0x32, 0x34, 0x41, 0x18, 0xBB, 0xCB, 0xCD, 0xA9, 0x00, 0x23, 0x34, 0x25,
0x21, 0x88, 0xAA, 0xBB, 0xCE, 0xB9, 0x00, 0x23, 0x33, 0x44, 0x41, 0x09, 0x9B, 0xBB, 0xEB, 0xC9,
0x00, 0x23, 0x42, 0x25, 0x21, 0x88, 0xAA, 0xBB, 0xCD, 0xBB, 0x01, 0x23, 0x52, 0x14, 0x42, 0x09,
0xAB, 0xAC, 0xBD, 0xB9, 0x00, 0x24, 0x23, 0x34, 0x41, 0x09, 0xAB, 0xBB, 0xCE, 0xBA, 0x81, 0x23,
0x42, 0x43, 0x41, 0x08, 0xAB, 0xCB, 0xAF, 0xA9, 0x80, 0x13, 0x34, 0x24, 0x22, 0x89, 0x8C, 0xAA,
0xCD, 0xC9, 0x00, 0x13, 0x22, 0x35, 0x31, 0x19, 0x9B, 0xDA, 0xAC, 0xBB, 0x00, 0x24, 0x33, 0x37,
0x22, 0x88, 0x9B, 0xBA, 0xBE, 0xBB, 0x81, 0x14, 0x23, 0x35, 0x41, 0x00, 0xAB, 0xBA, 0xCB, 0xEA,
0x80, 0x13, 0x32, 0x43, 0x51, 0x08, 0x9A, 0xBA, 0xBF, 0xAB, 0x80, 0x23, 0x33, 0x26, 0x32, 0x00,
0x9B, 0xCB, 0xBD, 0xBB, 0x90, 0x24, 0x33, 0x35, 0x42, 0x00, 0xAA, 0xCA, 0xAC, 0xDA, 0x91, 0x11,
0x41, 0x24, 0x33, 0x18, 0x9C, 0xBA, 0xBC, 0xEB, 0x80, 0x12, 0x33, 0x25, 0x33, 0x00, 0x9B, 0xCC,
0x9B, 0xDB, 0x98, 0x13, 0x42, 0x24, 0x51, 0x10, 0x9A, 0xBA, 0xBA, 0xFA, 0xA0, 0x02, 0x42, 0x13,
0x44, 0x00, 0x8A, 0xBB, 0xBD, 0xBC, 0x98, 0x03, 0x34, 0x23, 0x62, 0x20, 0x9A, 0xBB, 0xBB, 0xFB,
0xA0, 0x02, 0x42, 0x22, 0x62, 0x10, 0x99, 0xAB, 0xAC, 0xCC, 0xA0, 0x02, 0x33, 0x24, 0x45, 0x10,
0x89, 0xAB, 0xAB, 0xCE, 0x99, 0x11, 0x23, 0x13, 0x52, 0x21, 0x99, 0xBB, 0xCA, 0xDC, 0xA8, 0x02,
0x23, 0x23, 0x73, 0x10, 0x89, 0xBA, 0xC9, 0xBE, 0xA9, 0x02, 0x23, 0x23, 0x53, 0x21, 0x8A, 0xAD,
0xAA, 0xBD, 0xAA, 0x11, 0x24, 0x21, 0x62, 0x20, 0x09, 0xAB, 0xBA, 0xDC, 0xB8, 0x00, 0x42, 0x22,
0x44, 0x21, 0x09, 0xBB, 0xCB, 0xBF, 0xA9, 0x01, 0x23, 0x13, 0x45, 0x21, 0x89, 0x9B, 0xBB, 0xBF,
0xB9, 0x00, 0x23, 0x32, 0x63, 0x30, 0x08, 0xBB, 0xBC, 0xCC, 0xC9, 0x80, 0x33, 0x32, 0x54, 0x21,
0x09, 0x9A, 0xD9, 0xAC, 0xBB, 0x00, 0x24, 0x32, 0x44, 0x32, 0x08, 0xAB, 0xDB, 0xAC, 0xCA, 0x80,
0x23, 0x33, 0x63, 0x32, 0x08, 0xAB, 0xCB, 0xCB, 0xF9, 0x90, 0x22, 0x22, 0x16, 0x21, 0x00, 0x9A,
0xBB, 0xBC, 0xCC, 0x88, 0x13, 0x33, 0x37, 0x31, 0x18, 0xAA, 0xAC, 0xAB, 0xF9, 0x90, 0x12, 0x21,
0x34, 0x51, 0x08, 0x8A, 0xAB, 0xAB, 0xEB, 0x90, 0x12, 0x33, 0x37, 0x31, 0x00, 0x99, 0xBB, 0xBE,
0xBC, 0x80, 0x02, 0x32, 0x35, 0x42, 0x00, 0x99, 0xBC, 0xAA, 0xDB, 0xB0, 0x13, 0x33, 0x36, 0x42,
0x10, 0x99, 0xBC, 0xAB, 0xDB, 0xA0, 0x02, 0x43, 0x15, 0x33, 0x10, 0x8A, 0xCB, 0xBB, 0xDD, 0x98,
0x02, 0x22, 0x23, 0x71, 0x10, 0x89, 0xAA, 0xBA, 0xDB, 0xB0, 0x01, 0x51, 0x22, 0x52, 0x10, 0x89,
0xAB, 0xCA, 0xBE, 0x99, 0x02, 0x23, 0x14, 0x43, 0x21, 0x99, 0xBC, 0xBB, 0xDC, 0xB8, 0x02, 0x33,
0x22, 0x74, 0x10, 0x88, 0xAB, 0xAA, 0xCC, 0xB9, 0x01, 0x42, 0x23, 0x63, 0x11, 0x0A, 0xAB, 0xCA,
0xCD, 0xA8, 0x00, 0x24, 0x11, 0x53, 0x11, 0x89, 0xAB, 0xBB, 0xCD, 0xB9, 0x00, 0x33, 0x34, 0x53,
0x30, 0x0A, 0xAB, 0xCB, 0xCD, 0xB8, 0x00, 0x24, 0x12, 0x45, 0x10, 0x08, 0xA9, 0xBB, 0xAF, 0xA9,
0x00, 0x22, 0x21, 0x63, 0x20, 0x08, 0xAB, 0xBB, 0xDB, 0xD9, 0x00, 0x22, 0x22, 0x53, 0x31, 0x09,
0xAB, 0xCB, 0xBD, 0xCA, 0x81, 0x14, 0x12, 0x45, 0x11, 0x09, 0x99, 0xBB, 0xBD, 0xBB, 0x00, 0x24,
0x31, 0x63, 0x30, 0x08, 0xAB, 0xBC, 0xBB, 0xFA, 0x80, 0x22, 0x31, 0x45, 0x21, 0x09, 0x99, 0xCA,
0xAC, 0xCA, 0x80, 0x23, 0x32, 0x54, 0x31, 0x08, 0xAA, 0xCB, 0xAD, 0xBB, 0x91, 0x23, 0x41, 0x63,
0x31, 0x08, 0xAA, 0xBD, 0xBA, 0xDA, 0x80, 0x22, 0x23, 0x46, 0x21, 0x09, 0x99, 0xBB, 0xBB, 0xEC,
0x08, 0x13, 0x12, 0x36, 0x31, 0x08, 0x9A, 0xBC, 0xAB, 0xEA, 0x80, 0x12, 0x32, 0x44, 0x41, 0x09,
0x99, 0xBB, 0xCA, 0xEA, 0x90, 0x13, 0x22, 0x27, 0x31, 0x08, 0x99, 0xBB, 0xBC, 0xCC, 0x80, 0x03,
0x32, 0x45, 0x31, 0x00, 0xAA, 0xAD, 0xAA, 0xCB, 0x90, 0x13, 0x50, 0x25, 0x32, 0x08, 0x9A, 0xBC,
0xAB, 0xCC, 0x90, 0x12, 0x34, 0x26, 0x22, 0x00, 0xA9, 0xBC, 0xAB, 0xCD, 0x88, 0x12, 0x21, 0x43,
0x61, 0x08, 0x99, 0x9B, 0xB9, 0xDB, 0xA0, 0x12, 0x42, 0x36, 0x22, 0x08, 0x99, 0xBB, 0xCB, 0xCD,
0x88, 0x03, 0x22, 0x26, 0x31, 0x00, 0x9A, 0xAC, 0xAB, 0xCC, 0xA0, 0x03, 0x42, 0x34, 0x51, 0x18,
0x99, 0xAB, 0xCB, 0xCB, 0xA0, 0x13, 0x43, 0x17, 0x32, 0x18, 0x9A, 0xAB, 0xDA, 0xAC, 0xA8, 0x12,
0x42, 0x35, 0x41, 0x00, 0x99, 0xAC, 0xAB, 0xCB, 0xA8, 0x13, 0x42, 0x36, 0x42, 0x00, 0x9A, 0xAB,
0xCA, 0xBC, 0xB8, 0x03, 0x52, 0x25, 0x32, 0x00, 0x9A, 0xAB, 0xDB, 0xBD, 0x90, 0x02, 0x22, 0x35,
0x51, 0x18, 0x99, 0x9B, 0xAB, 0xCC, 0xB0, 0x11, 0x51, 0x24, 0x32, 0x10, 0x9A, 0xBC, 0xCB, 0xBE,
0x90, 0x02, 0x22, 0x25, 0x42, 0x00, 0x9A, 0xAB, 0xBC, 0xAD, 0xA9, 0x12, 0x33, 0x35, 0x51, 0x10,
0x99, 0x9C, 0xAB, 0xBC, 0xA8, 0x11, 0x43, 0x17, 0x23, 0x00, 0x99, 0xAB, 0xCA, 0xBD, 0xA8, 0x01,
0x34, 0x24, 0x42, 0x10, 0x89, 0xBC, 0xCA, 0xBC, 0xB0, 0x01, 0x43, 0x24, 0x62, 0x10, 0x99, 0xAA,
0xCA, 0xBB, 0xD8, 0x01, 0x33, 0x25, 0x42, 0x10, 0x0A, 0xAC, 0xBB, 0xBE, 0xA9, 0x12, 0x22, 0x33,
0x73, 0x10, 0x89, 0xAC, 0xAB, 0xBC, 0xD0, 0x81, 0x23, 0x14, 0x43, 0x11, 0x8A, 0xAC, 0xCA, 0xBC,
0xB9, 0x11, 0x43, 0x15, 0x43, 0x10, 0x89, 0xBB, 0xCB, 0xAE, 0xA9, 0x01, 0x23, 0x33, 0x73, 0x10,
0x88, 0xAC, 0xAB, 0xBC, 0xD8, 0x00, 0x23, 0x14, 0x44, 0x10, 0x89, 0xAA, 0xCA, 0xAD, 0xAA, 0x11,
0x23, 0x24, 0x62, 0x10, 0x88, 0x9B, 0xCB, 0xAC, 0xBA, 0x02, 0x34, 0x23, 0x73, 0x20, 0x89, 0x9B,
0xCB, 0xBB, 0xE9, 0x00, 0x23, 0x23, 0x55, 0x10, 0x88, 0x9A, 0xBB, 0xBC, 0xCA, 0x02, 0x14, 0x22,
0x63, 0x20, 0x88, 0xAB, 0xCB, 0xAB, 0xF9, 0x00, 0x12, 0x32, 0x45, 0x10, 0x08, 0xA9, 0xCA, 0xAB,
0xDA, 0x00, 0x23, 0x23, 0x54, 0x21, 0x09, 0xAA, 0xCC, 0x9A, 0xCB, 0x00, 0x23, 0x41, 0x63, 0x21,
0x88, 0xAA, 0xCB, 0xBA, 0xF9, 0x80, 0x12, 0x22, 0x46, 0x10, 0x08, 0x99, 0xBB, 0xAB, 0xDB, 0x00,
0x24, 0x12, 0x37, 0x20, 0x08, 0x99, 0xBC, 0xAA, 0xCB, 0x00, 0x23, 0x41, 0x53, 0x41, 0x88, 0x9A,
0xBD, 0xA9, 0xCA, 0x91, 0x13, 0x33, 0x47, 0x21, 0x09, 0x99, 0xBB, 0xBC, 0xBD, 0x00, 0x03, 0x22,
0x45, 0x31, 0x09, 0x9A, 0xBC, 0xBB, 0xCB, 0xA1, 0x23, 0x61, 0x35, 0x21, 0x08, 0x99, 0xBC, 0xBA,
0xDB, 0x90, 0x22, 0x34, 0x27, 0x21, 0x08, 0x99, 0xBB, 0xBB, 0xCD, 0x88, 0x12, 0x32, 0x36, 0x40,
0x00, 0x99, 0xAC, 0xAA, 0xCB, 0xA1, 0x12, 0x51, 0x25, 0x31, 0x18, 0x99, 0xBC, 0xCA, 0xAC, 0x98,
0x12, 0x42, 0x26, 0x31, 0x18, 0x8A, 0xBB, 0xDB, 0xAC, 0x98, 0x12, 0x42, 0x25, 0x42, 0x00, 0x9A,
0xAC, 0xAB, 0xBC, 0xC0, 0x11, 0x42, 0x25, 0x33, 0x08, 0x99, 0xBC, 0xCA, 0xCB, 0xA0, 0x03, 0x43,
0x16, 0x41, 0x18, 0x8A, 0x9B, 0xBC, 0xBD, 0xA0, 0x02, 0x32, 0x35, 0x42, 0x10, 0x99, 0xAC, 0xBC,
0xBB, 0xC0, 0x02, 0x42, 0x16, 0x33, 0x00, 0x99, 0xBB, 0xDA, 0xAD, 0x98, 0x01, 0x23, 0x25, 0x42,
0x10, 0x99, 0xAC, 0xBB, 0xAD, 0xB0, 0x01, 0x41, 0x33, 0x72, 0x18, 0x89, 0xAA, 0xCA, 0xAB, 0xD8,
0x01, 0x33, 0x15, 0x34, 0x18, 0x0A, 0xAA, 0xDA, 0xAC, 0xA9, 0x11, 0x34, 0x22, 0x72, 0x10, 0x89,
0xAB, 0xBB, 0xBD, 0xC0, 0x81, 0x32, 0x34, 0x53, 0x00, 0x89, 0xAA, 0xDA, 0xAB, 0xC9, 0x02, 0x25,
0x03, 0x44, 0x10, 0x89, 0xAB, 0xBC, 0xAC, 0xBA, 0x01, 0x35, 0x22, 0x72, 0x18, 0x09, 0x9A, 0xBC,
0xAB, 0xC8, 0x81, 0x33, 0x34, 0x63, 0x11, 0x89, 0xAA, 0xDA, 0xBA, 0xCA, 0x02, 0x24, 0x23, 0x63,
0x10, 0x89, 0x9B, 0xBE, 0x9B, 0xB9, 0x01, 0x24, 0x31, 0x73, 0x20, 0x89, 0x9B, 0xBD, 0xA9, 0xCA,
0x00, 0x24, 0x23, 0x45, 0x10, 0x09, 0x9A, 0xBC, 0xAC, 0xBB, 0x11, 0x24, 0x32, 0x63, 0x31, 0x89,
0xAB, 0xCC, 0xAB, 0xD9, 0x80, 0x23, 0x33, 0x64, 0x10, 0x09, 0x9A, 0xBC, 0xBB, 0xCA, 0x81, 0x34,
0x23, 0x47, 0x11, 0x88, 0x99, 0xBB, 0xBC, 0xAC, 0x00, 0x14, 0x22, 0x53, 0x31, 0x88, 0xBA, 0xCC,
0xBB, 0xCA, 0x92, 0x23, 0x51, 0x44, 0x31, 0x09, 0xAA, 0xCC, 0xAA, 0xCB, 0x81, 0x24, 0x23, 0x45,
0x21, 0x09, 0x9A, 0xBD, 0xAA, 0xCA, 0x80, 0x23, 0x41, 0x45, 0x21, 0x09, 0x9A, 0xAC, 0xBB, 0xCA,
0xA1, 0x24, 0x33, 0x47, 0x11, 0x09, 0x8A, 0xAB, 0xCA, 0xBC, 0x00, 0x13, 0x33, 0x54, 0x41, 0x08,
0xAA, 0xAD, 0xA9, 0xBB, 0xA1, 0x23, 0x52, 0x36, 0x21, 0x08, 0x9A, 0xAD, 0xAA, 0xBA, 0xA1, 0x23,
0x43, 0x27, 0x32, 0x08, 0x9A, 0xBC, 0xCA, 0xBC, 0x80, 0x04, 0x22, 0x44, 0x41, 0x08, 0x9A, 0xAC,
0xBB, 0xCB, 0xA1, 0x13, 0x61, 0x24, 0x41, 0x00, 0x9A, 0xBB, 0xDA, 0xAC, 0x90, 0x12, 0x34, 0x26,
0x22, 0x08, 0x9A, 0xAB, 0xDA, 0xAC, 0x90, 0x12, 0x32, 0x45, 0x41, 0x00, 0x9A, 0xAC, 0xAB, 0xBC,
0xB1, 0x12, 0x52, 0x25, 0x32, 0x09, 0x8A, 0xAC, 0xCA, 0xBC, 0x98, 0x13, 0x34, 0x25, 0x42, 0x00,
0x9A, 0xBB, 0xCB, 0xBD, 0xA0, 0x12, 0x33, 0x45, 0x32, 0x00, 0x9A, 0xBC, 0xCB, 0xBB, 0xC0, 0x12,
0x43, 0x17, 0x32, 0x00, 0x9A, 0xAB, 0xDA, 0xAC, 0x98, 0x03, 0x32, 0x45, 0x41, 0x00, 0x99, 0xAB,
0xCA, 0xCB, 0xA8, 0x13, 0x42, 0x35, 0x43, 0x00, 0x9A, 0xAC, 0xBB, 0xCC, 0xA8, 0x12, 0x34, 0x26,
0x32, 0x00, 0x99, 0xBB, 0xCC, 0xAD, 0x98, 0x02, 0x32, 0x24, 0x61, 0x10, 0x99, 0x9B, 0xCA, 0xBB,
0xC0, 0x02, 0x42, 0x26, 0x23, 0x00, 0x8A, 0xAB, 0xDA, 0xBC, 0xA8, 0x02, 0x42, 0x25, 0x42, 0x00,
0x89, 0xBB, 0xBC, 0xBD, 0xA9, 0x11, 0x42, 0x23, 0x72, 0x00, 0x89, 0xAA, 0xBB, 0xCC, 0xB8, 0x12,
0x34, 0x16, 0x23, 0x10, 0x99, 0xAC, 0xBB, 0xBE, 0xA9, 0x12, 0x23, 0x24, 0x71, 0x10, 0x98, 0xAA,
0xAB, 0xBD, 0xB8, 0x11, 0x42, 0x14, 0x43, 0x10, 0x8A, 0xAC, 0xBB, 0xDB, 0xB8, 0x02, 0x43, 0x15,
0x43, 0x10, 0x8A, 0xAB, 0xDA, 0xAC, 0xB9, 0x12, 0x33, 0x43, 0x72, 0x10, 0x89, 0xAB, 0xBB, 0xCC,
0xC8, 0x01, 0x33, 0x24, 0x53, 0x10, 0x0A, 0xAB, 0xDA, 0xAC, 0xAA, 0x02, 0x35, 0x13, 0x52, 0x10,
0x89, 0xAB, 0xBC, 0xBD, 0xB9, 0x11, 0x33, 0x33, 0x74, 0x10, 0x98, 0x9B, 0xBB, 0xBC, 0xD8, 0x81,
0x32, 0x24, 0x44, 0x10, 0x0A, 0xAA, 0xCB, 0xBD, 0xA9, 0x02, 0x23, 0x33, 0x73, 0x20, 0x89, 0xAB,
0xCC, 0x9C, 0xB9, 0x01, 0x34, 0x10,
/* 3: Oboe  2011B  op=28  loop=3533->3959 */
0x08, 0x08, 0x08, 0x08, 0x08, 0x08, 0x08, 0x08, 0x00, 0x80, 0x08, 0x00, 0x00, 0x08, 0x00, 0x00,
0x00, 0x80, 0x00, 0x00, 0x00, 0x00, 0x00, 0x00, 0x80, 0x00, 0x00, 0x00, 0x08, 0x00, 0x00, 0x00,
0x00, 0x00, 0x00, 0x00, 0x00, 0x00, 0x00, 0x00, 0x00, 0x00, 0x00, 0x00, 0x00, 0x01, 0x01, 0x00,
0x00, 0x10, 0x11, 0x01, 0x11, 0x11, 0x12, 0x12, 0x11, 0x21, 0x11, 0x12, 0x11, 0x11, 0x11, 0x00,
0x09, 0x98, 0x99, 0x8A, 0xBB, 0xCC, 0xCB, 0xBD, 0xBC, 0xCB, 0xCC, 0xBD, 0xBC, 0xBB, 0xCB, 0xCB,
0xCB, 0xCC, 0xAA, 0x9A, 0x88, 0x89, 0x88, 0x98, 0x88, 0x00, 0x00, 0x11, 0x11, 0x23, 0x11, 0x22,
0x44, 0x35, 0x23, 0x33, 0x43, 0x34, 0x43, 0x43, 0x43, 0x43, 0x43, 0x34, 0x43, 0x34, 0x43, 0x43,
0x44, 0x23, 0x23, 0x33, 0x33, 0x43, 0x33, 0x34, 0x23, 0x33, 0x34, 0x33, 0x33, 0x42, 0x33, 0x33,
0x34, 0x33, 0x42, 0x32, 0x22, 0x21, 0x21, 0x11, 0x10, 0x10, 0x10, 0x01, 0x00, 0x00, 0x08, 0x08,
0x08, 0x99, 0xA9, 0xAA, 0xBA, 0xAB, 0xAB, 0xAB, 0xAA, 0xBA, 0xCB, 0xBC, 0xCB, 0xBC, 0xBC, 0xBB,
0xCB, 0xAB, 0xCA, 0xAB, 0xBB, 0xCA, 0xBA, 0xAB, 0xAA, 0xA9, 0xA9, 0x99, 0x89, 0x88, 0x88, 0x88,
0x88, 0x80, 0x88, 0x08, 0x08, 0x80, 0x98, 0x80, 0x80, 0x80, 0x00, 0x00, 0x00, 0x08, 0x08, 0x80,
0x90, 0x88, 0x88, 0x08, 0x09, 0x88, 0x88, 0x80, 0x88, 0x08, 0x00, 0x08, 0x08, 0x08, 0x00, 0x00,
0x00, 0x00, 0x00, 0x00, 0x00, 0x00, 0x00, 0x00, 0x80, 0x80, 0x80, 0x88, 0x08, 0x00, 0x88, 0x89,
0x88, 0x00, 0x09, 0x89, 0x89, 0x88, 0x00, 0x00, 0x99, 0x99, 0x80, 0x00, 0x10, 0x00, 0x09, 0x08,
0x00, 0x00, 0x22, 0x22, 0x11, 0x11, 0x01, 0x01, 0x12, 0x25, 0x35, 0x24, 0x34, 0x42, 0x42, 0x33,
0x34, 0x34, 0x23, 0x33, 0x33, 0x43, 0x34, 0x42, 0x33, 0x33, 0x42, 0x32, 0x33, 0x43, 0x42, 0x33,
0x33, 0x22, 0x22, 0x22, 0x00, 0x99, 0x90, 0x0A, 0xAD, 0xBE, 0xBC, 0xCB, 0xEA, 0xCB, 0xCC, 0xBB,
0xBC, 0xBC, 0xBA, 0xBB, 0xBC, 0xAB, 0xAB, 0xAB, 0xAB, 0xBB, 0xCA, 0xAB, 0xAA, 0xAA, 0xAC, 0xAB,
0xBB, 0xBA, 0xA8, 0x80, 0x80, 0x00, 0x01, 0x11, 0x11, 0x00, 0x02, 0x33, 0x45, 0x33, 0x52, 0x43,
0x43, 0x34, 0x33, 0x43, 0x33, 0x34, 0x23, 0x33, 0x34, 0x23, 0x33, 0x24, 0x22, 0x23, 0x32, 0x32,
0x22, 0x22, 0x21, 0x10, 0x11, 0x01, 0x11, 0x11, 0x11, 0x10, 0x01, 0x00, 0x00, 0x00, 0x08, 0x08,
0x00, 0x00, 0x00, 0x00, 0x00, 0x80, 0x88, 0x08, 0x80, 0x00, 0x01, 0x00, 0x88, 0x80, 0x00, 0x00,
0x00, 0x00, 0x80, 0x80, 0x80, 0x00, 0x00, 0x00, 0x00, 0x00, 0x00, 0x80, 0x08, 0x00, 0x00, 0x01,
0x00, 0x00, 0x00, 0x00, 0x01, 0x01, 0x11, 0x01, 0x00, 0x01, 0x00, 0x10, 0x10, 0x11, 0x11, 0x01,
0x10, 0x11, 0x11, 0x01, 0x01, 0x00, 0x00, 0x01, 0x10, 0x10, 0x00, 0x10, 0x10, 0x01, 0x00, 0x80,
0x08, 0x00, 0x00, 0x00, 0x00, 0x18, 0x80, 0x80, 0x11, 0x11, 0x01, 0x08, 0x88, 0x08, 0x00, 0x00,
0x00, 0x11, 0x01, 0x08, 0x08, 0x88, 0x00, 0x01, 0x00, 0x00, 0x08, 0x08, 0x98, 0x88, 0x80, 0x80,
0x00, 0x00, 0x10, 0x11, 0x00, 0x09, 0x98, 0x88, 0x80, 0x00, 0x11, 0x23, 0x43, 0x53, 0x43, 0x43,
0x43, 0x34, 0x42, 0x33, 0x43, 0x34, 0x24, 0x23, 0x23, 0x42, 0x34, 0x23, 0x34, 0x33, 0x43, 0x34,
0x21, 0x22, 0x13, 0x24, 0x23, 0x32, 0x33, 0x34, 0x43, 0x34, 0x11, 0x9A, 0xEC, 0xCC, 0xCC, 0xBD,
0xBB, 0xCB, 0xCB, 0xBC, 0xBB, 0xCB, 0xBB, 0xCA, 0xBA, 0xBB, 0xBB, 0xBB, 0xCA, 0xBA, 0xCA, 0xBB,
0xAB, 0xAA, 0x99, 0xA9, 0xAB, 0xA9, 0x98, 0x89, 0x9A, 0xAA, 0xAA, 0x89, 0x01, 0x23, 0x44, 0x43,
0x35, 0x33, 0x43, 0x42, 0x42, 0x42, 0x33, 0x33, 0x43, 0x42, 0x32, 0x34, 0x23, 0x33, 0x34, 0x23,
0x33, 0x33, 0x32, 0x32, 0x32, 0x22, 0x22, 0x11, 0x11, 0x11, 0x11, 0x11, 0x01, 0x11, 0x11, 0x01,
0x00, 0x10, 0x10, 0x00, 0x00, 0x08, 0x00, 0x00, 0x08, 0x08, 0x80, 0x00, 0x00, 0x80, 0x00, 0x00,
0x80, 0x88, 0x08, 0x00, 0x00, 0x00, 0x08, 0x88, 0x08, 0x00, 0x80, 0x88, 0x00, 0x00, 0x00, 0x08,
0x00, 0x08, 0x08, 0x00, 0x00, 0x00, 0x00, 0x80, 0x00, 0x00, 0x11, 0x20, 0x00, 0x00, 0x10, 0x11,
0x11, 0x01, 0x01, 0x00, 0x00, 0x00, 0x01, 0x01, 0x10, 0x01, 0x00, 0x10, 0x10, 0x00, 0x10, 0x00,
0x00, 0x00, 0x80, 0x88, 0x00, 0x00, 0x00, 0x01, 0x00, 0x00, 0x80, 0x08, 0x00, 0x00, 0x00, 0x00,
0x00, 0x08, 0x88, 0x80, 0x80, 0x01, 0x11, 0x00, 0x00, 0x00, 0x00, 0x88, 0x98, 0x89, 0x08, 0x08,
0x00, 0x01, 0x10, 0x10, 0x00, 0x00, 0x90, 0xA9, 0x89, 0x98, 0x80, 0x80, 0x10, 0x11, 0x22, 0x43,
0x44, 0x34, 0x43, 0x35, 0x23, 0x42, 0x32, 0x34, 0x33, 0x43, 0x33, 0x43, 0x34, 0x34, 0x34, 0x23,
0x42, 0x22, 0x22, 0x12, 0x22, 0x43, 0x44, 0x34, 0x44, 0x33, 0x42, 0x21, 0x20, 0x08, 0x8A, 0xCC,
0xEB, 0xCC, 0xCB, 0xCB, 0xCB, 0xCB, 0xCB, 0xBC, 0xBB, 0xBB, 0xCB, 0xBB, 0xBC, 0xBB, 0xBB, 0xBC,
0xAB, 0xAB, 0xAA, 0xAA, 0x9A, 0xAA, 0xA9, 0xA9, 0xAA, 0xAA, 0xAA, 0xBA, 0xA9, 0x90, 0x00, 0x11,
0x22, 0x43, 0x62, 0x43, 0x35, 0x22, 0x33, 0x43, 0x34, 0x34, 0x23, 0x42, 0x33, 0x33, 0x42, 0x33,
0x34, 0x32, 0x32, 0x34, 0x23, 0x42, 0x32, 0x22, 0x12, 0x21, 0x22, 0x22, 0x21, 0x11, 0x11, 0x01,
0x11, 0x11, 0x11, 0x00, 0x10, 0x00, 0x00, 0x10, 0x00, 0x08, 0x00, 0x00, 0x08, 0x00, 0x80, 0x80,
0x00, 0x00, 0x00, 0x00, 0x00, 0x80, 0x80, 0x80, 0x00, 0x80, 0x88, 0x08, 0x08, 0x00, 0x00, 0x00,
0x00, 0x80, 0x80, 0x88, 0x08, 0x80, 0x80, 0x80, 0x80, 0x80, 0x80, 0x00, 0x00, 0x00, 0x00, 0x00,
0x00, 0x00, 0x00, 0x08, 0x00, 0x08, 0x00, 0x80, 0x80, 0x80, 0x00, 0x01, 0x00, 0x00, 0x00, 0x80,
0x88, 0x08, 0x00, 0x80, 0x80, 0x80, 0x80, 0x80, 0x80, 0x88, 0x80, 0x00, 0x00, 0x10, 0x00, 0x00,
0x08, 0x80, 0x88, 0x08, 0x00, 0x00, 0x10, 0x11, 0x10, 0x10, 0x00, 0x88, 0x98, 0x88, 0x80, 0x00,
0x01, 0x10, 0x11, 0x10, 0x00, 0x10, 0x00, 0x89, 0x89, 0x88, 0x89, 0x09, 0x89, 0x98, 0x80, 0x01,
0x23, 0x33, 0x35, 0x34, 0x42, 0x43, 0x34, 0x32, 0x42, 0x33, 0x43, 0x43, 0x43, 0x44, 0x23, 0x23,
0x33, 0x34, 0x23, 0x33, 0x33, 0x34, 0x34, 0x44, 0x23, 0x43, 0x35, 0x24, 0x23, 0x23, 0x33, 0x32,
0x11, 0x9C, 0xCD, 0xBE, 0xAC, 0xBC, 0xBC, 0xCA, 0xCA, 0xBB, 0xCB, 0xBC, 0xBB, 0xCB, 0xBB, 0xBC,
0xBA, 0xBB, 0xBB, 0xBC, 0xAB, 0xA9, 0xAA, 0x9A, 0xAB, 0xBC, 0xAB, 0xBB, 0xCB, 0xBC, 0xA9, 0x90,
0x80, 0x00, 0x12, 0x24, 0x42, 0x43, 0x35, 0x34, 0x34, 0x33, 0x34, 0x42, 0x33, 0x34, 0x33, 0x43,
0x34, 0x33, 0x24, 0x22, 0x33, 0x33, 0x43, 0x23, 0x33, 0x22, 0x22, 0x12, 0x22, 0x12, 0x22, 0x12,
0x12, 0x11, 0x01, 0x10, 0x11, 0x11, 0x10, 0x10, 0x10, 0x01, 0x00, 0x00, 0x80, 0x00, 0x00, 0x80,
0x08, 0x00, 0x10, 0x10, 0x01, 0x00, 0x80, 0x08, 0x00, 0x88, 0x08, 0x08, 0x08, 0x08, 0x08, 0x08,
0x08, 0x00, 0x80, 0x00, 0x00, 0x80, 0x88, 0x88, 0x08, 0x00, 0x08, 0x08, 0x08, 0x00, 0x00, 0x00,
0x00, 0x00, 0x00, 0x00, 0x00, 0x80, 0x88, 0x08, 0x00, 0x01, 0x01, 0x00, 0x00, 0x01, 0x00, 0x00,
0x00, 0x00, 0x00, 0x00, 0x08, 0x80, 0x88, 0x08, 0x88, 0x88, 0x80, 0x00, 0x00, 0x00, 0x00, 0x08,
0x89, 0x89, 0x88, 0x88, 0x08, 0x00, 0x10, 0x11, 0x01, 0x00, 0x00, 0x80, 0x88, 0x09, 0x08, 0x90,
0x90, 0x80, 0x00, 0x01, 0x00, 0x10, 0x00, 0x00, 0x00, 0x00, 0x98, 0x89, 0x9A, 0xAA, 0xBA, 0xBA,
0x98, 0x00, 0x11, 0x23, 0x33, 0x33, 0x33, 0x43, 0x34, 0x35, 0x33, 0x53, 0x33, 0x53, 0x34, 0x33,
0x33, 0x44, 0x22, 0x32, 0x23, 0x42, 0x34, 0x23, 0x24, 0x33, 0x34, 0x44, 0x34, 0x43, 0x43, 0x34,
0x23, 0x21, 0x20, 0x00, 0x9A, 0xCC, 0xCC, 0xCB, 0xCB, 0xCC, 0xBD, 0xAC, 0xAB, 0xCB, 0xAC, 0xAB,
0xCA, 0xBB, 0xCA, 0xAB, 0xAB, 0xAB, 0xAB, 0xBB, 0xBB, 0xBC, 0xAB, 0xBB, 0xCB, 0xCB, 0xBA, 0xBB,
0xAB, 0xAB, 0xAA, 0x09, 0x00, 0x22, 0x32, 0x43, 0x34, 0x44, 0x43, 0x43, 0x34, 0x33, 0x43, 0x34,
0x34, 0x24, 0x23, 0x34, 0x22, 0x33, 0x33, 0x34, 0x33, 0x34, 0x24, 0x22, 0x23, 0x32, 0x33, 0x23,
0x22, 0x23, 0x21, 0x21, 0x12, 0x12, 0x21, 0x22, 0x12, 0x11, 0x11, 0x10, 0x01, 0x00, 0x01, 0x00,
0x11, 0x01, 0x10, 0x10, 0x10, 0x01, 0x11, 0x00, 0x10, 0x00, 0x00, 0x00, 0x80, 0x80, 0x08, 0x00,
0x08, 0x00, 0x80, 0x00, 0x00, 0x08, 0x00, 0x88, 0x88, 0x88, 0x98, 0x98, 0x98, 0x88, 0x08, 0x08,
0x08, 0x08, 0x80, 0x88, 0x88, 0x90, 0x98, 0x80, 0x88, 0x00, 0x00, 0x80, 0x00, 0x80, 0x80, 0x00,
0x00, 0x00, 0x00, 0x00, 0x00, 0x08, 0x88, 0x89, 0x09, 0x00, 0x00, 0x11, 0x11, 0x01, 0x01, 0x00,
0x80, 0x80, 0x80, 0x80, 0x00, 0x00, 0x01, 0x11, 0x11, 0x11, 0x10, 0x01, 0x80, 0x08, 0x00, 0x00,
0x08, 0x08, 0x88, 0x08, 0x00, 0x00, 0x01, 0x21, 0x21, 0x21, 0x10, 0x09, 0x9A, 0x9A, 0xAA, 0xAA,
0xA9, 0x98, 0x88, 0x80, 0x00, 0x00, 0x01, 0x00, 0x11, 0x22, 0x34, 0x34, 0x43, 0x34, 0x43, 0x43,
0x43, 0x34, 0x34, 0x33, 0x34, 0x23, 0x23, 0x32, 0x33, 0x43, 0x34, 0x25, 0x24, 0x34, 0x43, 0x34,
0x43, 0x24, 0x24, 0x22, 0x21, 0x21, 0x10, 0x09, 0x8B, 0xCC, 0xDB, 0xCB, 0xDB, 0xDA, 0xCB, 0xBC,
0xBB, 0xCC, 0xAB, 0xBB, 0xBC, 0xBA, 0xBC, 0xAB, 0xAB, 0xBA, 0xBB, 0xBB, 0xCB, 0xBB, 0xCB, 0xBB,
0xCA, 0xBB, 0xBC, 0xAB, 0xBB, 0xBA, 0xA9, 0x90, 0x00, 0x12, 0x23, 0x34, 0x34, 0x53, 0x33, 0x43,
0x43, 0x35, 0x33, 0x34, 0x32, 0x34, 0x33, 0x43, 0x24, 0x22, 0x33, 0x33, 0x43, 0x33, 0x42, 0x33,
0x33, 0x32, 0x32, 0x32, 0x23, 0x23, 0x32, 0x32, 0x22, 0x32, 0x22, 0x22, 0x11, 0x21, 0x12, 0x11,
0x11, 0x11, 0x21, 0x12, 0x12, 0x12, 0x22, 0x12, 0x12, 0x11, 0x12, 0x10, 0x11, 0x00, 0x00, 0x00,
0x00, 0x01, 0x00, 0x10, 0x10, 0x01, 0x01, 0x00, 0x08, 0x88, 0x88, 0x89, 0x88, 0x88, 0x90, 0x90,
0x88, 0x08, 0x88, 0x89, 0x88, 0x98, 0x98, 0x09, 0x08, 0x88, 0x88, 0x88, 0x98, 0x88, 0x80, 0x00,
0x00, 0x10, 0x11, 0x00, 0x00, 0x80, 0x88, 0x09, 0x88, 0x88, 0x00, 0x00, 0x01, 0x11, 0x11, 0x00,
0x00, 0x08, 0x08, 0x00, 0x00, 0x00, 0x01, 0x00, 0x00, 0x00, 0x10, 0x10, 0x11, 0x11, 0x10, 0x10,
0x88, 0x09, 0x89, 0x89, 0x89, 0x08, 0x01, 0x02, 0x11, 0x22, 0x11, 0x10, 0x08, 0x88, 0x99, 0x99,
0xA9, 0x99, 0x98, 0x99, 0x8A, 0x99, 0x99, 0x89, 0x08, 0x00, 0x01, 0x11, 0x22, 0x13, 0x33, 0x44,
0x43, 0x43, 0x43, 0x43, 0x43, 0x33, 0x42, 0x32, 0x33, 0x34, 0x23, 0x33, 0x33, 0x52, 0x52, 0x34,
0x34, 0x34, 0x33, 0x43, 0x43, 0x33, 0x43, 0x34, 0x21, 0x11, 0x10, 0x89, 0x9B, 0xCD, 0xCC, 0xCC,
0xBC, 0xCC, 0xBB, 0xCB, 0xBB, 0xCB, 0xCA, 0xBB, 0xCA, 0xBB, 0xBB, 0xBB, 0xCB, 0xBB, 0xBB, 0xCB,
0xBB, 0xCB, 0xBB, 0xCB, 0xBB, 0xBB, 0xCB, 0xBB, 0xBB, 0xBA, 0x99, 0x00, 0x01, 0x22, 0x23, 0x43,
0x44, 0x34, 0x43, 0x43, 0x24, 0x23, 0x34, 0x33, 0x43, 0x33, 0x44, 0x23, 0x43, 0x23, 0x33, 0x42,
0x32, 0x33, 0x34, 0x33, 0x32, 0x32, 0x23, 0x32, 0x33, 0x23, 0x22, 0x22, 0x21, 0x21, 0x11, 0x11,
0x11, 0x11, 0x11, 0x10, 0x21, 0x12, 0x11, 0x12, 0x12, 0x21, 0x21, 0x21, 0x10, 0x11, 0x11, 0x00,
0x00, 0x00, 0x00, 0x10, 0x01, 0x11, 0x10, 0x10, 0x00, 0x08, 0x88, 0x88, 0x88, 0x80, 0x80, 0x88,
0x89, 0x89, 0x88, 0x89, 0x88, 0x88, 0x08, 0x80, 0x88, 0x88, 0x98, 0x98, 0x98, 0x89, 0x09, 0x00,
0x00, 0x01, 0x02, 0x11, 0x10, 0x00, 0x08, 0x09, 0x08, 0x88, 0x00, 0x80, 0x00, 0x00, 0x80, 0x00,
0x08, 0x00, 0x80, 0x00, 0x00, 0x00, 0x00, 0x00, 0x80, 0x00, 0x00, 0x11, 0x12, 0x22, 0x22, 0x21,
0x21, 0x00, 0x00, 0x88, 0x80, 0x80, 0x01, 0x11, 0x22, 0x22, 0x21, 0x21, 0x11, 0x10, 0x10, 0x10,
0x00, 0x90, 0x99, 0x89, 0x98, 0x99, 0x99, 0x88, 0x89, 0x89, 0x89, 0x89, 0x08, 0x80, 0x00, 0x12,
0x23, 0x43, 0x53, 0x34, 0x43, 0x43, 0x33, 0x43, 0x33, 0x34, 0x33, 0x33, 0x33, 0x43, 0x34, 0x43,
0x44, 0x24, 0x34, 0x34, 0x34, 0x34, 0x23, 0x43, 0x34, 0x23, 0x42, 0x32, 0x33, 0x22, 0x00, 0x99,
0xEA, 0xDB, 0xCC, 0xBC, 0xCB, 0xCC, 0xBB, 0xBC, 0xBC, 0xAB, 0xBC, 0xAB, 0xBC, 0xAB, 0xBA, 0xCA,
0xBA, 0xBC, 0xAB, 0xBB, 0xBB, 0xCB, 0xCA, 0xBC, 0xAA, 0xBA, 0xBA, 0xBB, 0xBA, 0xBA, 0x99, 0x80,
0x01, 0x12, 0x23, 0x34, 0x44, 0x34, 0x33, 0x42, 0x42, 0x34, 0x33, 0x43, 0x34, 0x33, 0x43, 0x42,
0x22, 0x33, 0x33, 0x34, 0x34, 0x23, 0x33, 0x43, 0x34, 0x33, 0x33, 0x33, 0x33, 0x22, 0x32, 0x22,
0x21, 0x21, 0x21, 0x12, 0x11, 0x21, 0x12, 0x11, 0x22, 0x22, 0x22, 0x22, 0x12, 0x11, 0x00, 0x10,
0x00, 0x10, 0x01, 0x10, 0x21, 0x11, 0x01, 0x00, 0x10, 0x01, 0x00, 0x10, 0x00, 0x00, 0x08, 0x08,
0x08, 0x88, 0x89, 0x88, 0x88, 0x80, 0x88, 0x08, 0x88, 0x88, 0x98, 0x99, 0x99, 0xA9, 0xA9, 0x89,
0x88, 0x80, 0x80, 0x08, 0x88, 0x88, 0x08, 0x88, 0x09, 0x08, 0x88, 0x88, 0x08, 0x88, 0x08, 0x80,
0x00, 0x00, 0x10, 0x11, 0x01, 0x00, 0x08, 0x88, 0x88, 0x90, 0x80, 0x00, 0x11, 0x12, 0x21, 0x21,
0x20, 0x10, 0x10, 0x00, 0x00, 0x00, 0x00, 0x01, 0x01, 0x02, 0x11, 0x21, 0x21, 0x22, 0x12, 0x11,
0x00, 0x00, 0x08, 0x88, 0x88, 0x98, 0x89, 0x89, 0x98, 0x99, 0x89, 0x99, 0xA9, 0xAA, 0x99, 0x90,
0x90, 0x00, 0x11, 0x23, 0x43, 0x53, 0x34, 0x42, 0x42, 0x33, 0x33, 0x42, 0x33, 0x33, 0x43, 0x44,
0x23, 0x33, 0x52, 0x33, 0x34, 0x35, 0x34, 0x33, 0x43, 0x43, 0x43, 0x43, 0x42, 0x42, 0x33, 0x22,
0x31, 0x10, 0x09, 0x9C, 0xCC, 0xCB, 0xDB, 0xCB, 0xDA, 0xCA, 0xBB, 0xCB, 0xBC, 0xBB, 0xBC, 0xCA,
0xBA, 0xBB, 0xAB, 0xBC, 0xBB, 0xBB, 0xCB, 0xAC, 0xAB, 0xBB, 0xCB, 0xCA, 0xAB, 0xBA, 0xBB, 0xBB,
0xA0,
/* 4: Trumpet  2099B  op=52  loop=3595->3809 */
0x08, 0x08, 0x09, 0x09, 0x88, 0x88, 0x99, 0x99, 0x98, 0x99, 0xA9, 0x9A, 0x9A, 0x9A, 0xAA, 0xA9,
0xAA, 0x9A, 0xA9, 0xA9, 0xA9, 0x99, 0x89, 0x08, 0x80, 0x00, 0x00, 0x12, 0x21, 0x22, 0x32, 0x33,
0x32, 0x33, 0x23, 0x22, 0x22, 0x12, 0x11, 0x11, 0x00, 0x00, 0x00, 0x88, 0x88, 0x99, 0x99, 0x99,
0x99, 0xAA, 0xAA, 0xAB, 0xAA, 0xBA, 0xAA, 0xA9, 0xAA, 0x98, 0x98, 0x90, 0x80, 0x00, 0x00, 0x00,
0x10, 0x10, 0x11, 0x00, 0x00, 0x10, 0x00, 0x00, 0x88, 0x08, 0x88, 0x88, 0x80, 0x88, 0x00, 0x80,
0x01, 0x01, 0x11, 0x11, 0x12, 0x12, 0x12, 0x11, 0x11, 0x10, 0x10, 0x11, 0x00, 0x00, 0x08, 0x08,
0x80, 0x98, 0x89, 0x98, 0x99, 0x99, 0x99, 0x99, 0xAA, 0xAA, 0xAA, 0x9A, 0x99, 0xA9, 0x99, 0x90,
0x90, 0x00, 0x00, 0x00, 0x10, 0x11, 0x11, 0x10, 0x10, 0x00, 0x00, 0x00, 0x80, 0x88, 0x88, 0x98,
0x99, 0x88, 0x88, 0x88, 0x08, 0x00, 0x01, 0x11, 0x12, 0x22, 0x32, 0x23, 0x22, 0x22, 0x21, 0x21,
0x10, 0x11, 0x11, 0x00, 0x08, 0x08, 0x98, 0x89, 0x99, 0x89, 0x99, 0x9A, 0xAB, 0xAB, 0xAB, 0xBB,
0xBB, 0xAB, 0xAA, 0xAA, 0x99, 0x98, 0x80, 0x00, 0x80, 0x11, 0x11, 0x11, 0x12, 0x01, 0x10, 0x00,
0x00, 0x00, 0x08, 0x89, 0x88, 0x99, 0x89, 0x98, 0x80, 0x80, 0x80, 0x01, 0x21, 0x22, 0x33, 0x24,
0x24, 0x23, 0x33, 0x32, 0x22, 0x22, 0x12, 0x11, 0x10, 0x00, 0x80, 0x98, 0x89, 0xA9, 0xA9, 0xAA,
0xAA, 0xAB, 0xBB, 0xCB, 0xCB, 0xCA, 0xBC, 0xAA, 0xBB, 0xAA, 0xA9, 0x98, 0x80, 0x00, 0x01, 0x21,
0x22, 0x12, 0x21, 0x12, 0x01, 0x00, 0x10, 0x10, 0x88, 0x89, 0x89, 0x99, 0x89, 0x08, 0x80, 0x80,
0x01, 0x22, 0x23, 0x33, 0x34, 0x43, 0x33, 0x43, 0x34, 0x23, 0x22, 0x32, 0x12, 0x11, 0x00, 0x08,
0x88, 0x99, 0xA9, 0xBA, 0xBA, 0xBB, 0xBC, 0xBC, 0xBD, 0xAB, 0xCA, 0xCA, 0xAB, 0xAB, 0xBC, 0xAA,
0x9A, 0x88, 0x00, 0x02, 0x13, 0x23, 0x32, 0x22, 0x32, 0x11, 0x11, 0x11, 0x11, 0x10, 0x89, 0x88,
0x98, 0x99, 0x89, 0x08, 0x00, 0x01, 0x12, 0x34, 0x34, 0x34, 0x34, 0x34, 0x33, 0x43, 0x33, 0x23,
0x32, 0x22, 0x22, 0x10, 0x00, 0x09, 0x9A, 0xAA, 0xBB, 0xCB, 0xDA, 0xBB, 0xCB, 0xCB, 0xCC, 0xBB,
0xCB, 0xBB, 0xBC, 0xAB, 0xBB, 0xAB, 0x98, 0x80, 0x00, 0x12, 0x23, 0x43, 0x43, 0x33, 0x33, 0x22,
0x21, 0x22, 0x21, 0x10, 0x00, 0x09, 0x88, 0x90, 0x90, 0x00, 0x01, 0x13, 0x33, 0x53, 0x34, 0x35,
0x23, 0x43, 0x33, 0x34, 0x23, 0x22, 0x32, 0x21, 0x20, 0x08, 0x89, 0xAA, 0xAB, 0xCC, 0xBB, 0xDB,
0xBC, 0xBC, 0xBC, 0xBC, 0xBC, 0xBB, 0xCB, 0xBC, 0xAB, 0xAB, 0xAB, 0xAA, 0x88, 0x01, 0x13, 0x24,
0x35, 0x33, 0x43, 0x33, 0x42, 0x23, 0x23, 0x33, 0x32, 0x11, 0x00, 0x08, 0x08, 0x00, 0x01, 0x11,
0x12, 0x34, 0x44, 0x34, 0x34, 0x43, 0x34, 0x34, 0x23, 0x23, 0x22, 0x22, 0x21, 0x21, 0x08, 0x9B,
0xBC, 0xCC, 0xBC, 0xCB, 0xCB, 0xCB, 0xBC, 0xBC, 0xBC, 0xBC, 0xBC, 0xBB, 0xBB, 0xCA, 0xBA, 0xBA,
0xAA, 0x80, 0x02, 0x34, 0x44, 0x35, 0x34, 0x24, 0x23, 0x33, 0x42, 0x32, 0x34, 0x23, 0x22, 0x21,
0x11, 0x10, 0x00, 0x01, 0x21, 0x12, 0x22, 0x45, 0x34, 0x34, 0x34, 0x34, 0x33, 0x34, 0x23, 0x12,
0x01, 0x00, 0x88, 0x9B, 0xBE, 0xBD, 0xAC, 0xCA, 0xCB, 0xBC, 0xBC, 0xAC, 0xAB, 0xBC, 0xBC, 0xBB,
0xBC, 0xBB, 0xCA, 0xAA, 0x9A, 0x89, 0x00, 0x14, 0x35, 0x35, 0x24, 0x34, 0x33, 0x43, 0x33, 0x43,
0x23, 0x34, 0x23, 0x22, 0x22, 0x10, 0x10, 0x88, 0x99, 0x89, 0x89, 0x99, 0x01, 0x34, 0x42, 0x42,
0x35, 0x33, 0x33, 0x32, 0x21, 0x98, 0xCB, 0xDB, 0xCB, 0xDB, 0xCC, 0xBC, 0xBB, 0xDA, 0xBC, 0xBB,
0xCB, 0xBB, 0xBC, 0xBC, 0xBB, 0xBC, 0xBA, 0xBA, 0xAA, 0x98, 0x00, 0x42, 0x63, 0x53, 0x43, 0x43,
0x44, 0x33, 0x34, 0x33, 0x33, 0x34, 0x22, 0x32, 0x22, 0x11, 0x08, 0x8B, 0xBD, 0xBB, 0xDA, 0xAB,
0xCA, 0xBB, 0xAA, 0x99, 0x99, 0x90, 0x12, 0x21, 0x10, 0x00, 0x99, 0xCB, 0xEB, 0xBD, 0xAB, 0xBD,
0xBC, 0xBC, 0xBC, 0xBB, 0xCB, 0xBC, 0xAB, 0xBB, 0xCA, 0xBC, 0xAB, 0xAB, 0xBA, 0xA8, 0x02, 0x35,
0x44, 0x52, 0x53, 0x43, 0x34, 0x43, 0x33, 0x52, 0x23, 0x23, 0x23, 0x12, 0x12, 0x01, 0x09, 0xAC,
0xBE, 0xAC, 0xBC, 0xBB, 0xCB, 0xBB, 0xBC, 0xAB, 0x9A, 0x98, 0x88, 0x01, 0x23, 0x34, 0x34, 0x32,
0x22, 0x11, 0x00, 0x80, 0xAB, 0xCE, 0xBC, 0xBD, 0xAB, 0xCB, 0xBB, 0xDA, 0xBA, 0xBB, 0xBC, 0xBC,
0xAB, 0xBB, 0xBA, 0x90, 0x12, 0x63, 0x53, 0x63, 0x43, 0x52, 0x33, 0x43, 0x34, 0x33, 0x33, 0x32,
0x22, 0x10, 0x08, 0xAA, 0xDC, 0xBC, 0xCC, 0xAC, 0xBC, 0xAB, 0xBB, 0xBC, 0xAA, 0x99, 0x80, 0x00,
0x13, 0x36, 0x33, 0x43, 0x42, 0x33, 0x23, 0x12, 0x10, 0x10, 0x8A, 0xCD, 0xBD, 0xAC, 0xBC, 0xBB,
0xDA, 0xBB, 0xAB, 0xBB, 0xCB, 0xCA, 0xAB, 0xB9, 0xA0, 0x03, 0x54, 0x34, 0x53, 0x53, 0x43, 0x34,
0x34, 0x24, 0x23, 0x22, 0x22, 0x21, 0x80, 0xA9, 0xBC, 0xCB, 0xDC, 0xBB, 0xDA, 0xBC, 0xAB, 0xBB,
0xAB, 0xAB, 0x9A, 0x00, 0x13, 0x44, 0x36, 0x23, 0x43, 0x34, 0x23, 0x33, 0x23, 0x12, 0x11, 0x18,
0x9B, 0xBF, 0xAB, 0xCC, 0xBC, 0xCB, 0xBB, 0xCB, 0xBB, 0xBC, 0xBB, 0xCA, 0xAB, 0xAA, 0xA0, 0x02,
0x43, 0x63, 0x53, 0x53, 0x34, 0x34, 0x24, 0x23, 0x33, 0x32, 0x32, 0x11, 0x00, 0xAA, 0xBD, 0xBD,
0xBC, 0xBD, 0xAB, 0xCB, 0xAB, 0xCA, 0xAA, 0xA9, 0xA9, 0x01, 0x13, 0x35, 0x34, 0x35, 0x23, 0x33,
0x34, 0x23, 0x22, 0x12, 0x10, 0x08, 0xAB, 0xBE, 0xBD, 0xBB, 0xCC, 0xBB, 0xBC, 0xBC, 0xAA, 0xBB,
0xCB, 0xAB, 0xC9, 0xB8, 0x91, 0x13, 0x36, 0x34, 0x53, 0x52, 0x34, 0x24, 0x23, 0x33, 0x33, 0x33,
0x32, 0x11, 0x88, 0xBB, 0xDB, 0xDB, 0xCC, 0xCA, 0xCA, 0xCA, 0xAB, 0xAB, 0xAA, 0xAA, 0x09, 0x11,
0x33, 0x54, 0x34, 0x34, 0x33, 0x43, 0x32, 0x32, 0x22, 0x11, 0x11, 0x0A, 0xAD, 0xBE, 0xAB, 0xCB,
0xCB, 0xCB, 0xCA, 0xBB, 0xAC, 0xAB, 0xBB, 0xBB, 0xC9, 0xA8, 0x01, 0x34, 0x44, 0x53, 0x44, 0x43,
0x34, 0x34, 0x24, 0x22, 0x32, 0x22, 0x11, 0x00, 0x99, 0xBA, 0xDB, 0xDB, 0xBD, 0xBB, 0xCB, 0xBC,
0xAB, 0xAA, 0xAB, 0x99, 0x80, 0x13, 0x35, 0x35, 0x34, 0x33, 0x34, 0x32, 0x33, 0x23, 0x12, 0x11,
0x10, 0xAB, 0xDC, 0xBD, 0xBB, 0xCB, 0xCC, 0xAC, 0xAB, 0xAB, 0xBB, 0xBC, 0xBA, 0xBB, 0xB9, 0xA0,
0x23, 0x54, 0x43, 0x63, 0x43, 0x44, 0x33, 0x34, 0x33, 0x42, 0x32, 0x21, 0x11, 0x88, 0x9A, 0xBC,
0xDB, 0xCC, 0xBC, 0xBC, 0xBC, 0xAB, 0xAA, 0xBA, 0xAA, 0x89, 0x01, 0x23, 0x53, 0x44, 0x43, 0x34,
0x32, 0x34, 0x22, 0x11, 0x11, 0x10, 0x09, 0x9C, 0xBD, 0xAD, 0xAB, 0xCB, 0xCB, 0xBB, 0xBC, 0xBB,
0xBC, 0xBB, 0xBB, 0xBB, 0xB8, 0x91, 0x35, 0x43, 0x63, 0x44, 0x35, 0x23, 0x34, 0x33, 0x33, 0x42,
0x32, 0x21, 0x00, 0x89, 0xAB, 0xCC, 0xCC, 0xCB, 0xCB, 0xBC, 0xBC, 0xBA, 0xBA, 0xAA, 0xAA, 0x08,
0x12, 0x34, 0x44, 0x43, 0x44, 0x23, 0x33, 0x42, 0x21, 0x11, 0x11, 0x00, 0x9A, 0xBD, 0xBD, 0xBB,
0xCC, 0xBC, 0xBB, 0xCA, 0xBB, 0xBB, 0xCB, 0xBB, 0xBB, 0xBA, 0xA0, 0x04, 0x35, 0x43, 0x54, 0x35,
0x33, 0x34, 0x34, 0x33, 0x33, 0x42, 0x21, 0x11, 0x80, 0xA9, 0xAB, 0xDB, 0xDB, 0xCB, 0xCB, 0xCB,
0xBC, 0xAA, 0xBA, 0xA9, 0x9A, 0x10, 0x23, 0x44, 0x35, 0x33, 0x43, 0x43, 0x32, 0x32, 0x22, 0x11,
0x10, 0x09, 0xAD, 0xBD, 0xBC, 0xBC, 0xBC, 0xBC, 0xBB, 0xBB, 0xCA, 0xBC, 0xAB, 0xBA, 0xBA, 0xB8,
0x91, 0x25, 0x35, 0x43, 0x53, 0x43, 0x43, 0x43, 0x33, 0x43, 0x33, 0x32, 0x22, 0x11, 0x89, 0xAB,
0xDB, 0xDB, 0xCC, 0xBB, 0xCB, 0xCB, 0xBB, 0xBB, 0xBB, 0xAA, 0x98, 0x12, 0x43, 0x53, 0x44, 0x34,
0x33, 0x34, 0x32, 0x22, 0x12, 0x11, 0x01, 0x9B, 0xBF, 0xAC, 0xBB, 0xCC, 0xBB, 0xDA, 0xBA, 0xBB,
0xBB, 0xCB, 0xAB, 0xBC, 0xA9, 0xA0, 0x03, 0x44, 0x43, 0x63, 0x43, 0x44, 0x24, 0x23, 0x34, 0x32,
0x33, 0x22, 0x20, 0x00, 0xA9, 0xBC, 0xCC, 0xCB, 0xDB, 0xBC, 0xBB, 0xCB, 0xBA, 0xBA, 0xAA, 0xA9,
0x80, 0x13, 0x44, 0x53, 0x34, 0x34, 0x33, 0x33, 0x42, 0x22, 0x11, 0x00, 0x09, 0xAC, 0xCB, 0xCD,
0xAB, 0xCB, 0xBC, 0xCA, 0xBB, 0xAB, 0xCA, 0xBB, 0xBB, 0xBA, 0xB8, 0x91, 0x26, 0x34, 0x44, 0x44,
0x34, 0x43, 0x33, 0x43, 0x43, 0x23, 0x22, 0x22, 0x10, 0x88, 0xBA, 0xDA, 0xDA, 0xCB, 0xCB, 0xBC,
0xCA, 0xBB, 0xBA, 0xBB, 0xAA, 0x89, 0x11, 0x34, 0x44, 0x43, 0x52, 0x33, 0x34, 0x22, 0x32, 0x12,
0x01, 0x00, 0x99, 0xCC, 0xBD, 0xBC, 0xBB, 0xCC, 0xBB, 0xCB, 0xBB, 0xBB, 0xBC, 0xBC, 0xAA, 0x9A,
0x98, 0x82, 0x36, 0x34, 0x44, 0x43, 0x44, 0x24, 0x23, 0x34, 0x32, 0x33, 0x22, 0x21, 0x00, 0x99,
0xBC, 0xCB, 0xEB, 0xBC, 0xCB, 0xBC, 0xBB, 0xBB, 0xBB, 0xBB, 0xAA, 0x80, 0x22, 0x53, 0x45, 0x33,
0x43, 0x42, 0x32, 0x33, 0x22, 0x22, 0x01, 0x08, 0xBC, 0xCC, 0xBD, 0xBC, 0xBB, 0xCC, 0xBB, 0xBB,
0xBB, 0xCB, 0xBB, 0xBC, 0xAA, 0xAA, 0x91, 0x24, 0x45, 0x33, 0x53, 0x53, 0x34, 0x34, 0x33, 0x42,
0x33, 0x32, 0x31, 0x20, 0x09, 0x9A, 0xCB, 0xDB, 0xDB, 0xCB, 0xCB, 0xCB, 0xBA, 0xCA, 0x9A, 0xAA,
0x89, 0x00, 0x23, 0x44, 0x43, 0x44, 0x33, 0x34, 0x32, 0x32, 0x21, 0x12, 0x00, 0x98, 0xBD, 0xBD,
0xBB, 0xDB, 0xBB, 0xDA, 0xBB, 0xBB, 0xCA, 0xBB, 0xBB, 0xBB, 0xC9, 0xA8, 0x02, 0x26, 0x34, 0x35,
0x43, 0x43, 0x43, 0x43, 0x34, 0x33, 0x32, 0x32, 0x21, 0x10, 0x89, 0xBB, 0xDB, 0xDB, 0xDB, 0xBC,
0xBB, 0xCB, 0xBB, 0xC9, 0xAA, 0xA9, 0x88, 0x11, 0x34, 0x44, 0x34, 0x43, 0x33, 0x42, 0x33, 0x23,
0x12, 0x10, 0x00, 0x9A, 0xDB, 0xCD, 0xAB, 0xCB, 0xCB, 0xBC, 0xBB, 0xCA, 0xAB, 0xBB, 0xBC, 0xAB,
0xA9, 0x90, 0x03, 0x45, 0x35, 0x34, 0x43, 0x52, 0x33, 0x43, 0x34, 0x23, 0x32, 0x31, 0x20, 0x00,
0x9A, 0xBC, 0xCC, 0xCC, 0xBC, 0xBC, 0xBC, 0xBA, 0xBB, 0xBA, 0xAB, 0x99, 0x08, 0x33, 0x53, 0x53,
0x34, 0x43, 0x33, 0x43, 0x22, 0x31, 0x12, 0x00, 0x09, 0xBB, 0xEB, 0xCB, 0xCC, 0xBC, 0xBC, 0xBB,
0xBB, 0xCA, 0xBB, 0xBB, 0xBB, 0xBB, 0xBA, 0x91, 0x26, 0x43, 0x54, 0x34, 0x43, 0x43, 0x43, 0x34,
0x33, 0x33, 0x32, 0x31, 0x20, 0x89, 0xBB, 0xDB, 0xDA, 0xDA, 0xBC, 0xBC, 0xBA, 0xCA, 0xAA, 0xAB,
0x9A, 0x98, 0x11, 0x34, 0x43, 0x53, 0x43, 0x33, 0x43, 0x23, 0x32, 0x31, 0x21, 0x01, 0xAA, 0xCD,
0xBC, 0xBD, 0xBB, 0xCB, 0xBC, 0xBC, 0xAB, 0xAB, 0xBB, 0xCB, 0xAA, 0xAA, 0xA8, 0x02, 0x45, 0x35,
0x34, 0x35, 0x34, 0x33, 0x34, 0x42, 0x33, 0x32, 0x32, 0x21, 0x00, 0x99, 0xBC, 0xCC, 0xCB, 0xDB,
0xBC, 0xBB, 0xCB, 0xBB, 0xBB, 0xAB, 0xA9, 0x80, 0x22, 0x62, 0x43, 0x44, 0x33, 0x43, 0x32, 0x33,
0x22, 0x22, 0x10, 0x00, 0xBB, 0xFB, 0xBD, 0xBB, 0xCB, 0xCB, 0xCB, 0xBB, 0xBC, 0xAB, 0xBC, 0xAB,
0xAA, 0xA9, 0x91, 0x14, 0x44, 0x35, 0x35, 0x34, 0x34, 0x33, 0x43, 0x34, 0x23, 0x32, 0x21, 0x20,
0x09, 0x9A, 0xCB, 0xCC, 0xDB, 0xBC, 0xCA, 0xCA, 0xBB, 0xBA, 0xBA, 0xAA, 0x99, 0x10, 0x42, 0x44,
0x43, 0x43, 0x43, 0x42, 0x32, 0x22, 0x21, 0x11, 0x00, 0x99, 0xBC, 0xCC, 0xCC, 0xBC, 0xBC, 0xBB,
0xCA, 0xBB, 0xBB, 0xCB, 0xBB, 0xBB, 0xBB, 0xA8, 0x93, 0x27, 0x34, 0x44, 0x43, 0x44, 0x33, 0x43,
0x34, 0x33, 0x33, 0x32, 0x31, 0x28, 0x0A, 0xAC, 0xCB, 0xEA, 0xCB, 0xCB, 0xBC, 0xBB, 0xCB, 0xAA,
0xBA, 0xA9, 0x80, 0x11, 0x43, 0x44, 0x43, 0x52, 0x33, 0x33, 0x33, 0x32, 0x12, 0x10, 0x08, 0xBA,
0xEB, 0xDB, 0xBD, 0xAB, 0xCB, 0xBC, 0xBB, 0xBB, 0xBB, 0xCB, 0xBC, 0xA9, 0xA9, 0x90, 0x04, 0x25,
0x35, 0x33, 0x63, 0x34, 0x33, 0x43, 0x34, 0x33, 0x23, 0x32, 0x20, 0x08, 0x9A, 0xBC, 0xCC, 0xCC,
0xBC, 0xCB, 0xBB, 0xCB, 0xBB, 0xBA, 0xBA, 0xA9, 0x00, 0x23, 0x62, 0x43, 0x53, 0x24, 0x23, 0x33,
0x23, 0x22, 0x11, 0x10, 0x99, 0xCB, 0xDB, 0xDB, 0xBC, 0xBC, 0xBC, 0xBB, 0xCA, 0xBA, 0xBA, 0xCB,
0xAB, 0xAA, 0x99, 0x01, 0x26, 0x34, 0x43, 0x53, 0x52, 0x42, 0x33, 0x34, 0x33, 0x42, 0x22, 0x22,
0x10, 0x89, 0x9B, 0xBD, 0xBD, 0xBC, 0xBC, 0xBC, 0xBB, 0xCA, 0xBA, 0xAA, 0xB9, 0x98, 0x10, 0x33,
0x63, 0x43, 0x44, 0x23, 0x34, 0x22, 0x31, 0x21, 0x10, 0x00, 0x99, 0xDA, 0xCC, 0xBC, 0xBC, 0xBC,
0xBB, 0xBC, 0xBB, 0xBB, 0xCA, 0xBA, 0xAB, 0xAA, 0xA0, 0x03, 0x47, 0x24, 0x34, 0x44, 0x34, 0x34,
0x23, 0x43, 0x33, 0x33, 0x23, 0x21, 0x19, 0x8A, 0xCB, 0xDB, 0xCB, 0xDB, 0xCB, 0xBC, 0xBB, 0xBB,
0xCA, 0xAA, 0x99, 0x80, 0x12, 0x34, 0x53, 0x35, 0x33, 0x42, 0x33, 0x32, 0x31, 0x21, 0x10, 0x08,
0xBB, 0xEB, 0xCC, 0xBC, 0xBC, 0xBC, 0xBB, 0xCA, 0xBB, 0xBB, 0xCB, 0xAB, 0xAA, 0xA9, 0x91, 0x15,
0x35, 0x35, 0x24, 0x43, 0x43, 0x43, 0x33, 0x43, 0x34, 0x22, 0x21, 0x20, 0x89, 0x9A, 0xBC, 0xCB,
0xEA, 0xCB, 0xBC, 0xBB, 0xCA, 0xBB, 0xAB, 0xA9, 0xA8, 0x00, 0x24, 0x43, 0x53, 0x34, 0x43, 0x23,
0x42, 0x22, 0x12, 0x10, 0x10, 0x98, 0xBC, 0xDB, 0xCB, 0xDA, 0xBB, 0xBD, 0xAB, 0xAB, 0xAB, 0xBB,
0xBC, 0xAB, 0xAA, 0x99, 0x82, 0x27, 0x25, 0x24, 0x34, 0x43, 0x43, 0x43, 0x33, 0x43, 0x33, 0x23,
0x21, 0x10, 0x8A, 0xAB, 0xDB, 0xDB, 0xCC, 0xBB, 0xDA, 0xBB, 0xBB, 0xBA, 0xBB, 0xAA, 0x90, 0x11,
0x44, 0x43, 0x44, 0x34, 0x33, 0x42, 0x32, 0x31, 0x21, 0x10, 0x08, 0xAA, 0xEB, 0xCB, 0xCB, 0xCB,
0xCB, 0xCB, 0xBB, 0xCA, 0xAB, 0xBB, 0xBB, 0xBB, 0xAA, 0x80, 0x16, 0x34, 0x44, 0x44, 0x34, 0x43,
0x42, 0x42, 0x33, 0x33, 0x42, 0x22, 0x20, 0x08, 0x9A, 0xBC, 0xCB, 0xDB, 0xCC, 0xBB, 0xCB, 0xCA,
0xBA, 0xBA, 0xAA, 0xA9, 0x00, 0x13, 0x43, 0x63, 0x34, 0x43, 0x33, 0x33, 0x33, 0x32, 0x21, 0x00,
0x0A, 0xCB, 0xEB, 0xCC, 0xBB, 0xCB, 0xCB, 0xCB, 0xAB, 0xCA, 0xAA, 0xBB, 0xBA, 0xBA, 0x99, 0x01,
0x37, 0x34, 0x44, 0x35, 0x33, 0x44, 0x34, 0x33, 0x34, 0x22, 0x22, 0x11, 0x00, 0x8A, 0xBB, 0xDB,
0xCB, 0xDB, 0xBC, 0xBB, 0xCB, 0xBB, 0xBB, 0xBB, 0xB9, 0xA0, 0x01, 0x43, 0x53, 0x44, 0x33, 0x43,
0x42, 0x23, 0x22, 0x21, 0x10, 0x10, 0x99, 0xCB, 0xEB, 0xBC, 0xCB, 0xBC, 0xCA, 0xCA, 0xAA, 0xBA,
0xCB, 0xBB, 0xBC, 0x9A, 0x99, 0x02, 0x26, 0x34, 0x35, 0x34, 0x45, 0x43, 0x23, 0x23, 0x22, 0x22,
0x10, 0x08, 0x8A, 0xBB, 0xDB, 0xCB, 0xDB, 0xBC, 0xBC, 0xAB, 0xBC, 0xAA, 0xAA, 0x99, 0x90, 0x01,
0x33, 0x53, 0x44, 0x34, 0x23, 0x34, 0x22, 0x22, 0x21, 0x11, 0x08, 0x8A, 0xCB, 0xEB, 0xBD, 0xAB,
0xBC, 0xBC, 0xBB, 0xC8,
/* 5: Blow  2577B  op=60  loop=1171->5149 */
0x90, 0x12, 0x31, 0xE0, 0x19, 0x83, 0x00, 0x42, 0x0D, 0xBB, 0x00, 0xA1, 0x69, 0x88, 0x99, 0x92,
0x60, 0x02, 0x89, 0x8A, 0xD1, 0x0B, 0x13, 0x90, 0x29, 0x93, 0x43, 0x10, 0x08, 0xDF, 0x82, 0xAA,
0x9B, 0xBD, 0x99, 0x42, 0x07, 0x29, 0x9A, 0x91, 0x69, 0x92, 0x00, 0x29, 0xEA, 0x95, 0x22, 0x20,
0x92, 0x0B, 0xCA, 0x27, 0x58, 0x9A, 0x81, 0x8A, 0xB3, 0x42, 0x00, 0xAF, 0xE1, 0x22, 0x8B, 0x30,
0xD9, 0x88, 0x12, 0xA0, 0x39, 0xBF, 0x03, 0xD0, 0x40, 0x90, 0xAA, 0x21, 0x90, 0x15, 0x8C, 0x40,
0xD8, 0x00, 0x10, 0x21, 0x98, 0x0B, 0x90, 0x01, 0x26, 0x2B, 0x99, 0xDA, 0x82, 0x41, 0x11, 0x8A,
0xEA, 0x90, 0x11, 0x33, 0x8B, 0xD9, 0x99, 0x81, 0x33, 0x2C, 0x16, 0xBD, 0xA3, 0x4A, 0x04, 0x18,
0xB8, 0x00, 0xAE, 0x34, 0x3B, 0xD1, 0x10, 0xC9, 0x21, 0x10, 0x11, 0xBB, 0x90, 0x36, 0x8F, 0x21,
0x8A, 0xB8, 0x9A, 0x52, 0x08, 0xA0, 0x11, 0xDA, 0x83, 0x32, 0x00, 0xFC, 0x01, 0x19, 0x80, 0x35,
0x09, 0xAA, 0x90, 0x73, 0x98, 0x19, 0x98, 0xBA, 0x06, 0x48, 0x98, 0x90, 0x09, 0xC0, 0x15, 0x10,
0x9B, 0xD1, 0x00, 0xBA, 0x33, 0x4A, 0xCC, 0x90, 0x11, 0x39, 0x03, 0x41, 0xFA, 0x94, 0x19, 0x08,
0x00, 0x80, 0x09, 0xBA, 0x76, 0x09, 0x80, 0x80, 0x18, 0xA8, 0x05, 0x08, 0xC9, 0x01, 0x00, 0xAA,
0x94, 0x71, 0x9F, 0x81, 0x08, 0xA0, 0x18, 0x01, 0x99, 0xAA, 0x07, 0x1A, 0xA1, 0x79, 0x98, 0x00,
0x10, 0x81, 0x1B, 0x15, 0x8A, 0xD1, 0x34, 0x0A, 0xB0, 0x49, 0xB0, 0x81, 0x24, 0x3C, 0xC9, 0x80,
0x29, 0xF0, 0x31, 0x8A, 0xBA, 0x91, 0x20, 0x12, 0xF0, 0x4A, 0xBB, 0x02, 0x50, 0x98, 0x02, 0x0A,
0x99, 0xB5, 0x44, 0x09, 0xA8, 0x58, 0xAA, 0x26, 0x00, 0x08, 0x8A, 0x80, 0x08, 0xC2, 0x52, 0xAD,
0x80, 0x09, 0x90, 0x11, 0x98, 0x8F, 0xB9, 0x13, 0x88, 0x02, 0x19, 0xDC, 0x80, 0x33, 0x18, 0x9A,
0x02, 0x3E, 0xB3, 0x54, 0x11, 0x98, 0x90, 0x02, 0x11, 0x27, 0x30, 0xAD, 0x88, 0x1A, 0xA4, 0x10,
0x18, 0xEB, 0xA9, 0x14, 0x00, 0xC0, 0x1D, 0xAB, 0x90, 0x22, 0x00, 0x9A, 0xB9, 0x3A, 0xD2, 0x55,
0x08, 0xA0, 0x01, 0x8B, 0x63, 0x31, 0x01, 0x8C, 0x00, 0x21, 0x16, 0x23, 0xAD, 0xC0, 0x20, 0x89,
0x00, 0x28, 0xAF, 0xC9, 0x80, 0x38, 0xA9, 0x91, 0xBE, 0xC8, 0x13, 0x2A, 0x09, 0x8A, 0xA8, 0x9A,
0x75, 0x20, 0xB0, 0x12, 0x8A, 0x07, 0x40, 0x10, 0xA9, 0x92, 0x50, 0x88, 0x23, 0x0B, 0xE8, 0x80,
0x08, 0x00, 0x0A, 0x9C, 0xEA, 0x90, 0x00, 0x0C, 0x00, 0xDA, 0xA8, 0x00, 0x33, 0x89, 0x9D, 0xA2,
0x89, 0x35, 0x42, 0x10, 0x99, 0x24, 0x52, 0x22, 0x22, 0x18, 0xD0, 0x01, 0x22, 0x00, 0x01, 0x9D,
0x98, 0xC0, 0x48, 0xBD, 0xBC, 0xAA, 0xBB, 0x92, 0x9B, 0x1B, 0xFD, 0x91, 0x88, 0x00, 0x00, 0x1D,
0x80, 0x91, 0x54, 0x29, 0x03, 0x22, 0x01, 0x17, 0x22, 0x21, 0x88, 0x04, 0x08, 0x90, 0x43, 0x39,
0xCC, 0x08, 0xAA, 0xA9, 0xBB, 0xCE, 0xF9, 0xA0, 0x89, 0x99, 0x09, 0x9D, 0x99, 0x90, 0x20, 0x89,
0x90, 0x00, 0x00, 0x37, 0x71, 0x12, 0x01, 0x22, 0x21, 0x52, 0x23, 0x2B, 0x82, 0x33, 0x13, 0x30,
0x00, 0xFC, 0xB0, 0x01, 0x8D, 0xBC, 0xAB, 0xCD, 0xA9, 0x89, 0x8B, 0xCA, 0xA9, 0xAA, 0x80, 0x10,
0x0B, 0xBA, 0x33, 0x43, 0x53, 0x75, 0x01, 0x13, 0x24, 0x23, 0x24, 0x31, 0x02, 0x00, 0x34, 0x30,
0x12, 0x09, 0xEA, 0xB0, 0x88, 0xAC, 0xFA, 0xA9, 0xBF, 0x9A, 0x88, 0x9C, 0xAB, 0x98, 0x9A, 0xA9,
0x04, 0x99, 0xA8, 0x14, 0x1A, 0x54, 0x21, 0x06, 0x31, 0x24, 0x42, 0x12, 0x24, 0x00, 0x03, 0x50,
0x00, 0x01, 0x88, 0x00, 0x8D, 0x80, 0x9B, 0xF9, 0x9B, 0xBA, 0xAB, 0xEA, 0xBA, 0xAB, 0xD9, 0x8A,
0x98, 0x9A, 0x90, 0x08, 0x80, 0x12, 0x73, 0x00, 0x37, 0x22, 0x24, 0x42, 0x22, 0x33, 0x13, 0x61,
0x11, 0x02, 0x11, 0x88, 0x02, 0x09, 0x9A, 0xDD, 0xAA, 0xBE, 0x98, 0x9B, 0xDB, 0xBA, 0xBC, 0xB8,
0x9B, 0x9A, 0xBC, 0xC0, 0x00, 0x89, 0x33, 0x11, 0x13, 0x55, 0x24, 0x42, 0x33, 0x53, 0x12, 0x34,
0x33, 0x22, 0x32, 0x21, 0x02, 0x22, 0x10, 0xBE, 0xBC, 0xA9, 0x9B, 0xEA, 0xBE, 0xBC, 0xAB, 0xCA,
0x9B, 0xAB, 0xBB, 0xBD, 0xA8, 0x08, 0x00, 0x08, 0x98, 0x25, 0x23, 0x53, 0x35, 0x22, 0x35, 0x42,
0x24, 0x21, 0x22, 0x21, 0x12, 0x33, 0x21, 0xA1, 0x19, 0xDC, 0x98, 0x0B, 0xDB, 0xCC, 0xCB, 0xAC,
0xBB, 0xAA, 0xDB, 0xCA, 0x99, 0xAA, 0x88, 0x99, 0x89, 0x08, 0x33, 0x37, 0x41, 0x24, 0x34, 0x24,
0x43, 0x23, 0x43, 0x32, 0x14, 0x21, 0x22, 0x23, 0x20, 0x88, 0xAB, 0xBB, 0xCF, 0xBA, 0x9A, 0xDC,
0xBD, 0xBB, 0xAB, 0xCB, 0xAB, 0xBB, 0xCB, 0xB8, 0x88, 0x88, 0x00, 0x01, 0x83, 0x52, 0x74, 0x32,
0x23, 0x44, 0x34, 0x24, 0x42, 0x12, 0x21, 0x12, 0x22, 0x22, 0x21, 0x8A, 0xDA, 0xBA, 0x9A, 0xAA,
0x9F, 0xFB, 0xAB, 0xD9, 0x9A, 0xAA, 0xBB, 0xAC, 0xC8, 0x89, 0x88, 0x18, 0xC0, 0x01, 0x13, 0x37,
0x41, 0x10, 0x23, 0x36, 0x34, 0x32, 0x23, 0x22, 0x02, 0x44, 0x20, 0x11, 0x1A, 0xB8, 0x98, 0xAA,
0xAC, 0xDD, 0xBA, 0xCC, 0xC9, 0x9A, 0xCC, 0xAB, 0xAA, 0xBA, 0x99, 0x89, 0x0B, 0xBA, 0x25, 0x01,
0x23, 0x34, 0x23, 0x75, 0x23, 0x34, 0x32, 0x34, 0x32, 0x13, 0x42, 0x12, 0x21, 0x28, 0x01, 0x88,
0xBC, 0xBC, 0xCB, 0xCC, 0xD9, 0xAB, 0xEB, 0xAA, 0xCA, 0xAB, 0xAB, 0xAA, 0xAC, 0xB8, 0x81, 0x98,
0x11, 0x24, 0x18, 0x63, 0x27, 0x33, 0x21, 0x62, 0x22, 0x23, 0x35, 0x11, 0x11, 0x01, 0x23, 0x08,
0x11, 0x1B, 0xDC, 0x89, 0xAB, 0xC9, 0xCE, 0xAA, 0xBC, 0xC9, 0xA9, 0xBB, 0xCA, 0x9B, 0xAA, 0x09,
0x80, 0x18, 0x99, 0x23, 0x27, 0x44, 0x32, 0x34, 0x53, 0x23, 0x44, 0x23, 0x32, 0x12, 0x23, 0x22,
0x12, 0x32, 0x0B, 0xCB, 0xAC, 0xBC, 0xCB, 0xCC, 0xDB, 0xDA, 0xAA, 0xBB, 0xCA, 0xBA, 0xBD, 0x99,
0x98, 0x89, 0x88, 0x10, 0x08, 0x85, 0x35, 0x12, 0x25, 0x42, 0x22, 0x44, 0x33, 0x31, 0x23, 0x33,
0x31, 0x03, 0x52, 0x09, 0x89, 0x88, 0xBE, 0xBA, 0x8A, 0xDD, 0xCB, 0xAA, 0xBC, 0xCA, 0xA9, 0xBB,
0xCA, 0x98, 0x99, 0x98, 0x80, 0x2B, 0xA2, 0x63, 0x34, 0x26, 0x24, 0x12, 0x52, 0x23, 0x42, 0x12,
0x33, 0x12, 0x12, 0x44, 0x80, 0x18, 0x99, 0x9A, 0xEA, 0xA0, 0x8B, 0xFD, 0x9A, 0x9B, 0xBB, 0xBB,
0xAC, 0xBC, 0xBA, 0x80, 0xAA, 0x90, 0x18, 0x89, 0x13, 0x74, 0x30, 0x24, 0x52, 0x33, 0x44, 0x34,
0x21, 0x22, 0x33, 0x31, 0x23, 0x50, 0x08, 0x98, 0x00, 0x9D, 0xAB, 0xBB, 0xDB, 0xEA, 0xB9, 0xBD,
0xBA, 0xBA, 0xCA, 0xBA, 0x9A, 0xAA, 0xAB, 0x81, 0x10, 0x93, 0x62, 0x12, 0x44, 0x45, 0x32, 0x36,
0x22, 0x12, 0x33, 0x42, 0x21, 0x31, 0x04, 0x18, 0x00, 0x38, 0xAA, 0xCC, 0xAA, 0xCC, 0xCC, 0xAB,
0xCC, 0xDA, 0x9A, 0xAA, 0xAB, 0x9A, 0xAB, 0xBB, 0x80, 0x10, 0x88, 0x16, 0x12, 0x03, 0x67, 0x21,
0x12, 0x42, 0x23, 0x32, 0x44, 0x32, 0x20, 0x02, 0x32, 0x81, 0x31, 0x8A, 0xCC, 0xDA, 0xA8, 0xBE,
0xAA, 0x9D, 0xCB, 0xAA, 0xAB, 0xBB, 0xCB, 0xAA, 0xBD, 0xA0, 0x11, 0x89, 0x00, 0x21, 0x14, 0x53,
0x62, 0x21, 0x24, 0x34, 0x33, 0x43, 0x42, 0x12, 0x11, 0x32, 0x21, 0x10, 0x11, 0xDB, 0xBA, 0xA9,
0xCC, 0xAA, 0xBF, 0xFA, 0x9A, 0x9A, 0xB9, 0xBA, 0xBC, 0xAB, 0xB0, 0x00, 0x89, 0x01, 0x2A, 0xA0,
0x76, 0x12, 0x33, 0x22, 0x45, 0x32, 0x25, 0x32, 0x10, 0x31, 0x11, 0x24, 0x21, 0x00, 0x0C, 0xC9,
0x89, 0xAA, 0x9B, 0xED, 0xBC, 0xAB, 0xBB, 0xBA, 0xBD, 0xBB, 0xCA, 0xA9, 0x08, 0x90, 0x08, 0x9C,
0x02, 0x43, 0x45, 0x23, 0x21, 0x72, 0x23, 0x35, 0x22, 0x21, 0x21, 0x13, 0x33, 0x12, 0x21, 0x89,
0xA9, 0xCB, 0x99, 0xAD, 0xEC, 0xCB, 0xAC, 0xBB, 0xBB, 0xCC, 0xAC, 0xAB, 0xA9, 0x89, 0xA0, 0x89,
0xBC, 0x21, 0x12, 0x37, 0x22, 0x43, 0x42, 0x35, 0x44, 0x12, 0x23, 0x21, 0x24, 0x12, 0x23, 0x21,
0x89, 0x00, 0x9A, 0xB8, 0xBF, 0xBC, 0xAD, 0xCA, 0xBB, 0xBC, 0xCB, 0xBC, 0xBA, 0xBB, 0xAA, 0x9A,
0xAA, 0x99, 0xA0, 0x34, 0x33, 0x62, 0x33, 0x54, 0x35, 0x43, 0x32, 0x33, 0x43, 0x23, 0x34, 0x32,
0x11, 0x11, 0x00, 0x01, 0x8A, 0xAC, 0xEB, 0xDA, 0xBA, 0xCC, 0xCA, 0xAD, 0xBB, 0xAB, 0xAB, 0xAA,
0xAC, 0x9A, 0x9A, 0xB1, 0x23, 0x00, 0x62, 0x20, 0x47, 0x22, 0x24, 0x51, 0x12, 0x23, 0x23, 0x35,
0x11, 0x11, 0x11, 0x81, 0x11, 0x00, 0x8B, 0xDC, 0xBA, 0xBD, 0xAA, 0x9E, 0xCB, 0xBA, 0xBB, 0xC9,
0xAA, 0xAB, 0xBC, 0xD0, 0x81, 0x80, 0x00, 0x28, 0x01, 0x34, 0x74, 0x30, 0x14, 0x33, 0x23, 0x44,
0x42, 0x12, 0x00, 0x32, 0x28, 0x12, 0x30, 0xBE, 0xA9, 0x98, 0xBC, 0xBB, 0xCE, 0xCB, 0xCA, 0xAA,
0xAA, 0xBC, 0xAB, 0xAD, 0xA8, 0x00, 0x09, 0x80, 0x00, 0x00, 0x34, 0x64, 0x22, 0x33, 0x62, 0x32,
0x34, 0x43, 0x21, 0x21, 0x22, 0x23, 0x01, 0x31, 0x0A, 0xCA, 0xBB, 0xDC, 0xB9, 0xBD, 0xDB, 0xCA,
0xBB, 0xCB, 0xAB, 0xBC, 0xBC, 0xAA, 0x99, 0x09, 0x81, 0x00, 0x80, 0x24, 0x44, 0x45, 0x13, 0x35,
0x32, 0x24, 0x43, 0x22, 0x33, 0x21, 0x32, 0x12, 0x23, 0x20, 0xBB, 0x9C, 0xCC, 0xBB, 0xEB, 0xAC,
0xCC, 0xBD, 0xAA, 0xBA, 0xBB, 0xBB, 0xDA, 0xA9, 0x99, 0x80, 0x00, 0x90, 0x10, 0x35, 0x34, 0x54,
0x31, 0x34, 0x34, 0x43, 0x33, 0x43, 0x22, 0x11, 0x15, 0x21, 0x00, 0x00, 0x9A, 0xBC, 0xB9, 0x89,
0xAF, 0xE9, 0xBA, 0xCB, 0xAA, 0xBB, 0xBC, 0xCB, 0xAA, 0x9A, 0x90, 0x08, 0xAA, 0x02, 0x33, 0x54,
0x37, 0x21, 0x12, 0x53, 0x43, 0x32, 0x33, 0x42, 0x21, 0x34, 0x32, 0x01, 0x20, 0x8A, 0xAA, 0xCA,
0xBA, 0xDD, 0xAA, 0xBF, 0xBA, 0xBB, 0xCB, 0xBB, 0xCB, 0xBB, 0xBB, 0xA8, 0x0A, 0x90, 0xAA, 0x22,
0x14, 0x65, 0x33, 0x23, 0x54, 0x32, 0x44, 0x33, 0x23, 0x23, 0x22, 0x43, 0x22, 0x14, 0x89, 0x99,
0x9A, 0xBB, 0xCC, 0xBD, 0xBC, 0xCD, 0xBA, 0xAC, 0xAB, 0xBB, 0xCB, 0xBB, 0x9B, 0xA0, 0x0A, 0x98,
0x18, 0x83, 0x74, 0x81, 0x27, 0x38, 0x35, 0x32, 0x24, 0x32, 0x23, 0x42, 0x10, 0x16, 0x18, 0x00,
0x18, 0x90, 0x98, 0xCA, 0x9A, 0xBF, 0xA9, 0x9C, 0xDB, 0xA9, 0xBB, 0xBC, 0xAA, 0xAA, 0xBA, 0xC9,
0x20, 0x8B, 0x04, 0x00, 0x95, 0x43, 0x22, 0x63, 0x34, 0x34, 0x22, 0x43, 0x41, 0x21, 0x22, 0x10,
0x03, 0x31, 0x18, 0x99, 0xBD, 0xBB, 0xDB, 0xBC, 0xBE, 0xBB, 0xCB, 0xBC, 0xBB, 0xBA, 0xCA, 0xCA,
0x99, 0xA8, 0x08, 0x80, 0x01, 0x12, 0x54, 0x23, 0x63, 0x51, 0x23, 0x34, 0x24, 0x33, 0x23, 0x32,
0x21, 0x25, 0x20, 0x00, 0x18, 0xAB, 0xAA, 0xEA, 0xAB, 0xBE, 0xBA, 0xDB, 0xDA, 0xA9, 0xBB, 0xAB,
0xBB, 0xD9, 0x9A, 0x88, 0x18, 0x90, 0x01, 0x43, 0x21, 0x27, 0x44, 0x21, 0x43, 0x61, 0x12, 0x22,
0x23, 0x21, 0x12, 0x33, 0x00, 0x01, 0x18, 0xCB, 0xBA, 0xB9, 0xED, 0xCB, 0xBC, 0xCB, 0xCB, 0xAA,
0xCB, 0xBB, 0xAB, 0xBB, 0x99, 0x98, 0x88, 0xAA, 0x34, 0x51, 0x36, 0x34, 0x13, 0x44, 0x43, 0x34,
0x23, 0x24, 0x22, 0x12, 0x43, 0x10, 0x01, 0x01, 0xA9, 0xBB, 0xCA, 0xAC, 0xFB, 0xBA, 0xBE, 0xBB,
0xBB, 0xBD, 0xBC, 0xA9, 0x9A, 0xAA, 0xA0, 0x98, 0x88, 0x02, 0x22, 0x45, 0x52, 0x14, 0x34, 0x33,
0x44, 0x23, 0x43, 0x12, 0x22, 0x33, 0x11, 0x35, 0x00, 0x98, 0x99, 0x99, 0xEB, 0xC9, 0x9B, 0xDB,
0xCC, 0xBA, 0xBD, 0xAB, 0x9A, 0xAB, 0xBB, 0x99, 0x98, 0x89, 0x93, 0x21, 0x02, 0x75, 0x33, 0x23,
0x63, 0x24, 0x33, 0x43, 0x43, 0x22, 0x13, 0x32, 0x13, 0x13, 0x30, 0xAC, 0xCA, 0xAB, 0xCB, 0x90,
0xFE, 0xAA, 0xAD, 0xA9, 0xAA, 0xAB, 0xAB, 0xDB, 0x88, 0x99, 0x91, 0x09, 0x90, 0x01, 0x25, 0x44,
0x12, 0x35, 0x32, 0x44, 0x34, 0x32, 0x32, 0x23, 0x23, 0x33, 0x23, 0x33, 0x8A, 0xAA, 0x8F, 0xBB,
0xAB, 0xEB, 0xAC, 0xEC, 0xA9, 0x9B, 0xCA, 0xBA, 0xBC, 0xA9, 0xAA, 0x80, 0x89, 0x91, 0x39, 0x80,
0x64, 0x22, 0x27, 0x21, 0x34, 0x34, 0x24, 0x24, 0x12, 0x12, 0x21, 0x12, 0x33, 0x00, 0x08, 0xAD,
0xA9, 0x9A, 0xDA, 0xBD, 0xAB, 0xCD, 0xBA, 0xBB, 0xBC, 0xCA, 0xAB, 0xAA, 0xAB, 0x98, 0x08, 0x88,
0x80, 0x62, 0x03, 0x55, 0x12, 0x22, 0x52, 0x42, 0x33, 0x34, 0x33, 0x20, 0x25, 0x21, 0x00, 0x10,
0x88, 0x99, 0xBA, 0xA9, 0xDD, 0xCA, 0xAC, 0xCA, 0xBC, 0xBB, 0xCB, 0xBB, 0xCB, 0x9A, 0xA9, 0x99,
0x88, 0x00, 0x92, 0x23, 0x75, 0x21, 0x15, 0x33, 0x42, 0x43, 0x33, 0x34, 0x22, 0x34, 0x22, 0x11,
0x12, 0x10, 0xA8, 0x99, 0xCB, 0xEB, 0xBA, 0xCE, 0xBB, 0xBB, 0xCD, 0xB9, 0xBB, 0xAB, 0xAB, 0xB9,
0x9A, 0xC9, 0x02, 0x08, 0x01, 0x52, 0x24, 0x52, 0x44, 0x43, 0x14, 0x33, 0x34, 0x22, 0x42, 0x12,
0x11, 0x12, 0x31, 0x08, 0x00, 0xCB, 0xDB, 0xB8, 0xCD, 0xBB, 0xDB, 0xCB, 0xBC, 0xBA, 0x9B, 0xBD,
0xA9, 0x8A, 0xA8, 0x80, 0x00, 0x80, 0x02, 0x37, 0x31, 0x63, 0x22, 0x25, 0x32, 0x52, 0x22, 0x32,
0x31, 0x10, 0x24, 0x30, 0x11, 0x89, 0x9B, 0xDC, 0x90, 0x09, 0xEB, 0xCB, 0xCB, 0xCA, 0xBB, 0xAB,
0xCD, 0xAA, 0x99, 0x98, 0x80, 0x88, 0xA9, 0x92, 0x26, 0x33, 0x42, 0x15, 0x32, 0x44, 0x52, 0x21,
0x22, 0x22, 0x23, 0x32, 0x25, 0x10, 0x98, 0x80, 0x8A, 0xAB, 0x9E, 0xCC, 0xAA, 0xBB, 0xDB, 0xCB,
0xCA, 0xBC, 0xAB, 0xA8, 0x9C, 0xA9, 0x88, 0x88, 0x00, 0x34, 0x02, 0x32, 0x56, 0x42, 0x13, 0x44,
0x22, 0x23, 0x52, 0x12, 0x22, 0x10, 0x31, 0x00, 0x04, 0x09, 0xCA, 0xAB, 0xBD, 0xBB, 0xDB, 0xAC,
0xCD, 0xBA, 0x9A, 0xBC, 0xA9, 0xAA, 0xAB, 0xA9, 0x81, 0x18, 0xB0, 0x62, 0x10, 0x37, 0x42, 0x12,
0x34, 0x33, 0x52, 0x32, 0x43, 0x22, 0x00, 0x33, 0x38, 0x13, 0x19, 0xBA, 0xBF, 0xBB, 0xAB, 0xEA,
0xA9, 0xDC, 0xCA, 0x9B, 0xBB, 0xCA, 0xAB, 0xAB, 0xCA, 0x80, 0x08, 0xA1, 0x13, 0x22, 0x24, 0x73,
0x32, 0x54, 0x34, 0x22, 0x34, 0x34, 0x22, 0x22, 0x32, 0x20, 0x12, 0x21, 0x1A, 0x9A, 0xDB, 0xDB,
0xB9, 0xA9, 0xFE, 0xA9, 0xAB, 0xCA, 0xA9, 0xAB, 0xBC, 0xAB, 0x98, 0x89, 0x92, 0x21, 0xAA, 0x15,
0x35, 0x34, 0x24, 0x61, 0x21, 0x33, 0x44, 0x22, 0x12, 0x21, 0x21, 0x02, 0x61, 0x08, 0x89, 0x8A,
0xAD, 0x90, 0xAA, 0xBE, 0xCB, 0xBB, 0xCC, 0xAA, 0x9A, 0xCC, 0xAB, 0x89, 0x98, 0x00, 0x09, 0x89,
0xA4, 0x43, 0x13, 0x73, 0x22, 0x42, 0x43, 0x62, 0x31, 0x22, 0x22, 0x12, 0x32, 0x22, 0x22, 0x89,
0xBA, 0xAD, 0x99, 0x0C, 0xFC, 0xBA, 0xCB, 0xCA, 0xAB, 0xAC, 0xBC, 0xCA, 0xA0, 0x9A, 0x88, 0x09,
0xA9, 0x01, 0x21, 0x63, 0x34, 0x35, 0x12, 0x44, 0x34, 0x33, 0x34, 0x22, 0x22, 0x32, 0x43, 0x11,
0x18, 0x89, 0x9B, 0xA9, 0x0F, 0xCB, 0xBB, 0xDC, 0xBD, 0xA9, 0xBA, 0xCB, 0xAB, 0xBC, 0x99, 0xA9,
0x80, 0x9A, 0xA8, 0x33, 0x04, 0x46, 0x12, 0x33, 0x53, 0x53, 0x33, 0x33, 0x51, 0x21, 0x33, 0x22,
0x22, 0x20, 0x08, 0x10, 0xB9, 0x80, 0xFF, 0xA9, 0xAA, 0xCB, 0xCB, 0xAC, 0xBC, 0xBB, 0xAA, 0xAB,
0xC9, 0x99, 0x9A, 0xA9, 0x32, 0x24, 0x22, 0x45, 0x32, 0x17, 0x35, 0x23, 0x12, 0x33, 0x34, 0x23,
0x34, 0x30, 0x00, 0x20, 0x81, 0x10, 0x99, 0xFB, 0xBD, 0xBA, 0x90, 0xFB, 0xBA, 0x9D, 0xAA, 0xAA,
0x9A, 0xAA, 0xCC, 0x08, 0x99, 0x93, 0x21, 0x90, 0x32, 0x27, 0x53, 0x02, 0x52, 0x22, 0x24, 0x33,
0x24, 0x32, 0x11, 0x42, 0x91, 0x13, 0x09, 0xAA, 0x8A, 0xBF, 0xC8, 0xBB, 0xDB, 0xBD, 0xBA, 0xBB,
0xBC, 0xBA, 0xBB, 0xCA, 0x9A, 0xA8, 0x88, 0x00, 0x22, 0x21, 0x25, 0x73, 0x16, 0x41, 0x21, 0x23,
0x34, 0x33, 0x34, 0x22, 0x31, 0x81, 0x25, 0x00, 0x00, 0x8B, 0xCC, 0xBA, 0xA9, 0x9F, 0xCB, 0xBB,
0xDB, 0xB9, 0x9A, 0xBB, 0xBD, 0xB9, 0x98, 0x99, 0x31, 0x1A, 0x91, 0x24, 0x45, 0x43, 0x34, 0x42,
0x03, 0x45, 0x31, 0x23, 0x32, 0x11, 0x11, 0x22, 0x51, 0x09, 0x88, 0xCC, 0x8A, 0xA9, 0xAB, 0xEB,
0xDB, 0xCB, 0xBB, 0x98, 0xEA, 0x9A, 0xAB, 0xA0, 0x98, 0x81, 0x19, 0xAB, 0x52, 0x02, 0x47, 0x21,
0x23, 0x13, 0x46, 0x23, 0x12, 0x41, 0x11, 0x02, 0x13, 0x31, 0x18, 0x89, 0x9B, 0xFA, 0x88, 0x98,
0xEB, 0xCA, 0xBD, 0xAB, 0xAA, 0xAB, 0xCC, 0xBA, 0x9A, 0xA9, 0x81, 0x08, 0xAA, 0x02, 0x45, 0x18,
0x73, 0x21, 0x06, 0x22, 0x33, 0x33, 0x35, 0x22, 0x00, 0x34, 0x39, 0x02, 0x10, 0xA9, 0x0B, 0xCB,
0x09, 0xFB, 0xBA, 0xCF, 0xAA, 0x9A, 0xBB, 0xCA, 0xBB, 0xB9, 0xAC, 0x90, 0x08, 0xA9, 0x80, 0x03,
0x04, 0x74, 0x22, 0x33, 0x34, 0x45, 0x24, 0x22, 0x22, 0x11, 0x23, 0x31, 0x43, 0x10, 0x9A, 0xAA,
0xAA, 0x8A, 0xAF, 0xE9, 0xAB, 0xEA, 0xA9, 0xAA, 0xCB, 0xBC, 0xB9, 0xAA, 0xAA, 0x18, 0xAB, 0x90,
0x01, 0x44, 0x40, 0x25, 0x32, 0x15, 0x45, 0x21, 0x32, 0x32, 0x33, 0x31, 0x43, 0x41, 0x00, 0x01,
0x09, 0xA8, 0x9A, 0xBC, 0xEC, 0xBA, 0xBA, 0xCF, 0xAA, 0x9B, 0xDA, 0xA9, 0xA9, 0xAA, 0x8A, 0xA0,
0x98, 0xC0, 0x51, 0x0A, 0x35, 0x21, 0x05, 0x32, 0x34, 0x42, 0x23, 0x43, 0x21, 0x24, 0x40, 0x00,
0x21, 0x00, 0x88, 0x99, 0x98, 0xEB, 0xD9, 0xAA, 0xCC, 0xBB, 0xAE, 0xAA, 0xBA, 0xB9, 0xAB, 0xBA,
0xAA, 0xAA, 0xA2, 0x31, 0x22, 0x44, 0x34, 0x44, 0x73, 0x22, 0x24, 0x33, 0x43, 0x33, 0x34, 0x31,
0x11, 0x42, 0x10, 0x01, 0x89, 0xBB, 0xDC, 0xA9, 0xAA, 0xFA, 0xAC, 0xBE, 0xAA, 0xA9, 0xBA, 0xBB,
0xBC, 0x99, 0xBA, 0x93, 0x19, 0x80, 0x24, 0x32, 0x34, 0x64, 0x51, 0x22, 0x44, 0x21, 0x33, 0x34,
0x22, 0x21, 0x23, 0x31, 0x8A, 0x32, 0x8C, 0xBA, 0xBC, 0xCC, 0xCC, 0xBC, 0xBD, 0xBB, 0xAC, 0xBB,
0xBC, 0xAB, 0xBB, 0xAA, 0x9A, 0x98, 0x00, 0x12, 0x33, 0x54, 0x37, 0x22, 0x34, 0x53, 0x22, 0x34,
0x33, 0x42, 0x32, 0x13, 0x32, 0x00, 0x22, 0x09, 0xAB, 0xAC, 0xEB, 0xCB, 0xCB, 0xBB, 0xDC, 0xBC,
0xBB, 0xCB, 0xBB, 0xAC, 0xAA, 0xAA, 0xA9, 0x91, 0x00, 0x33, 0x21, 0x07, 0x51, 0x35, 0x42, 0x23,
0x23, 0x43, 0x43, 0x41, 0x23, 0x11, 0x01, 0x40, 0x10, 0x10, 0xAB, 0xCC, 0xCB, 0x99, 0x9D, 0xCB,
0xDB, 0xAB, 0xCA, 0xBA, 0xAB, 0xCB, 0xCA, 0x89, 0x90, 0x08, 0x00, 0x29, 0x04, 0x54, 0x42, 0x14,
0x32, 0x43, 0x52, 0x38, 0x00,
/* 6: Oboe2  2734B  op=21  loop=4675->5311 */
0x08, 0x08, 0x08, 0x08, 0x08, 0x08, 0x01, 0x08, 0x08, 0x00, 0x88, 0x88, 0x80, 0x80, 0x80, 0x80,
0x80, 0x80, 0x80, 0x00, 0x08, 0x08, 0x08, 0x08, 0x80, 0x80, 0x80, 0x00, 0x00, 0x08, 0x00, 0x01,
0x11, 0x11, 0x10, 0x98, 0x99, 0x00, 0x10, 0x89, 0x9A, 0x90, 0x01, 0x10, 0x8D, 0xC9, 0xA0, 0x22,
0x88, 0xDB, 0x80, 0x13, 0x20, 0x0A, 0x98, 0x00, 0x10, 0x00, 0x11, 0x23, 0x21, 0x10, 0x00, 0x88,
0x80, 0x10, 0x08, 0x99, 0xAA, 0xA9, 0x01, 0x01, 0x9B, 0x99, 0x02, 0x34, 0x30, 0x1A, 0xDA, 0x89,
0x01, 0xAA, 0xAB, 0x99, 0x01, 0x11, 0x10, 0x80, 0x00, 0x88, 0xAA, 0x00, 0x23, 0x22, 0x10, 0x00,
0x12, 0x21, 0x10, 0x00, 0x80, 0x00, 0x01, 0x11, 0x08, 0xAB, 0xBC, 0xB9, 0xA9, 0x99, 0xAA, 0x99,
0x11, 0x44, 0x01, 0x8A, 0x01, 0x10, 0x80, 0x83, 0x33, 0x11, 0x01, 0x33, 0x11, 0x9A, 0xBA, 0xA9,
0x9B, 0xBC, 0xB9, 0x98, 0x89, 0xCA, 0xAA, 0x99, 0xA9, 0x98, 0x88, 0x00, 0x13, 0x43, 0x52, 0x22,
0x11, 0x00, 0x01, 0x11, 0x01, 0x00, 0x80, 0x00, 0x9A, 0xBA, 0xAB, 0x99, 0x99, 0xAA, 0x9A, 0x80,
0x11, 0x08, 0x99, 0x98, 0x89, 0x08, 0x00, 0x80, 0x00, 0x01, 0x12, 0x21, 0x21, 0x10, 0x00, 0x00,
0x01, 0x01, 0x00, 0x00, 0x00, 0x00, 0x00, 0x00, 0x0A, 0x9A, 0xA9, 0x89, 0x89, 0xA9, 0x99, 0x99,
0x88, 0x00, 0x00, 0x00, 0x80, 0x00, 0x11, 0x01, 0x01, 0x00, 0x80, 0x00, 0x10, 0x08, 0x80, 0x80,
0x08, 0x08, 0x80, 0x80, 0x98, 0x98, 0x90, 0x08, 0x09, 0x88, 0x80, 0x98, 0x99, 0x80, 0x88, 0x89,
0x80, 0x80, 0x00, 0x88, 0x88, 0x89, 0x88, 0x88, 0x00, 0x00, 0x08, 0x80, 0x00, 0x00, 0x09, 0x80,
0x00, 0x00, 0x00, 0x00, 0x00, 0x00, 0x00, 0x10, 0x08, 0x08, 0x00, 0x08, 0x08, 0x00, 0x88, 0x08,
0x88, 0x09, 0x09, 0x98, 0x08, 0x08, 0x08, 0x00, 0x01, 0x00, 0x80, 0x80, 0x00, 0x80, 0x00, 0x00,
0x08, 0x80, 0x80, 0x89, 0x89, 0x98, 0x89, 0x88, 0x88, 0x00, 0x80, 0x00, 0x10, 0x00, 0x01, 0x01,
0x10, 0x11, 0x11, 0x11, 0x01, 0x10, 0x11, 0x00, 0x80, 0x88, 0x89, 0x88, 0x88, 0x08, 0x88, 0x88,
0x00, 0x90, 0x99, 0x09, 0x08, 0x98, 0x90, 0x80, 0x08, 0x80, 0x80, 0x80, 0x80, 0x00, 0x00, 0x00,
0x00, 0x00, 0x00, 0x00, 0x08, 0x80, 0x80, 0x00, 0x00, 0x00, 0x10, 0x01, 0x00, 0x02, 0x10, 0x10,
0x80, 0x00, 0x00, 0x08, 0x80, 0x88, 0x09, 0x88, 0x89, 0x99, 0xAA, 0x99, 0x99, 0xA9, 0x89, 0x00,
0x80, 0x00, 0x01, 0x11, 0x11, 0x11, 0x11, 0x01, 0x11, 0x11, 0x00, 0x08, 0x09, 0x09, 0x98, 0x88,
0x09, 0x98, 0x89, 0x00, 0x09, 0x89, 0x00, 0x00, 0x11, 0x10, 0x10, 0x11, 0x00, 0x99, 0xAA, 0x98,
0x90, 0x98, 0x80, 0x01, 0x00, 0x00, 0x08, 0x80, 0x99, 0x89, 0x11, 0x34, 0x32, 0x21, 0x13, 0x33,
0x32, 0x01, 0x00, 0x22, 0x11, 0x89, 0x9B, 0xBC, 0xBD, 0xBC, 0xBB, 0xCA, 0x99, 0x08, 0x11, 0x11,
0x23, 0x33, 0x33, 0x23, 0x23, 0x43, 0x23, 0x43, 0x23, 0x11, 0x10, 0x09, 0xAB, 0xBD, 0xBC, 0xBB,
0xCB, 0xCA, 0xBB, 0xAB, 0x99, 0x11, 0x22, 0x12, 0x23, 0x32, 0x21, 0x12, 0x12, 0x00, 0x98, 0xA9,
0xAA, 0xBB, 0xBB, 0xBA, 0xA8, 0x00, 0x02, 0x12, 0x11, 0x00, 0x00, 0x00, 0x00, 0x08, 0x00, 0x00,
0x08, 0x08, 0x99, 0xAA, 0xAA, 0xA9, 0x98, 0x00, 0x12, 0x12, 0x23, 0x42, 0x42, 0x13, 0x12, 0x12,
0x11, 0x11, 0x00, 0x89, 0x89, 0xA9, 0x9A, 0x99, 0xAA, 0xA9, 0x99, 0x98, 0x88, 0x00, 0x10, 0x11,
0x01, 0x11, 0x11, 0x01, 0x00, 0x80, 0x88, 0x88, 0x89, 0x89, 0x89, 0x90, 0x90, 0x01, 0x11, 0x01,
0x00, 0x11, 0x10, 0x08, 0x99, 0x98, 0x89, 0x99, 0xA9, 0x99, 0x99, 0x89, 0x88, 0x88, 0x88, 0x99,
0x89, 0x08, 0x88, 0x80, 0x80, 0x00, 0x00, 0x80, 0x80, 0x80, 0x88, 0x89, 0x89, 0x89, 0x88, 0x88,
0x88, 0x00, 0x00, 0x10, 0x00, 0x00, 0x08, 0x08, 0x88, 0x88, 0x99, 0xAB, 0xAA, 0x98, 0x99, 0x99,
0xA8, 0x88, 0x00, 0x08, 0x00, 0x00, 0x11, 0x01, 0x00, 0x00, 0x00, 0x00, 0x00, 0x08, 0x08, 0x88,
0x98, 0x99, 0x89, 0x99, 0x88, 0x90, 0x00, 0x80, 0x10, 0x10, 0x01, 0x01, 0x10, 0x00, 0x00, 0x00,
0x00, 0x00, 0x00, 0x08, 0x08, 0x08, 0x08, 0x88, 0x88, 0x08, 0x00, 0x00, 0x08, 0x08, 0x80, 0x80,
0x88, 0x80, 0x80, 0x11, 0x11, 0x11, 0x11, 0x11, 0x21, 0x11, 0x11, 0x01, 0x11, 0x01, 0x11, 0x00,
0x09, 0x98, 0x98, 0x99, 0x99, 0x08, 0x80, 0x80, 0x01, 0x01, 0x01, 0x01, 0x11, 0x11, 0x21, 0x11,
0x01, 0x11, 0x01, 0x00, 0x00, 0x80, 0x88, 0x88, 0x88, 0x98, 0x89, 0x88, 0x98, 0x88, 0x80, 0x80,
0x08, 0x00, 0x00, 0x08, 0x80, 0x90, 0x90, 0x90, 0x88, 0x88, 0x89, 0x9A, 0xA9, 0x99, 0xA9, 0x9A,
0x9A, 0x89, 0x88, 0x88, 0x99, 0x89, 0x99, 0x89, 0x98, 0x90, 0x80, 0x80, 0x08, 0x08, 0x88, 0x89,
0x88, 0x89, 0x80, 0x80, 0x80, 0x00, 0x00, 0x00, 0x00, 0x12, 0x11, 0x12, 0x13, 0x23, 0x33, 0x22,
0x01, 0x01, 0x00, 0x80, 0x08, 0x09, 0x08, 0x00, 0x80, 0x80, 0x00, 0x10, 0x00, 0x01, 0x23, 0x23,
0x22, 0x23, 0x34, 0x34, 0x34, 0x23, 0x34, 0x23, 0x43, 0x32, 0x33, 0x32, 0x32, 0x11, 0x00, 0x00,
0x00, 0xAA, 0xAA, 0x89, 0x88, 0x98, 0x99, 0x99, 0xAB, 0xBB, 0xCB, 0xBC, 0xBB, 0xDB, 0xBB, 0xBB,
0xBC, 0xCB, 0xCB, 0xAC, 0xBB, 0xBC, 0xCB, 0xBC, 0xAA, 0xBC, 0xBC, 0xBB, 0xBC, 0xCA, 0xCA, 0xAB,
0x99, 0x11, 0x43, 0x45, 0x33, 0x34, 0x32, 0x30, 0x10, 0x90, 0x11, 0x22, 0x11, 0x01, 0x00, 0x9B,
0xBB, 0xCC, 0xBB, 0xCA, 0x98, 0x00, 0x21, 0x53, 0x43, 0x34, 0x34, 0x35, 0x33, 0x43, 0x42, 0x22,
0x22, 0x11, 0x08, 0xAB, 0xCC, 0xAA, 0x99, 0x99, 0x90, 0x00, 0x21, 0x08, 0x01, 0x00, 0x00, 0x89,
0x89, 0x88, 0x80, 0x00, 0x08, 0x98, 0x98, 0x88, 0x98, 0x98, 0x88, 0x80, 0x80, 0x00, 0x10, 0x00,
0x01, 0x00, 0x89, 0xA9, 0x99, 0x99, 0x9C, 0xAB, 0xBA, 0xAB, 0xAB, 0xAA, 0xAA, 0x99, 0x08, 0x08,
0x80, 0x08, 0x00, 0x00, 0x00, 0x00, 0x88, 0x88, 0x88, 0x88, 0x98, 0x99, 0xAA, 0xA9, 0xAA, 0x98,
0x00, 0x21, 0x23, 0x22, 0x22, 0x22, 0x32, 0x33, 0x23, 0x22, 0x33, 0x23, 0x22, 0x21, 0x10, 0x10,
0x08, 0x9A, 0xAA, 0xAB, 0xAC, 0xBD, 0xBB, 0xBC, 0xCB, 0xBC, 0xBB, 0xBC, 0xBC, 0xAC, 0xAB, 0xCA,
0xBC, 0xAA, 0xBB, 0xCA, 0xAA, 0xAA, 0xB9, 0xA9, 0x99, 0x98, 0x99, 0x99, 0x9A, 0x89, 0x89, 0x88,
0x88, 0x88, 0x00, 0x00, 0x80, 0x80, 0x00, 0x11, 0x11, 0x10, 0x22, 0x23, 0x23, 0x33, 0x22, 0x33,
0x33, 0x33, 0x33, 0x23, 0x34, 0x34, 0x33, 0x44, 0x43, 0x43, 0x44, 0x33, 0x43, 0x43, 0x43, 0x34,
0x34, 0x33, 0x34, 0x34, 0x33, 0x33, 0x43, 0x33, 0x33, 0x33, 0x33, 0x33, 0x32, 0x20, 0x00, 0x00,
0x89, 0x9A, 0xCB, 0xDB, 0xCB, 0xCB, 0xDB, 0xBD, 0xAB, 0xCB, 0xCB, 0xBD, 0xAB, 0xBB, 0xCB, 0xBC,
0xBC, 0xAB, 0xBC, 0xBA, 0xCA, 0xAB, 0xAB, 0xAB, 0xBB, 0xAA, 0xBA, 0x99, 0x81, 0x03, 0x24, 0x43,
0x35, 0x34, 0x34, 0x42, 0x43, 0x34, 0x34, 0x33, 0x52, 0x33, 0x43, 0x33, 0x52, 0x33, 0x34, 0x34,
0x23, 0x43, 0x33, 0x33, 0x43, 0x33, 0x33, 0x33, 0x34, 0x12, 0x10, 0x09, 0x9C, 0xCC, 0xCC, 0xBC,
0xBC, 0xCB, 0xDA, 0xBC, 0xBC, 0xBB, 0xCB, 0xBC, 0xAB, 0xAB, 0xBB, 0xBB, 0xAB, 0x88, 0x01, 0x33,
0x75, 0x35, 0x33, 0x43, 0x43, 0x43, 0x33, 0x42, 0x34, 0x23, 0x33, 0x23, 0x32, 0x28, 0x0C, 0xAD,
0xBB, 0xDB, 0xBC, 0xBB, 0xBA, 0xBB, 0xBC, 0xAA, 0xB9, 0x98, 0x90, 0x91, 0x24, 0x52, 0x43, 0x34,
0x12, 0x00, 0x89, 0x98, 0x99, 0xBF, 0xEB, 0xCB, 0xBB, 0xCB, 0xDB, 0xDB, 0xAA, 0xAA, 0xAC, 0xBB,
0xCB, 0xBB, 0xAB, 0xAA, 0x9A, 0x98, 0x01, 0x25, 0x35, 0x34, 0x34, 0x33, 0x43, 0x43, 0x34, 0x33,
0x32, 0x22, 0x00, 0x01, 0x22, 0x20, 0x99, 0xB9, 0x11, 0x12, 0x09, 0xBC, 0xA8, 0x27, 0x63, 0x34,
0x34, 0x33, 0x42, 0x43, 0x42, 0x32, 0x34, 0x23, 0x22, 0x23, 0x32, 0x32, 0x00, 0x08, 0x01, 0x11,
0x01, 0xAB, 0xDC, 0xBC, 0xBD, 0xAD, 0xAB, 0xCB, 0xBC, 0xAB, 0xBB, 0xBB, 0xCC, 0xBB, 0xAB, 0xAB,
0xBC, 0xBB, 0xAB, 0xBC, 0x9A, 0x02, 0x10, 0x18, 0x00, 0x18, 0x8A, 0x9A, 0xBB, 0xDB, 0xBB, 0xBC,
0xA9, 0xBB, 0xCC, 0xBB, 0xAB, 0xAC, 0xC9, 0xA9, 0x99, 0xBA, 0x88, 0x11, 0x53, 0x53, 0x44, 0x25,
0x33, 0x43, 0x43, 0x34, 0x42, 0x43, 0x33, 0x43, 0x34, 0x23, 0x22, 0x32, 0x11, 0x18, 0x9A, 0xDB,
0xCB, 0xEA, 0xCB, 0xBC, 0xBB, 0xDA, 0xAB, 0xBB, 0xBC, 0xBB, 0xBC, 0xBB, 0xBC, 0xBA, 0xCA, 0xA9,
0xA9, 0xA9, 0x98, 0x99, 0x00, 0x80, 0x08, 0x08, 0x08, 0x00, 0x80, 0x88, 0x98, 0x98, 0x89, 0x99,
0xAA, 0xAA, 0x99, 0xAA, 0x9A, 0x99, 0x90, 0x00, 0x22, 0x24, 0x43, 0x63, 0x34, 0x42, 0x42, 0x33,
0x42, 0x33, 0x43, 0x33, 0x43, 0x34, 0x33, 0x44, 0x23, 0x43, 0x43, 0x34, 0x33, 0x53, 0x33, 0x43,
0x43, 0x34, 0x33, 0x34, 0x32, 0x34, 0x23, 0x23, 0x12, 0x21, 0x22, 0x11, 0x0A, 0xAB, 0xBA, 0xBB,
0xBD, 0xBC, 0xCC, 0xAC, 0xBB, 0xDB, 0xCB, 0xBC, 0xBC, 0xCA, 0xCA, 0xBC, 0xBB, 0xCB, 0xBC, 0xBB,
0xBC, 0xBC, 0xAB, 0xBC, 0xAA, 0xBA, 0xBA, 0xBA, 0xAA, 0x99, 0x08, 0x12, 0x44, 0x34, 0x43, 0x44,
0x33, 0x44, 0x23, 0x43, 0x34, 0x33, 0x43, 0x34, 0x34, 0x33, 0x42, 0x42, 0x34, 0x23, 0x43, 0x33,
0x43, 0x34, 0x33, 0x33, 0x43, 0x23, 0x33, 0x42, 0x11, 0x10, 0x99, 0xAC, 0xCB, 0xDB, 0xCC, 0xBC,
0xCB, 0xCB, 0xBD, 0xAB, 0xCB, 0xBB, 0xCB, 0xBC, 0xAB, 0xAA, 0xAA, 0xA9, 0x90, 0x01, 0x44, 0x44,
0x53, 0x34, 0x34, 0x43, 0x33, 0x43, 0x33, 0x43, 0x34, 0x22, 0x23, 0x12, 0x00, 0x99, 0xBD, 0xBC,
0xCB, 0xBC, 0xBB, 0xBB, 0xBB, 0xBC, 0xAB, 0xAA, 0xA9, 0x80, 0x13, 0x46, 0x23, 0x33, 0x33, 0x22,
0x01, 0xCA, 0xCC, 0xCB, 0xDC, 0xBD, 0xBB, 0xBB, 0xDA, 0xCA, 0xBC, 0xAB, 0xCB, 0xBC, 0xBB, 0xCB,
0xBB, 0xBA, 0xA9, 0x98, 0x90, 0x00, 0x43, 0x44, 0x34, 0x43, 0x53, 0x33, 0x34, 0x33, 0x42, 0x21,
0x12, 0x11, 0x22, 0x22, 0x22, 0x21, 0x21, 0x0A, 0xAA, 0xB9, 0x00, 0x02, 0x43, 0x77, 0x34, 0x32,
0x42, 0x33, 0x43, 0x32, 0x33, 0x33, 0x34, 0x23, 0x34, 0x23, 0x20, 0x00, 0x90, 0x90, 0x19, 0xAB,
0xDB, 0xBC, 0xBC, 0xCC, 0xBD, 0xBC, 0xBB, 0xCA, 0xBB, 0xBB, 0xCB, 0xBC, 0xBC, 0xBA, 0xBC, 0xAA,
0xBB, 0xAB, 0xA9, 0xA9, 0x08, 0x09, 0x9A, 0xAA, 0xAA, 0xBB, 0xBB, 0xCA, 0xCB, 0xCA, 0xBA, 0xAB,
0xBB, 0xBC, 0x99, 0x88, 0x9A, 0xAA, 0xB9, 0xAA, 0x99, 0x90, 0x22, 0x44, 0x44, 0x53, 0x35, 0x23,
0x43, 0x43, 0x43, 0x35, 0x23, 0x34, 0x23, 0x42, 0x33, 0x23, 0x32, 0x20, 0x08, 0x9B, 0xBD, 0xCB,
0xDB, 0xCC, 0xBB, 0xCB, 0xCA, 0xCA, 0xBB, 0xBB, 0xCB, 0xCA, 0xBB, 0xBB, 0xCA, 0xBB, 0xBA, 0xBB,
0xBA, 0xAA, 0xB9, 0xA8, 0x88, 0x08, 0x88, 0x88, 0x00, 0x88, 0x89, 0x80, 0x00, 0x88, 0x89, 0x98,
0x98, 0x98, 0x99, 0xA9, 0x99, 0x88, 0x00, 0x23, 0x35, 0x43, 0x43, 0x43, 0x43, 0x43, 0x43, 0x34,
0x33, 0x43, 0x33, 0x43, 0x34, 0x34, 0x24, 0x23, 0x43, 0x43, 0x33, 0x44, 0x33, 0x43, 0x34, 0x33,
0x43, 0x34, 0x34, 0x23, 0x34, 0x22, 0x21, 0x21, 0x11, 0x11, 0x00, 0x08, 0x99, 0xAA, 0xBC, 0xCB,
0xDB, 0xCC, 0xAC, 0xBB, 0xCB, 0xCC, 0xBC, 0xBC, 0xBC, 0xBB, 0xCB, 0xBC, 0xBC, 0xBB, 0xCB, 0xBC,
0xBB, 0xBB, 0xCB, 0xAC, 0xAA, 0xAA, 0xAA, 0xA9, 0x98, 0x80, 0x12, 0x33, 0x62, 0x43, 0x44, 0x33,
0x43, 0x43, 0x43, 0x34, 0x33, 0x43, 0x43, 0x34, 0x33, 0x43, 0x34, 0x33, 0x43, 0x34, 0x34, 0x23,
0x42, 0x33, 0x33, 0x34, 0x32, 0x33, 0x23, 0x22, 0x21, 0x0A, 0x9C, 0xCD, 0xBB, 0xDB, 0xCB, 0xCC,
0xBC, 0xBC, 0xBB, 0xDA, 0xBB, 0xBB, 0xCA, 0xBB, 0xBC, 0xAA, 0x9A, 0x88, 0x81, 0x24, 0x45, 0x35,
0x33, 0x44, 0x33, 0x43, 0x33, 0x43, 0x33, 0x43, 0x32, 0x22, 0x21, 0x10, 0x9A, 0xDA, 0xCC, 0xBB,
0xBC, 0xBC, 0xAB, 0xAB, 0xAB, 0xAB, 0xAA, 0x98, 0x00, 0x42, 0x54, 0x33, 0x43, 0x23, 0x21, 0x10,
0x0B, 0xCC, 0xCB, 0xEA, 0xDB, 0xBC, 0xBC, 0xBC, 0xBC, 0xBC, 0xBB, 0xBC, 0xBB, 0xCB, 0xBC, 0xAA,
0xAA, 0xA9, 0x98, 0x80, 0x03, 0x36, 0x33, 0x43, 0x52, 0x42, 0x34, 0x23, 0x23, 0x22, 0x12, 0x11,
0x10, 0x11, 0x01, 0x08, 0x01, 0x01, 0x11, 0x00, 0x01, 0x25, 0x36, 0x43, 0x53, 0x35, 0x23, 0x34,
0x33, 0x43, 0x33, 0x42, 0x22, 0x32, 0x32, 0x32, 0x11, 0x00, 0x00, 0x00, 0x88, 0x99, 0xAB, 0xBC,
0xCB, 0xDB, 0xDB, 0xBC, 0xCB, 0xBC, 0xBB, 0xBC, 0xBB, 0xCB, 0xCA, 0xBB, 0xAB, 0xBC, 0xBB, 0xBB,
0xAC, 0xAA, 0xAA, 0x9A, 0xAA, 0xAA, 0x99, 0xAA, 0xBA, 0xCB, 0xCC, 0xBB, 0xBB, 0xCB, 0xBB, 0xBA,
0xBA, 0x99, 0xA9, 0xA9, 0xA9, 0x89, 0x88, 0x02, 0x22, 0x34, 0x37, 0x34, 0x43, 0x43, 0x43, 0x43,
0x44, 0x33, 0x43, 0x42, 0x34, 0x23, 0x33, 0x34, 0x22, 0x21, 0x10, 0x88, 0xAC, 0xBD, 0xCB, 0xCC,
0xBB, 0xCB, 0xCB, 0xCB, 0xBB, 0xCB, 0xBB, 0xCB, 0xBB, 0xCA, 0xBB, 0xCA, 0xAB, 0xAA, 0xBA, 0xAA,
0xAA, 0x9A, 0xA9, 0xA9, 0xA9, 0x89, 0x89, 0x89, 0x9A, 0x9A, 0x89, 0x80, 0x98, 0x88, 0x99, 0x89,
0x99, 0x89, 0x09, 0x08, 0x00, 0x12, 0x44, 0x44, 0x23, 0x43, 0x43, 0x43, 0x43, 0x34, 0x34, 0x24,
0x23, 0x23, 0x43, 0x43, 0x34, 0x34, 0x34, 0x34, 0x33, 0x43, 0x43, 0x33, 0x44, 0x33, 0x34, 0x34,
0x33, 0x34, 0x23, 0x23, 0x23, 0x23, 0x22, 0x11, 0x00, 0x99, 0x99, 0xAB, 0xBD, 0xBC, 0xBC, 0xCB,
0xCB, 0xDA, 0xBB, 0xCC, 0xBB, 0xCC, 0xBC, 0xBB, 0xCB, 0xCB, 0xBC, 0xCA, 0xBC, 0xAB, 0xBC, 0xAB,
0xBB, 0xCA, 0xBA, 0xBB, 0xAB, 0x9A, 0x99, 0x80, 0x02, 0x34, 0x44, 0x43, 0x34, 0x43, 0x35, 0x23,
0x42, 0x34, 0x33, 0x42, 0x42, 0x34, 0x24, 0x23, 0x34, 0x24, 0x24, 0x23, 0x33, 0x43, 0x43, 0x33,
0x42, 0x32, 0x33, 0x33, 0x23, 0x12, 0x00, 0x8A, 0xBD, 0xCB, 0xDB, 0xCB, 0xDA, 0xCA, 0xCB, 0xBC,
0xBC, 0xBB, 0xBD, 0xAB, 0xAB, 0xBB, 0xBB, 0xBA, 0xBA, 0x98, 0x01, 0x33, 0x74, 0x43, 0x54, 0x24,
0x24, 0x23, 0x34, 0x33, 0x33, 0x43, 0x23, 0x32, 0x21, 0x18, 0x8A, 0xBE, 0xBC, 0xBC, 0xCB, 0xBB,
0xCB, 0xBA, 0xBB, 0xBB, 0xA9, 0x91, 0x03, 0x36, 0x34, 0x42, 0x42, 0x23, 0x12, 0x10, 0x8A, 0xAB,
0xBC, 0xAE, 0xBD, 0xCC, 0xBB, 0xCA, 0xCC, 0xBC, 0xBB, 0xAB, 0xAB, 0xCB, 0xCB, 0xBB, 0xBB, 0xBC,
0xAB, 0x99, 0x01, 0x23, 0x44, 0x36, 0x33, 0x43, 0x34, 0x33, 0x34, 0x33, 0x35, 0x22, 0x11, 0x10,
0x11, 0x28, 0x8A, 0xBC, 0xBA, 0x99, 0x11, 0x08, 0x11, 0x66, 0x34, 0x43, 0x35, 0x23, 0x34, 0x34,
0x42, 0x23, 0x32, 0x33, 0x32, 0x32, 0x32, 0x28, 0x98, 0x99, 0x00, 0x88, 0x12, 0x89, 0xBE, 0xBB,
0xDA, 0xCC, 0xBC, 0xCB, 0xBB, 0xBB, 0xBC, 0xBC, 0xCB, 0xBC, 0xBA, 0xBB, 0xCA, 0xBA, 0xAA, 0xAA,
0x99, 0x88, 0x88, 0x99, 0x90, 0x9A, 0x9B, 0xBB, 0xAC, 0xCC, 0xCB, 0xAB, 0xAA, 0xBB, 0xBD, 0xAA,
0xAB, 0xAC, 0xBB, 0xC9, 0xA8, 0x00, 0x02, 0x34, 0x43, 0x53, 0x44, 0x43, 0x44, 0x34, 0x35, 0x23,
0x34, 0x34, 0x23, 0x34, 0x33, 0x33, 0x42, 0x22, 0x21, 0x08, 0x9A, 0xBC, 0xCC, 0xDB, 0xBD, 0xAB,
0xBC, 0xBB, 0xCB, 0xBB, 0xCB, 0xBB, 0xCB, 0xBB, 0xBB, 0xCB, 0xBB, 0xBB, 0xBA, 0xBA, 0xAB, 0x9A,
0x9A, 0xA9, 0x9A, 0x89, 0x98, 0x99, 0x98, 0x99, 0x9A, 0x9A, 0xAA, 0xCB, 0xBB, 0xBA, 0x99, 0xAA,
0xBB, 0xBB, 0xA8, 0x80, 0x12, 0x33, 0x45, 0x34, 0x52, 0x42, 0x34, 0x23, 0x34, 0x34, 0x33, 0x33,
0x43, 0x43, 0x34, 0x23, 0x42, 0x34, 0x34, 0x34, 0x33, 0x44, 0x23, 0x42, 0x42, 0x33, 0x34, 0x34,
0x23, 0x33, 0x33, 0x33, 0x32, 0x32, 0x22, 0x11, 0x88, 0x9A, 0xAB, 0xCB, 0xCE, 0xAC, 0xBC, 0xBB,
0xCB, 0xCB, 0xCB, 0xDA, 0xBB, 0xDA, 0xBB, 0xCB, 0xBC, 0xBC, 0xAC, 0xAB, 0xCA, 0xBB, 0xBC, 0xBB,
0xAC, 0xAA, 0xAA, 0xAA, 0xAA, 0x99, 0x99, 0x11, 0x43, 0x43, 0x52, 0x43, 0x43, 0x35, 0x23, 0x33,
0x43, 0x34, 0x34, 0x33, 0x43, 0x34, 0x33, 0x43, 0x43, 0x34, 0x34, 0x33, 0x43, 0x33, 0x43, 0x33,
0x42, 0x32, 0x23, 0x22, 0x21, 0x10, 0x99, 0xBC, 0xDB, 0xCC, 0xCB, 0xCC, 0xBC, 0xBC, 0xBB, 0xCB,
0xCB, 0xCB, 0xAB, 0xCA, 0xBB, 0xAB, 0xBB, 0xAA, 0x99, 0x81, 0x16, 0x44, 0x43, 0x52, 0x43, 0x42,
0x42, 0x33, 0x42, 0x33, 0x33, 0x42, 0x21, 0x11, 0x88, 0xAB, 0xCC, 0xCC, 0xBB, 0xCB, 0xCB, 0xCA,
0xAB, 0xAB, 0x9A, 0x99, 0x00, 0x22, 0x44, 0x35, 0x33, 0x42, 0x33, 0x22, 0x22, 0x80, 0xAB, 0xDB,
0xDB, 0xBD, 0xAC, 0xBC, 0xCA, 0xBC, 0xBB, 0xCC, 0xBB, 0xAC, 0xAA, 0xBB, 0xBB, 0xCA, 0xA9, 0xA9,
0xA8, 0x01, 0x24, 0x44, 0x43, 0x43, 0x43, 0x34, 0x33, 0x33, 0x33, 0x33, 0x33, 0x42, 0x23, 0x01,
0x00, 0x00, 0x9A, 0xBC, 0xB9, 0x82, 0x53, 0x44, 0x44, 0x44, 0x34, 0x42, 0x42, 0x34, 0x33, 0x34,
0x32, 0x33, 0x42, 0x22, 0x21, 0x12, 0x01, 0x00, 0x00, 0x08, 0x88, 0x99, 0xAB, 0xDB, 0xDB, 0xBD,
0xBC, 0xBC, 0xBC, 0xBB, 0xBB, 0xDA, 0xBB, 0xAC, 0xAB, 0xBB, 0xBC, 0xAB, 0xBB, 0xAA, 0xAB, 0xAB,
0xAA, 0xAA, 0xBA, 0xAA, 0xBA, 0xBC, 0xBC, 0xAC, 0xBB, 0xCA, 0xAB, 0xCB, 0xBB, 0xBB, 0xAA, 0xAA,
0xBB, 0xBB, 0xA9, 0xA9, 0x91, 0x13, 0x33, 0x35, 0x43, 0x72, 0x34, 0x33, 0x53, 0x34, 0x34, 0x35,
0x22, 0x33, 0x42, 0x33, 0x34, 0x22, 0x21, 0x11, 0x08, 0x9A, 0xBD, 0xCB, 0xDB, 0xBC, 0xCB, 0xBB,
0xDA, 0xBB, 0xBC, 0xAC, 0xAA, 0xBB, 0xBC, 0xAB, 0xAB, 0xBB, 0xBB, 0xAB, 0xAB, 0xAA, 0xA9, 0xA8,
0x99, 0x99, 0x99, 0x99, 0xA9, 0xAA, 0x99, 0x9A, 0x99, 0xAA, 0x9A, 0x9A, 0x9A, 0x9A, 0x99, 0x99,
0x99, 0x80, 0x02, 0x24, 0x44, 0x34, 0x43, 0x43, 0x43, 0x35, 0x23, 0x33, 0x43, 0x42, 0x34, 0x23,
0x34, 0x34, 0x24, 0x23, 0x42, 0x43, 0x34, 0x34, 0x34, 0x24, 0x23, 0x34, 0x34, 0x23, 0x42, 0x23,
0x33, 0x33, 0x32, 0x32, 0x32, 0x20, 0x08, 0x9A, 0xAA, 0xBB, 0xDB, 0xDA, 0xCB, 0xCB, 0xCB, 0xBC,
0xCB, 0xCC, 0xBB, 0xCB, 0xBD, 0xAB, 0xBC, 0xBC, 0xBB, 0xCB, 0xCA, 0xBB, 0xCB, 0xBB, 0xBB, 0xCA,
0xBB, 0xAB, 0xAA, 0xAA, 0x98, 0x82, 0x14, 0x35, 0x34, 0x34, 0x43, 0x34, 0x34, 0x33, 0x43, 0x33,
0x52, 0x33, 0x43, 0x34, 0x33, 0x43, 0x43, 0x34, 0x42, 0x34, 0x23, 0x42, 0x34, 0x22, 0x33, 0x33,
0x23, 0x32, 0x22, 0x10, 0x0A, 0xAC, 0xCC, 0xCC, 0xBD, 0xBB, 0xCC, 0xBC, 0xBC, 0xBB, 0xCB, 0xBC,
0xBB, 0xBC, 0xAB, 0xBB, 0xAB, 0x9A, 0x98, 0x02, 0x45, 0x36, 0x34, 0x34, 0x34, 0x43, 0x33, 0x43,
0x34, 0x23, 0x33, 0x23, 0x21, 0x10, 0x8A, 0xBD, 0xCB, 0xDB, 0xBC, 0xBB, 0xCB, 0xAC, 0xAA, 0xAA,
0xA8, 0x90, 0x01, 0x33, 0x62, 0x43, 0x34, 0x23, 0x22, 0x32, 0x10, 0x8A, 0xBD, 0xBD, 0xBB, 0xDA,
0xCB, 0xCB, 0xCB, 0xCA, 0xCB, 0xBC, 0xBB, 0xBB, 0xCA, 0xCA, 0xAB, 0xAA, 0x9A, 0x9A, 0x80, 0x12,
0x44, 0x35, 0x34, 0x34, 0x34, 0x32, 0x34, 0x22, 0x32, 0x22, 0x22, 0x32, 0x20, 0x10, 0x80, 0x89,
0xAB, 0xBC, 0x98, 0x25, 0x34, 0x44, 0x44, 0x43, 0x43, 0x43, 0x43, 0x43, 0x33, 0x43, 0x32, 0x33,
0x42, 0x21, 0x20,
/* 7: Strings  3158B  op=71  loop=573->5031 */
0x9F, 0xD9, 0x12, 0x52, 0x9A, 0xAA, 0x13, 0x30, 0x0C, 0xBB, 0xC1, 0x32, 0x00, 0x43, 0xA9, 0x24,
0x22, 0xCF, 0xC9, 0xA1, 0x13, 0x58, 0xBA, 0xA8, 0x34, 0x43, 0xAA, 0xBB, 0x04, 0x32, 0x2B, 0xC0,
0x04, 0x50, 0xBB, 0xBC, 0x88, 0x22, 0x42, 0x1D, 0xAA, 0xB6, 0x31, 0x0A, 0xDA, 0x10, 0x42, 0x09,
0x00, 0x09, 0x90, 0x08, 0x0F, 0xD9, 0x81, 0x32, 0x10, 0xEB, 0x12, 0x11, 0x01, 0x8D, 0xB0, 0x85,
0x31, 0x09, 0x89, 0x00, 0x88, 0x99, 0xCB, 0xBA, 0x17, 0x79, 0x99, 0x88, 0x01, 0x32, 0x11, 0xFC,
0x01, 0x23, 0x28, 0x9B, 0xA0, 0x18, 0x99, 0xAA, 0xCB, 0x08, 0x77, 0x8A, 0x98, 0x02, 0x12, 0x19,
0xAD, 0xB0, 0x52, 0x11, 0x01, 0xAB, 0xAA, 0x91, 0x1A, 0x9C, 0xC3, 0x51, 0x89, 0xAA, 0x88, 0x54,
0x12, 0x9B, 0xDA, 0x97, 0x30, 0x08, 0x89, 0x8A, 0xAA, 0x08, 0x88, 0x88, 0x45, 0x0B, 0xC9, 0xB2,
0x22, 0x42, 0x38, 0xFC, 0x00, 0x62, 0x19, 0x08, 0x0A, 0x9D, 0xA0, 0x00, 0x80, 0x22, 0x21, 0xFC,
0x01, 0x88, 0x03, 0x38, 0x0F, 0xA1, 0x13, 0x42, 0x90, 0x11, 0xDB, 0x9A, 0x90, 0x80, 0x05, 0x3A,
0xB9, 0x98, 0x09, 0x90, 0x76, 0x99, 0x9A, 0x03, 0x44, 0x2A, 0x90, 0x0B, 0xE9, 0x08, 0x80, 0x01,
0x44, 0xAC, 0x98, 0x08, 0x08, 0x03, 0x38, 0xBB, 0xC1, 0x77, 0x00, 0x08, 0x98, 0x9B, 0x99, 0x89,
0x83, 0x52, 0x1A, 0xF9, 0x01, 0x98, 0x11, 0x12, 0x9C, 0xA0, 0x87, 0x40, 0x00, 0x09, 0x9A, 0xBC,
0x08, 0x89, 0x25, 0x21, 0x0F, 0xB2, 0x18, 0x98, 0x12, 0x21, 0xDB, 0x11, 0x43, 0x28, 0x08, 0x8D,
0xB9, 0x80, 0x01, 0x81, 0x33, 0xAA, 0xFD, 0x02, 0x8B, 0xA3, 0x32, 0x3D, 0xC1, 0x35, 0x33, 0xAA,
0x98, 0xCB, 0xA9, 0x02, 0x29, 0x97, 0x5A, 0xC8, 0x01, 0x80, 0xA9, 0x34, 0x00, 0x9C, 0x03, 0x53,
0x3A, 0xC8, 0x0B, 0xEA, 0x10, 0x23, 0x88, 0x02, 0xAE, 0x92, 0x1D, 0xA9, 0x82, 0x42, 0x88, 0x99,
0x63, 0x22, 0xAC, 0x90, 0x8D, 0xB2, 0x12, 0x11, 0x08, 0xAB, 0xEA, 0x43, 0xCC, 0x81, 0x11, 0x18,
0x88, 0x03, 0x61, 0x08, 0xAB, 0xAA, 0xBD, 0x24, 0x33, 0x31, 0x8F, 0xC0, 0x81, 0x08, 0xC9, 0x11,
0x80, 0x12, 0x22, 0x33, 0x20, 0x8A, 0xBF, 0xCB, 0xC9, 0x23, 0x62, 0x12, 0xEB, 0x80, 0x08, 0x99,
0xA5, 0x39, 0xA8, 0x12, 0x32, 0x11, 0x99, 0x11, 0xED, 0x90, 0x13, 0x43, 0x39, 0xBE, 0xBA, 0x00,
0xBA, 0x99, 0x54, 0x0A, 0x82, 0x31, 0x38, 0x00, 0x20, 0x0E, 0xFB, 0x01, 0x34, 0x23, 0x8B, 0xCD,
0xA1, 0x1A, 0x98, 0x10, 0x10, 0x11, 0x44, 0x08, 0x9B, 0x03, 0x20, 0x9F, 0xF0, 0x03, 0x42, 0x09,
0xAC, 0xAB, 0x00, 0x88, 0x81, 0x09, 0x90, 0x86, 0x41, 0x10, 0x08, 0x11, 0xDB, 0xAC, 0x01, 0x65,
0x20, 0x8B, 0xBB, 0xB9, 0x10, 0x98, 0x22, 0x08, 0x24, 0x8B, 0xA8, 0x27, 0x70, 0x89, 0x99, 0x98,
0x13, 0x76, 0x89, 0x89, 0xAA, 0x91, 0x00, 0x80, 0x80, 0x81, 0x32, 0xCB, 0x00, 0x45, 0x0A, 0x99,
0x8A, 0xA7, 0x34, 0x38, 0xAA, 0xBB, 0xEB, 0x11, 0x09, 0x00, 0x01, 0x17, 0x2C, 0xB0, 0x32, 0x11,
0xBA, 0xAA, 0x80, 0x75, 0x11, 0x0B, 0xAA, 0xBA, 0xA1, 0x30, 0x99, 0x98, 0x34, 0x00, 0xFB, 0x17,
0x28, 0x8A, 0x9A, 0x92, 0x53, 0x42, 0x08, 0xBB, 0xCB, 0xB9, 0x01, 0x19, 0x88, 0x06, 0x48, 0xBA,
0xA0, 0x76, 0x88, 0xAA, 0x88, 0x13, 0x42, 0x4A, 0xA8, 0x9A, 0xB9, 0x20, 0xCB, 0x80, 0x12, 0x53,
0x0E, 0xB0, 0x05, 0x30, 0xBA, 0xAA, 0x01, 0x75, 0x00, 0x89, 0x99, 0xA9, 0xA4, 0x3B, 0xB9, 0x00,
0x12, 0x21, 0xDB, 0x11, 0x54, 0x0A, 0xAB, 0xB2, 0x27, 0x51, 0x09, 0x99, 0xAA, 0x9B, 0x34, 0x8C,
0xA0, 0x03, 0x3A, 0x9E, 0xB0, 0x43, 0x41, 0xCC, 0x89, 0x23, 0x45, 0x18, 0x8A, 0x99, 0xA9, 0x90,
0x30, 0xDB, 0x00, 0x23, 0x8A, 0xBC, 0x97, 0x21, 0x0A, 0xCA, 0x81, 0x63, 0x33, 0xAA, 0xAA, 0xBB,
0x92, 0x22, 0x1F, 0xC0, 0x10, 0x10, 0x9A, 0xCA, 0x73, 0x99, 0x99, 0x80, 0x07, 0x22, 0x39, 0xAA,
0xAA, 0x98, 0x12, 0x08, 0xFD, 0x80, 0x11, 0x1A, 0xA0, 0x03, 0x48, 0xDA, 0x10, 0x88, 0x54, 0x21,
0x09, 0xAA, 0xAA, 0xB3, 0x50, 0x0C, 0xDA, 0x22, 0x10, 0xBC, 0x03, 0x22, 0x8E, 0xA1, 0x11, 0x04,
0x51, 0x00, 0xA9, 0xBA, 0xA9, 0x14, 0x19, 0xCF, 0xB3, 0x40, 0x89, 0xB8, 0x32, 0x00, 0xCB, 0x13,
0x11, 0x37, 0x40, 0x08, 0x9B, 0xBA, 0x91, 0x52, 0xCC, 0x9A, 0x24, 0x19, 0x9A, 0x92, 0x39, 0xAB,
0xA2, 0x73, 0x00, 0x54, 0x08, 0x89, 0xAB, 0xB0, 0x04, 0x4E, 0xB9, 0x01, 0x21, 0x99, 0x98, 0x01,
0xAC, 0x91, 0x26, 0x30, 0x84, 0x51, 0x08, 0xAA, 0xCA, 0x11, 0x22, 0xED, 0x91, 0x10, 0x00, 0x90,
0x00, 0x9A, 0xEA, 0x34, 0x22, 0x08, 0x24, 0x38, 0x8B, 0xBE, 0xB0, 0x20, 0x8B, 0xFA, 0x33, 0x89,
0x80, 0x00, 0x09, 0x9F, 0xC2, 0x42, 0x10, 0x01, 0x34, 0x99, 0x9A, 0xCC, 0x83, 0x2F, 0xA0, 0x01,
0x10, 0x89, 0x89, 0x11, 0xAB, 0xCC, 0x37, 0x20, 0x01, 0x13, 0x38, 0xAA, 0xAC, 0xDA, 0x34, 0xEB,
0x02, 0x00, 0x00, 0x09, 0xA0, 0x89, 0xBA, 0x92, 0x76, 0x08, 0x11, 0x11, 0x10, 0x9B, 0xBC, 0xC1,
0x1B, 0xF0, 0x22, 0x88, 0x08, 0x9A, 0x90, 0x9D, 0x90, 0x15, 0x32, 0x21, 0x00, 0x22, 0x00, 0xEB,
0xBB, 0x98, 0xAD, 0x97, 0x48, 0x98, 0x89, 0x89, 0x09, 0xBD, 0x22, 0x22, 0x44, 0x19, 0x91, 0x01,
0x1B, 0xEA, 0x9A, 0x9A, 0x11, 0x74, 0x8A, 0x90, 0x88, 0x90, 0x8D, 0xC0, 0x22, 0x23, 0x62, 0x99,
0x01, 0x09, 0xAC, 0xB8, 0x9D, 0xA4, 0x42, 0x28, 0xBC, 0x88, 0x08, 0x08, 0xBD, 0x91, 0x34, 0x35,
0x39, 0xA0, 0x31, 0xAB, 0xDB, 0x98, 0xCD, 0x26, 0x28, 0x89, 0xB0, 0x09, 0x80, 0x89, 0xAB, 0x23,
0x73, 0x11, 0x08, 0x02, 0x3C, 0xBB, 0xCA, 0xAB, 0xC1, 0x77, 0x09, 0x89, 0x88, 0x89, 0x80, 0x8A,
0xA2, 0x25, 0x32, 0x08, 0x89, 0x22, 0xAD, 0x88, 0xAE, 0xA0, 0x17, 0x48, 0xA8, 0x98, 0x88, 0x98,
0x98, 0x89, 0x24, 0x35, 0x20, 0x0A, 0xB0, 0x08, 0xAA, 0x28, 0xFF, 0x12, 0x32, 0x0B, 0xA9, 0x90,
0x0B, 0xBA, 0xB8, 0x13, 0x54, 0x53, 0x08, 0x99, 0x99, 0x88, 0x0A, 0x9F, 0xE1, 0x42, 0x10, 0xA9,
0xAA, 0x89, 0x89, 0x9A, 0x95, 0x21, 0x03, 0x42, 0x38, 0xCB, 0x99, 0x33, 0xBF, 0xAB, 0x17, 0x60,
0x09, 0x99, 0x89, 0xA8, 0x98, 0x89, 0x42, 0x11, 0x12, 0x22, 0x2E, 0xB8, 0x00, 0x3A, 0xFA, 0x01,
0x63, 0x00, 0x89, 0xAB, 0xCA, 0x99, 0x88, 0x03, 0x71, 0x08, 0x01, 0x12, 0xDC, 0x02, 0x10, 0x9B,
0xC2, 0x15, 0x32, 0x10, 0x89, 0xFB, 0x9A, 0x88, 0x01, 0x24, 0x28, 0x90, 0x81, 0x3A, 0xFA, 0x33,
0x99, 0xAA, 0x13, 0x64, 0x30, 0x18, 0x0F, 0xE8, 0x88, 0x90, 0x11, 0x22, 0x8A, 0x80, 0x00, 0x8C,
0xA5, 0x38, 0x9A, 0x90, 0x34, 0x33, 0x43, 0xAC, 0xFC, 0xA0, 0x08, 0x93, 0x32, 0x29, 0xBA, 0x22,
0xBB, 0x08, 0x64, 0x09, 0xAA, 0x96, 0x22, 0x14, 0x38, 0xCD, 0xDA, 0x11, 0x9A, 0x34, 0x18, 0x9A,
0xA2, 0x20, 0x99, 0x92, 0x61, 0x99, 0x99, 0x44, 0x21, 0x24, 0x0F, 0xCA, 0xA0, 0x10, 0x81, 0x42,
0x99, 0xAB, 0x02, 0x00, 0x80, 0x03, 0x40, 0x88, 0x07, 0x62, 0x80, 0x11, 0xEB, 0xBB, 0x81, 0x11,
0x14, 0x2A, 0xAC, 0xC0, 0x33, 0x80, 0x80, 0x02, 0xAB, 0x92, 0x77, 0x20, 0x80, 0x1C, 0xDA, 0x98,
0x08, 0x22, 0x11, 0x9B, 0xCA, 0x83, 0x51, 0x10, 0x80, 0x88, 0x98, 0x33, 0x77, 0x08, 0x98, 0xAB,
0xA9, 0x88, 0x94, 0x40, 0x89, 0xCA, 0xA9, 0x33, 0x22, 0x21, 0x09, 0xA0, 0x07, 0x44, 0x40, 0x99,
0xBB, 0xBB, 0xAB, 0x88, 0x66, 0x1B, 0xAA, 0xA0, 0x10, 0x13, 0x51, 0xAB, 0x22, 0x00, 0x55, 0x21,
0x0A, 0xBC, 0xB9, 0x8A, 0xA8, 0x13, 0x72, 0xDB, 0x08, 0x88, 0x01, 0x24, 0x3C, 0xB2, 0x21, 0x03,
0x75, 0x08, 0xAB, 0x98, 0x88, 0x9A, 0xA2, 0x21, 0x1F, 0xC8, 0x10, 0x98, 0x43, 0x01, 0xAB, 0x04,
0x32, 0x37, 0x40, 0x0B, 0xD9, 0x08, 0x00, 0xBB, 0x33, 0xAD, 0xAA, 0x93, 0x2A, 0xA4, 0x41, 0x09,
0xA8, 0x54, 0x11, 0x34, 0x18, 0xBF, 0xB1, 0x10, 0x0A, 0xA0, 0x28, 0xFA, 0x89, 0x21, 0x8A, 0x24,
0x29, 0x80, 0x84, 0x41, 0x24, 0x51, 0xBA, 0xEB, 0x11, 0x01, 0x8A, 0x80, 0x0E, 0xB0, 0x01, 0x00,
0x90, 0x32, 0xBB, 0x74, 0x10, 0x11, 0x23, 0x3D, 0xBD, 0xB0, 0x21, 0x08, 0xA9, 0x99, 0xEB, 0x01,
0x10, 0x81, 0x19, 0xA0, 0x87, 0x72, 0x90, 0x12, 0x01, 0xAA, 0xCC, 0x94, 0x39, 0x89, 0x9C, 0xBA,
0x90, 0x21, 0x00, 0x80, 0xBD, 0x14, 0x54, 0x3A, 0xA4, 0x31, 0x09, 0xDA, 0xA9, 0x43, 0x89, 0x99,
0xDD, 0x90, 0x00, 0x11, 0x08, 0x99, 0xB0, 0x75, 0x01, 0x99, 0x14, 0x10, 0x9B, 0xBA, 0xA3, 0x50,
0x89, 0xAB, 0xFB, 0x10, 0x11, 0x11, 0x0C, 0xA9, 0x87, 0x50, 0x88, 0x90, 0x32, 0x98, 0xA9, 0xAA,
0x05, 0x29, 0x8A, 0xBE, 0xC0, 0x10, 0x00, 0x21, 0xDB, 0x11, 0x63, 0x19, 0x98, 0x03, 0x3A, 0xAA,
0xBA, 0xA8, 0x73, 0x99, 0xBA, 0xCC, 0x83, 0x19, 0xA2, 0x2E, 0xC1, 0x35, 0x32, 0xBB, 0x23, 0x23,
0x8C, 0xAA, 0x9A, 0xA5, 0x30, 0x0D, 0xDA, 0x98, 0x22, 0x99, 0x22, 0xAF, 0x94, 0x31, 0x2A, 0xB2,
0x42, 0x10, 0xBB, 0x99, 0xBC, 0x25, 0x11, 0xAF, 0xC0, 0x80, 0x10, 0x80, 0x00, 0xD9, 0x44, 0x10,
0xAA, 0x15, 0x28, 0x89, 0x99, 0x89, 0xA0, 0x52, 0x80, 0xFB, 0x80, 0x00, 0x00, 0x08, 0x99, 0xA7,
0x31, 0xA8, 0x81, 0x54, 0x98, 0xA9, 0x99, 0x88, 0x86, 0x39, 0x8C, 0xC9, 0x00, 0x00, 0x00, 0x89,
0x98, 0x47, 0x19, 0xA2, 0x14, 0x38, 0xAB, 0xBB, 0x98, 0x80, 0x74, 0x0A, 0xAD, 0x90, 0x09, 0x82,
0x30, 0xBA, 0x01, 0x73, 0xCA, 0x35, 0x20, 0x0A, 0x9C, 0xA0, 0x81, 0x12, 0x40, 0xCC, 0xAA, 0x08,
0x80, 0x24, 0x1B, 0xA2, 0x33, 0x3C, 0xF2, 0x72, 0x88, 0x99, 0x9A, 0x90, 0x12, 0x23, 0x2F, 0xB9,
0xA9, 0x80, 0x21, 0x22, 0xCB, 0x36, 0x89, 0x88, 0x37, 0x69, 0x89, 0x98, 0x90, 0x01, 0x01, 0x11,
0xAB, 0xCB, 0xB9, 0x87, 0x39, 0x90, 0x81, 0x10, 0xA9, 0x23, 0x77, 0x0A, 0xA9, 0x99, 0x03, 0x31,
0x10, 0x0C, 0xCB, 0x99, 0x80, 0x63, 0x8B, 0x80, 0x10, 0x0C, 0xC4, 0x44, 0x38, 0xCB, 0xBB, 0x00,
0x44, 0x10, 0x80, 0x8C, 0xBB, 0xB3, 0x42, 0x10, 0xC9, 0x22, 0x80, 0xDC, 0x46, 0x20, 0x0C, 0xAA,
0x90, 0x82, 0x51, 0x89, 0x00, 0xBA, 0xA9, 0x02, 0x22, 0x0D, 0xC3, 0x30, 0x0A, 0xD0, 0x74, 0x09,
0xAB, 0xA8, 0x01, 0x26, 0x29, 0x98, 0x9A, 0xB8, 0x22, 0x01, 0x99, 0xBD, 0x14, 0x1A, 0x90, 0x07,
0x70, 0x9A, 0xB9, 0x80, 0x32, 0x34, 0x89, 0xAC, 0xA9, 0x04, 0x30, 0x8A, 0xBA, 0x01, 0x41, 0xBC,
0x22, 0x74, 0x0C, 0xAC, 0xA0, 0x03, 0x42, 0x30, 0xAB, 0xEA, 0x01, 0x33, 0x8A, 0xBB, 0x91, 0x25,
0x3B, 0xD1, 0x32, 0x30, 0xEB, 0xBB, 0x02, 0x45, 0x20, 0x09, 0xAE, 0xA1, 0x13, 0x20, 0xBB, 0xAA,
0x42, 0x12, 0xAB, 0x07, 0x20, 0x0C, 0xCB, 0xA8, 0x14, 0x52, 0x10, 0xBB, 0xCA, 0x16, 0x11, 0x0B,
0xB8, 0x91, 0x22, 0x10, 0xA8, 0x53, 0xAB, 0xBC, 0xBC, 0x83, 0x46, 0x30, 0x0B, 0xDA, 0x80, 0x53,
0x89, 0xAA, 0x98, 0x03, 0x21, 0x0A, 0x93, 0x5A, 0xD9, 0x89, 0xBA, 0x53, 0x35, 0x08, 0xAE, 0xA1,
0x03, 0x40, 0xAA, 0xB9, 0x01, 0x33, 0x00, 0x98, 0x02, 0x8F, 0xBA, 0x9A, 0x95, 0x43, 0x31, 0xAC,
0xDB, 0x22, 0x43, 0x0B, 0xAD, 0x91, 0x21, 0x20, 0x09, 0x99, 0x99, 0xBC, 0xBC, 0x00, 0x65, 0x21,
0x0B, 0xCA, 0xB2, 0x43, 0x31, 0xBC, 0xBC, 0x13, 0x33, 0x19, 0x9A, 0xAA, 0xBC, 0xCB, 0xB8, 0x45,
0x72, 0x88, 0xAB, 0x90, 0x05, 0x21, 0x0A, 0xBB, 0xA0, 0x52, 0x22, 0xAA, 0x80, 0xCB, 0xB9, 0xBE,
0x94, 0x36, 0x28, 0xAA, 0x89, 0x00, 0x44, 0x08, 0x9B, 0xA9, 0x81, 0x37, 0x3A, 0xB9, 0x89, 0x8A,
0xDB, 0x89, 0x54, 0x23, 0x8C, 0xB0, 0x00, 0x12, 0x31, 0x89, 0xCA, 0x11, 0x11, 0x44, 0x9F, 0x90,
0x0A, 0xAE, 0xA8, 0x04, 0x51, 0x09, 0xAB, 0x12, 0x11, 0x11, 0x08, 0x9A, 0xB3, 0x31, 0x22, 0x2B,
0xFF, 0x02, 0xBB, 0xCA, 0x81, 0x47, 0x39, 0xA9, 0x88, 0x00, 0x22, 0x08, 0x08, 0x08, 0x08, 0x13,
0x2C, 0xCD, 0xC2, 0x3B, 0xFB, 0x98, 0x43, 0x43, 0xBC, 0x81, 0x18, 0x01, 0x10, 0x80, 0x81, 0x22,
0x80, 0x80, 0xDA, 0xBC, 0x03, 0xAF, 0xFA, 0x93, 0x51, 0x19, 0xC9, 0x22, 0x80, 0x12, 0x0A, 0x80,
0x04, 0x38, 0x0C, 0xBC, 0xB8, 0x41, 0x9A, 0xFC, 0xA8, 0x37, 0x28, 0x9A, 0x91, 0x20, 0x91, 0x31,
0xB9, 0x11, 0x43, 0x00, 0xAD, 0xBB, 0xA4, 0x39, 0xAF, 0xC8, 0x82, 0x62, 0xA9, 0x89, 0x12, 0x09,
0x05, 0x2B, 0xC2, 0x22, 0x20, 0x9A, 0xDA, 0x99, 0x43, 0x9C, 0xCB, 0xA2, 0x27, 0x29, 0xB0, 0x00,
0x08, 0x11, 0x52, 0xAB, 0x14, 0x23, 0x0C, 0xCA, 0xC0, 0x11, 0x18, 0xDB, 0xBC, 0x42, 0x22, 0x8B,
0x91, 0x09, 0x95, 0x32, 0x29, 0xC0, 0x44, 0x12, 0xCB, 0xBA, 0x92, 0x11, 0x8F, 0xD9, 0x91, 0x41,
0x88, 0x89, 0x11, 0x99, 0x35, 0x21, 0x09, 0x96, 0x20, 0x0B, 0xCA, 0x88, 0x11, 0xAA, 0xEB, 0xA8,
0x05, 0x20, 0x80, 0x80, 0x89, 0xA3, 0x75, 0x08, 0x80, 0x12, 0x09, 0xAB, 0xCA, 0xB3, 0x4A, 0xBD,
0xB9, 0x00, 0x33, 0x89, 0x11, 0x8B, 0x92, 0x57, 0x68, 0x80, 0x11, 0x10, 0x99, 0xA9, 0xCB, 0x25,
0x9C, 0xAA, 0x90, 0x10, 0x00, 0x00, 0x10, 0xBB, 0x63, 0x73, 0x09, 0x03, 0x10, 0x8A, 0xC8, 0x9B,
0xD0, 0x41, 0xEB, 0x08, 0x00, 0x09, 0x00, 0x00, 0x0C, 0xB4, 0x44, 0x41, 0x00, 0x01, 0x00, 0xBB,
0x99, 0xBF, 0x91, 0x3E, 0xB8, 0x00, 0x90, 0x11, 0x08, 0x08, 0xBD, 0x15, 0x43, 0x31, 0x10, 0x88,
0x98, 0x89, 0xCC, 0xCC, 0x01, 0xAC, 0xA8, 0x80, 0x01, 0x2C, 0xB0, 0x48, 0xE8, 0x63, 0x12, 0x23,
0x8A, 0xA0, 0x81, 0x2C, 0xCB, 0xCA, 0x88, 0x09, 0xBC, 0x00, 0x00, 0xBD, 0x05, 0x2B, 0xC6, 0x32,
0x12, 0x20, 0xAA, 0x88, 0x21, 0xAD, 0xCB, 0xB0, 0x80, 0x8D, 0xB0, 0x28, 0xAA, 0x00, 0x73, 0xBB,
0x47, 0x21, 0x10, 0x19, 0x99, 0x90, 0x29, 0xCB, 0xCB, 0x21, 0x9A, 0xCC, 0x92, 0x0A, 0xA0, 0x86,
0x38, 0xC1, 0x74, 0x10, 0x12, 0x9A, 0x99, 0x02, 0x2F, 0xC8, 0x80, 0x00, 0x9A, 0xAA, 0x34, 0xEB,
0x13, 0x00, 0x08, 0x07, 0x21, 0x01, 0x00, 0x99, 0x99, 0x21, 0xDC, 0x99, 0x03, 0x0D, 0xB0, 0x81,
0x1C, 0xE8, 0x22, 0x08, 0x08, 0x64, 0x00, 0x01, 0x1A, 0x98, 0x08, 0x0C, 0xCA, 0x99, 0x12, 0xEB,
0x01, 0x00, 0xAE, 0x93, 0x39, 0x90, 0x25, 0x62, 0x00, 0x01, 0xBA, 0x81, 0x89, 0xAB, 0xC9, 0x93,
0x4C, 0xE8, 0x10, 0x9A, 0x99, 0x24, 0x89, 0x04, 0x37, 0x21, 0x00, 0x19, 0xC9, 0x10, 0xBA, 0x08,
0xA9, 0x02, 0xCF, 0xD1, 0x2A, 0xA8, 0x81, 0x22, 0x80, 0x43, 0x33, 0x54, 0x09, 0x9B, 0xA0, 0x0C,
0xB0, 0x10, 0xB9, 0x0A, 0xFF, 0x01, 0x8A, 0x90, 0x12, 0x39, 0xA6, 0x33, 0x12, 0x21, 0x9B, 0xBB,
0x88, 0xCB, 0x93, 0x1C, 0xBA, 0xCD, 0xB8, 0x19, 0xDA, 0x80, 0x34, 0x11, 0x64, 0x23, 0x21, 0x2B,
0xBA, 0xB9, 0xA9, 0xA0, 0x53, 0xDC, 0x9A, 0xA9, 0x90, 0x8D, 0xB0, 0x92, 0x34, 0x35, 0x43, 0x44,
0x80, 0xAA, 0x98, 0x9A, 0x91, 0x21, 0x1C, 0xCC, 0xBB, 0xA9, 0x12, 0xFB, 0x81, 0x08, 0x16, 0x34,
0x23, 0x40, 0x89, 0xA9, 0x88, 0xEA, 0x12, 0x10, 0x8D, 0xAA, 0xB8, 0x80, 0x1B, 0xF9, 0x21, 0x99,
0x63, 0x23, 0x23, 0x19, 0xA9, 0x99, 0xAD, 0xC1, 0x51, 0x89, 0xAB, 0xCB, 0x98, 0x01, 0x8F, 0xA2,
0x29, 0x96, 0x42, 0x11, 0x10, 0x99, 0x99, 0x08, 0xAC, 0x96, 0x39, 0x9C, 0xBA, 0xB9, 0x08, 0x08,
0xDB, 0x24, 0x0A, 0x47, 0x40, 0x00, 0x09, 0x98, 0x09, 0x89, 0xA9, 0x62, 0x09, 0xBB, 0xCA, 0xA1,
0x2C, 0xAA, 0xA0, 0x21, 0x03, 0x77, 0x30, 0x00, 0x98, 0x88, 0x0A, 0x90, 0x83, 0x40, 0x9C, 0xDB,
0xAB, 0x11, 0x9C, 0x90, 0x88, 0x02, 0x37, 0x73, 0x08, 0x08, 0x98, 0x08, 0xAB, 0x01, 0x34, 0x2A,
0xAF, 0xD9, 0x80, 0x00, 0xA9, 0x10, 0x99, 0x33, 0x77, 0x18, 0x88, 0x90, 0x08, 0x09, 0xA8, 0x02,
0x23, 0x9A, 0xFD, 0x91, 0x09, 0x98, 0x91, 0x18, 0x91, 0x54, 0x52, 0x89, 0x88, 0x80, 0x88, 0x8B,
0xA3, 0x41, 0x28, 0xAF, 0xDA, 0x01, 0x98, 0x99, 0x13, 0x0C, 0x05, 0x42, 0x48, 0x89, 0x89, 0x00,
0x80, 0xCA, 0x14, 0x11, 0x09, 0xCF, 0xD0, 0x18, 0x88, 0x90, 0x00, 0x89, 0x63, 0x12, 0x88, 0x88,
0x08, 0x08, 0x0B, 0xD1, 0x42, 0x08, 0xBC, 0xDC, 0x00, 0x89, 0x90, 0x80, 0x18, 0x97, 0x52, 0x00,
0x89, 0x08, 0x08, 0x08, 0x9A, 0x94, 0x31, 0x0D, 0xDA, 0xA9, 0x88, 0xAA, 0x33, 0x89, 0x88, 0x77,
0x30, 0x89, 0x88, 0x80, 0x10, 0x99, 0x89, 0x33, 0x21, 0xFD, 0xA9, 0x98, 0x0A, 0xA2, 0x30, 0xA8,
0x25, 0x75, 0x08, 0x98, 0x80, 0x01, 0x08, 0x98, 0x00, 0x20, 0x0B, 0xFE, 0x98, 0x00, 0x89, 0x81,
0x1A, 0x92, 0x27, 0x41, 0x88, 0x98, 0x00, 0x11, 0xAA, 0x81, 0x14, 0x29, 0x9F, 0xF8, 0x90, 0x80,
0x90, 0x12, 0xAB, 0x24, 0x34, 0x21, 0x0A, 0xA0, 0x11, 0x3A, 0xE9, 0x23, 0x22, 0xAB, 0xFD, 0xA9,
0x80, 0x09, 0x82, 0x29, 0xC1, 0x72, 0x01, 0x12, 0x9A, 0x80, 0x11, 0x8C, 0xA3, 0x42, 0x2A, 0xCE,
0xCA, 0x90, 0x80, 0x98, 0x13, 0x0C, 0x87, 0x40, 0x00, 0x18, 0x98, 0x21, 0x80, 0xCB, 0x35, 0x10,
0x8D, 0xBB, 0xC8, 0x88, 0x08, 0x00, 0x01, 0xBB, 0x77, 0x00, 0x00, 0x08, 0x82, 0x18, 0xA8, 0x91,
0x52, 0x88, 0xEB, 0xAA, 0x80, 0x98, 0x88, 0x01, 0x19, 0xA7, 0x52, 0x00, 0x00, 0x89, 0x23, 0x8C,
0x91, 0x25, 0x38, 0x9F, 0xCA, 0x88, 0x80, 0x80, 0x98, 0x01, 0x01, 0x34, 0x40, 0x13, 0x28, 0x91,
0x48, 0xFA, 0x34, 0x22, 0x8A, 0xFC, 0xA8, 0x08, 0x09, 0x88, 0x91, 0x32, 0x12, 0x33, 0x12, 0x44,
0x09, 0x84, 0x2F, 0xD2, 0x32, 0x18, 0xAC, 0xFA, 0x00, 0x00, 0x98, 0x98, 0x82, 0x31, 0x21, 0x10,
0x03, 0x72, 0x89, 0x08, 0xDC, 0x25, 0x20, 0x0C, 0xAC, 0xA0, 0x10, 0x88, 0x98, 0xAA, 0x34, 0x22,
0x21, 0x0A, 0x07, 0x40, 0x1A, 0xAA, 0x92, 0x75, 0x08, 0xBC, 0xA9, 0x82, 0x1A, 0xA0, 0x0A, 0xA1,
0x43, 0x33, 0x08, 0x9A, 0x75, 0x10, 0x9B, 0xB1, 0x16, 0x30, 0x8D, 0xCA, 0x08, 0x21, 0xAA, 0x98,
0x98, 0x05, 0x22, 0x10, 0x80, 0x83, 0x71, 0x09, 0xDB, 0x22, 0x54, 0x0A, 0xAD, 0xA0, 0x01, 0x09,
0xA8, 0x09, 0x99, 0x43, 0x21, 0x8A, 0x83, 0x56, 0x2A, 0xAA, 0xB2, 0x53, 0x41, 0xBC, 0xCB, 0x11,
0x18, 0x9A, 0xA8, 0x0A, 0xB7, 0x31, 0x09, 0x98, 0x35, 0x23, 0xBE, 0x99, 0x15, 0x22, 0x1C, 0xBA,
0xB0, 0x32, 0x9A, 0xBC, 0x08, 0x9A, 0x47, 0x29, 0x89, 0x93, 0x23, 0x49, 0xDA, 0x88, 0x63, 0x10,
0xAD, 0xA9, 0x82, 0x29, 0xA9, 0x99, 0xA8, 0x02, 0x74, 0x89, 0x89, 0x12, 0x33, 0x1E, 0xA8, 0x04,
0x41, 0x0B, 0xEA, 0x08, 0x12, 0x9A, 0x99, 0x9A, 0x81, 0x27, 0x39, 0xA8, 0x81, 0x34, 0x11, 0xDC,
0x01, 0x37, 0x19, 0x9C, 0xB0, 0x11, 0x10, 0xAA, 0x99, 0xBC, 0x44, 0x11, 0x08, 0x89, 0x84, 0x31,
0x0B, 0xF0, 0x13, 0x43, 0xAB, 0xDB, 0x81, 0x10, 0x0B, 0xBB, 0xAA, 0xA6, 0x52, 0x08, 0x80, 0x98,
0x22, 0x10, 0xBF, 0xA5, 0x32, 0x2A, 0xBC, 0xBA, 0x21, 0x00, 0xAB, 0xCC, 0x90, 0x37, 0x49, 0x80,
0x80, 0x80, 0x11, 0x88, 0xCB, 0x73, 0x11, 0x9B, 0xCA, 0x91, 0x18, 0x09, 0xAD, 0xCA, 0x11, 0x53,
0x08, 0x08, 0x08, 0x14, 0x3A, 0xAC, 0xC4, 0x71, 0x08, 0xBB, 0x98, 0x01, 0x08, 0x9B, 0xCB, 0xB5,
0x41, 0x01, 0x80, 0x80, 0x80, 0x44, 0xAB, 0x98, 0x37, 0x58, 0x9A, 0xA8, 0x80, 0x80, 0x88, 0xCB,
0xBC, 0x26, 0x10, 0x00, 0x10, 0x09, 0x92, 0x40, 0xCA, 0x02, 0x74, 0x89, 0x9B, 0x90, 0x80, 0x80,
0x8F, 0xC8, 0x00, 0x42, 0x98, 0x22, 0x89, 0x9A, 0x05, 0x1B, 0xB4, 0x33, 0x40, 0xAA, 0xDA, 0x00,
0x80, 0x80, 0xFC, 0x91, 0x22, 0x39, 0xA3, 0x31, 0xB9, 0x08, 0x08, 0xCB, 0x47, 0x23, 0x19, 0xAC,
0xC0, 0x80, 0x80, 0x8B, 0xFE, 0x11, 0x11, 0x09, 0x02, 0x19, 0x90, 0x09, 0x98, 0x02, 0x72, 0x21,
0x98, 0xCC, 0x99, 0x00, 0x09, 0x9F, 0xE0, 0x21, 0x10, 0x08, 0x12, 0x9A, 0x08, 0x89, 0x90, 0x17,
0x32, 0x10, 0x9C, 0xCB, 0x9A, 0x11, 0xAB, 0xEB, 0x03, 0x42, 0x10, 0x03, 0x58, 0xA8, 0x18, 0xDA,
0x22, 0x53, 0x21, 0x0A, 0xBC, 0xBA, 0xB0, 0x2E, 0xD9, 0x00, 0x33, 0x80, 0x01, 0x12, 0x0A, 0xA0,
0x0E, 0xB2, 0x36, 0x42, 0x00, 0xAA, 0xBC, 0xA9, 0x08, 0xBF, 0xC1, 0x12, 0x21, 0x11, 0x10, 0x00,
0x80, 0xDB, 0x9A, 0x27, 0x23, 0x30, 0x1B, 0xDA, 0xA9, 0x99, 0x9A, 0xFC, 0x11, 0x24, 0x19, 0x01,
0x20, 0x80, 0x0C, 0xD9, 0x00, 0x44, 0x22, 0x00, 0x9B, 0xBB, 0xC9, 0x99, 0xAE, 0xB9, 0x23, 0x62,
0x98, 0x22, 0x00, 0x88, 0xAF, 0xB0, 0x16, 0x30, 0x10, 0x88, 0xAA, 0xAB, 0xBB, 0x90, 0xBD, 0x83,
0x44, 0x49, 0xA0, 0x31, 0x09, 0x9B, 0xFE, 0x01, 0x35, 0x10, 0x89, 0x89, 0x99, 0x8B, 0xBA, 0x08,
0x00, 0x35, 0x33, 0x9C, 0x02, 0x30, 0x8A, 0xBF, 0xF0, 0x02, 0x52, 0x80, 0x98, 0x88, 0xA9, 0xAC,
0xA9, 0x93, 0x23, 0x41, 0x20, 0xA9, 0x80, 0x53, 0xBE, 0xBC, 0x84, 0x43, 0x48, 0x99, 0x90, 0x18,
0xCB, 0xBC, 0xAA, 0x15, 0x21, 0x10, 0x08, 0x08, 0x02, 0x49, 0xFC, 0xA9, 0x43, 0x53, 0x8A, 0x90,
0x80, 0x1E, 0xA9, 0x89, 0x90, 0x34, 0x32, 0x9B, 0x11, 0x08, 0x11, 0x0F, 0xE9, 0xA3, 0x61, 0x10,
0x99, 0x08, 0x00, 0xBE, 0x90, 0x89, 0x04, 0x31, 0x19, 0xA9, 0x10, 0x00, 0x11, 0xFF, 0x90, 0x14,
0x20, 0x0A, 0x90, 0x00, 0x8A, 0xFA, 0x00, 0x80, 0x35, 0x00, 0x89, 0x90, 0x01, 0x29, 0x8E, 0xBA,
0x82, 0x74, 0x88, 0x99, 0x02, 0x09, 0xAC, 0xC8, 0x80, 0x23, 0x62, 0x88, 0x9A, 0x98, 0x13, 0x0A,
0xCE, 0xA0, 0x07, 0x30, 0x99, 0x90, 0x21, 0xAB, 0xBA, 0xCA, 0x04, 0x44, 0x39, 0x98, 0x99, 0xA1,
0x51, 0xAB, 0xDB, 0x01, 0x64, 0x19, 0xA8, 0x92, 0x3B, 0xBA, 0x9A, 0xBA, 0x63, 0x53, 0x9B, 0x80,
0x99, 0x95, 0x2B, 0xAC, 0xB1, 0x34, 0x52, 0xAA, 0x89, 0x22, 0xAE, 0xA0, 0x0A, 0xA5, 0x33, 0x38,
0xD9, 0x00, 0x89, 0x22, 0xBE, 0xA0, 0x83, 0x33, 0x4A, 0xA9, 0x90, 0x00, 0xFA, 0x01, 0xAB, 0x47,
0x22, 0x0B, 0xB8, 0x88, 0x01, 0x29, 0xFB, 0x08, 0x34, 0x10, 0x88, 0x98, 0x99, 0x9B, 0xAA, 0xA8,
0x87, 0x74, 0x11, 0xAB, 0x99, 0x00, 0x10, 0x0F, 0xB0, 0x03, 0x31, 0x98, 0x08, 0x08, 0xAB, 0xCA,
0xBC, 0x91, 0x37, 0x72, 0x19, 0xAA, 0x88, 0x01, 0x80,
/* 8: Harp  3687B  op=73  loop=1762->6550 */
0x08, 0x08, 0x08, 0x08, 0x08, 0x08, 0x08, 0x08, 0x08, 0x08, 0x73, 0x64, 0x23, 0x29, 0xAF, 0xDB,
0xDA, 0xBB, 0xBB, 0xBC, 0xAA, 0xA9, 0x80, 0x14, 0x53, 0x45, 0x24, 0x23, 0x33, 0x32, 0x22, 0x89,
0xAA, 0xCB, 0xCB, 0xCA, 0xAA, 0xB8, 0x90, 0x12, 0x63, 0x44, 0x34, 0x24, 0x22, 0x11, 0x0A, 0xBE,
0xBB, 0xDA, 0xCA, 0xBA, 0xBA, 0xAA, 0x98, 0x12, 0x35, 0x43, 0x43, 0x42, 0x33, 0x32, 0x00, 0xBC,
0xCC, 0xBC, 0xBC, 0xA9, 0xA8, 0x90, 0x02, 0x23, 0x63, 0x52, 0x33, 0x43, 0x23, 0x22, 0x1A, 0x9E,
0xBC, 0xCA, 0xBC, 0xAB, 0x9A, 0x98, 0x00, 0x23, 0x53, 0x44, 0x33, 0x33, 0x42, 0x22, 0x89, 0xCC,
0xDB, 0xBC, 0xBB, 0xB9, 0xA9, 0x80, 0x11, 0x34, 0x53, 0x43, 0x35, 0x22, 0x22, 0x22, 0x08, 0x9F,
0xAC, 0xBB, 0xBC, 0x9A, 0x98, 0x00, 0x21, 0x24, 0x33, 0x53, 0x34, 0x34, 0x33, 0x32, 0x09, 0xEB,
0xCC, 0xBC, 0xAB, 0xA9, 0xA0, 0x81, 0x22, 0x34, 0x34, 0x43, 0x35, 0x23, 0x32, 0x21, 0x0A, 0xCE,
0xBC, 0xCA, 0xBA, 0x99, 0x88, 0x12, 0x22, 0x33, 0x35, 0x34, 0x34, 0x34, 0x33, 0x22, 0x09, 0xDB,
0xFB, 0xAC, 0x9A, 0x98, 0x91, 0x01, 0x22, 0x22, 0x23, 0x53, 0x33, 0x53, 0x34, 0x11, 0x09, 0xAF,
0xBD, 0xBA, 0xAA, 0x98, 0x80, 0x21, 0x32, 0x22, 0x34, 0x35, 0x24, 0x23, 0x42, 0x21, 0x09, 0xDB,
0xEA, 0xCA, 0xAA, 0x99, 0x81, 0x12, 0x32, 0x22, 0x24, 0x43, 0x43, 0x44, 0x12, 0x11, 0x89, 0xBF,
0xAD, 0xBA, 0xBA, 0x98, 0x80, 0x12, 0x32, 0x33, 0x42, 0x43, 0x43, 0x43, 0x42, 0x21, 0x0A, 0xCC,
0xEB, 0xBB, 0xBB, 0x99, 0x80, 0x03, 0x24, 0x23, 0x34, 0x43, 0x34, 0x34, 0x34, 0x12, 0x8A, 0xBE,
0xBD, 0xBB, 0xCA, 0x99, 0x08, 0x12, 0x22, 0x23, 0x43, 0x43, 0x33, 0x44, 0x42, 0x11, 0x89, 0xBD,
0xCC, 0xCB, 0xAA, 0xA8, 0x90, 0x02, 0x23, 0x33, 0x35, 0x33, 0x43, 0x43, 0x34, 0x12, 0x0A, 0xAD,
0xBF, 0xBB, 0xBB, 0xA9, 0x88, 0x11, 0x23, 0x52, 0x33, 0x33, 0x32, 0x43, 0x45, 0x31, 0x28, 0xAB,
0xEB, 0xCC, 0xBC, 0x9A, 0x80, 0x01, 0x13, 0x32, 0x22, 0x22, 0x43, 0x72, 0x33, 0x32, 0x18, 0x9C,
0xBF, 0xBC, 0xBB, 0xBA, 0x88, 0x01, 0x13, 0x34, 0x32, 0x22, 0x26, 0x24, 0x34, 0x32, 0x21, 0x99,
0xEA, 0xEA, 0xBB, 0xBA, 0xA0, 0x81, 0x23, 0x33, 0x22, 0x13, 0x44, 0x53, 0x44, 0x22, 0x10, 0x0A,
0xAD, 0xBD, 0xCB, 0xBA, 0x98, 0x00, 0x11, 0x33, 0x32, 0x21, 0x35, 0x44, 0x43, 0x42, 0x21, 0x09,
0xCB, 0xDC, 0xBC, 0xBA, 0x98, 0x80, 0x01, 0x12, 0x32, 0x24, 0x34, 0x53, 0x33, 0x33, 0x32, 0x09,
0xCE, 0xBD, 0xBB, 0xCA, 0x99, 0x80, 0x00, 0x22, 0x21, 0x21, 0x45, 0x35, 0x32, 0x41, 0x11, 0x09,
0xAC, 0xCB, 0xDA, 0xCA, 0xA8, 0x90, 0x00, 0x11, 0x22, 0x13, 0x53, 0x53, 0x34, 0x13, 0x10, 0x0A,
0xBD, 0xBB, 0xCC, 0xCA, 0xAA, 0x99, 0x08, 0x11, 0x22, 0x44, 0x44, 0x34, 0x33, 0x31, 0x00, 0x9A,
0xBC, 0xCC, 0xBC, 0xBC, 0xBA, 0xBA, 0xA0, 0x02, 0x35, 0x44, 0x34, 0x33, 0x23, 0x12, 0x88, 0x9B,
0xBD, 0xBC, 0xCA, 0xBC, 0xBC, 0xBA, 0x99, 0x11, 0x43, 0x63, 0x43, 0x32, 0x32, 0x10, 0x8A, 0xCA,
0xBC, 0xAB, 0xCB, 0xBB, 0xCC, 0xCA, 0xB8, 0x02, 0x27, 0x33, 0x52, 0x32, 0x11, 0x88, 0x9A, 0xBB,
0xCA, 0xAB, 0xBB, 0xBC, 0xCB, 0xDA, 0xA9, 0x11, 0x53, 0x44, 0x43, 0x23, 0x11, 0x08, 0x9A, 0xCB,
0xCB, 0xAB, 0xBB, 0xAA, 0xCB, 0xCC, 0xB9, 0x83, 0x37, 0x52, 0x33, 0x33, 0x10, 0x09, 0xAA, 0xCC,
0xBC, 0xAA, 0xA9, 0xAA, 0x9B, 0xAB, 0xB9, 0x12, 0x77, 0x33, 0x33, 0x42, 0x20, 0x89, 0xAB, 0xDB,
0xCA, 0xBA, 0x99, 0x89, 0x99, 0x99, 0xA9, 0x96, 0x37, 0x24, 0x33, 0x32, 0x11, 0x9A, 0xBD, 0xBC,
0xBC, 0xB9, 0xA8, 0x88, 0x80, 0x00, 0x08, 0x01, 0x74, 0x44, 0x34, 0x22, 0x20, 0x0B, 0xBD, 0xBC,
0xBC, 0xAA, 0x99, 0x89, 0x00, 0x12, 0x22, 0x25, 0x36, 0x24, 0x33, 0x23, 0x10, 0x99, 0xCB, 0xFB,
0xBB, 0xBB, 0xA9, 0x90, 0x81, 0x11, 0x23, 0x53, 0x72, 0x33, 0x43, 0x21, 0x28, 0x8B, 0xBD, 0xBD,
0xBA, 0xCA, 0xAA, 0x99, 0x08, 0x01, 0x23, 0x55, 0x33, 0x33, 0x42, 0x11, 0x00, 0x99, 0xAB, 0xCB,
0xDB, 0xDB, 0xBB, 0xC8, 0x98, 0x00, 0x03, 0x73, 0x34, 0x22, 0x11, 0x89, 0x88, 0x80, 0x80, 0x88,
0x9D, 0xDC, 0xCB, 0xBB, 0x09, 0x88, 0x26, 0x34, 0x32, 0x30, 0x0A, 0xB9, 0x98, 0x32, 0x42, 0x23,
0x22, 0xBF, 0xFB, 0xB9, 0xA9, 0xA0, 0x02, 0x62, 0x33, 0x22, 0x8A, 0xCC, 0xB8, 0x83, 0x42, 0x35,
0x31, 0x0A, 0xEB, 0xCB, 0x9B, 0x88, 0x15, 0x23, 0x22, 0x20, 0x8B, 0xCA, 0xB9, 0x23, 0x73, 0x24,
0x23, 0x8C, 0xBD, 0xBA, 0xAA, 0x90, 0x13, 0x33, 0x42, 0x08, 0xCB, 0xEA, 0xA8, 0x02, 0x45, 0x34,
0x41, 0x08, 0xAB, 0xDA, 0xA9, 0x98, 0x12, 0x22, 0x21, 0x1C, 0xBD, 0xBB, 0xC9, 0x11, 0x53, 0x62,
0x23, 0x08, 0x9B, 0xBD, 0xB8, 0x90, 0x11, 0x22, 0x00, 0xAA, 0xFA, 0xBB, 0xA8, 0x04, 0x46, 0x33,
0x31, 0x10, 0xAA, 0xCC, 0xBA, 0x90, 0x02, 0x22, 0x19, 0xAF, 0xCA, 0xBA, 0xB8, 0x02, 0x64, 0x44,
0x21, 0x10, 0x0A, 0xAD, 0xA9, 0x80, 0x10, 0x00, 0x08, 0xCB, 0xEB, 0xAB, 0x88, 0x13, 0x56, 0x23,
0x21, 0x10, 0x08, 0xBC, 0xCA, 0x88, 0x02, 0x00, 0x8A, 0xBF, 0xCA, 0xAA, 0x90, 0x02, 0x63, 0x53,
0x21, 0x11, 0x09, 0x9B, 0xC9, 0x90, 0x80, 0x88, 0xAB, 0xFC, 0xBC, 0xAA, 0x08, 0x12, 0x46, 0x33,
0x32, 0x11, 0x18, 0xAA, 0xBC, 0x08, 0x80, 0xAA, 0xCD, 0xBE, 0xAB, 0xB8, 0x90, 0x13, 0x54, 0x44,
0x12, 0x20, 0x18, 0x9A, 0xAA, 0xB0, 0x89, 0x0B, 0xDC, 0xCB, 0xDB, 0xBA, 0x80, 0x14, 0x45, 0x32,
0x32, 0x22, 0x11, 0x89, 0xAA, 0xAA, 0x99, 0xAC, 0xEC, 0xCB, 0xDA, 0xA9, 0x90, 0x22, 0x53, 0x43,
0x33, 0x22, 0x10, 0x89, 0x9A, 0x9A, 0xA9, 0xAE, 0xCC, 0xCC, 0xAB, 0xAA, 0x88, 0x14, 0x36, 0x32,
0x42, 0x21, 0x20, 0x00, 0x09, 0x9B, 0x99, 0xBC, 0xEB, 0xDB, 0xCB, 0xAA, 0x90, 0x23, 0x54, 0x33,
0x33, 0x33, 0x12, 0x10, 0x1A, 0x9C, 0xBA, 0xBE, 0xCC, 0xCB, 0xBB, 0xBB, 0x99, 0x24, 0x53, 0x43,
0x33, 0x32, 0x22, 0x11, 0x21, 0x9B, 0xAC, 0xCC, 0xDC, 0xBC, 0xCA, 0xAA, 0x90, 0x12, 0x53, 0x33,
0x34, 0x33, 0x22, 0x21, 0x20, 0x0B, 0xBD, 0xBD, 0xCB, 0xDA, 0xCA, 0xA9, 0x98, 0x12, 0x44, 0x33,
0x34, 0x32, 0x22, 0x22, 0x23, 0x11, 0xBB, 0xFD, 0xBB, 0xCB, 0xCA, 0xB9, 0x98, 0x02, 0x53, 0x24,
0x23, 0x33, 0x33, 0x34, 0x33, 0x28, 0x8C, 0xCE, 0xBC, 0xCB, 0xBB, 0xAA, 0x08, 0x13, 0x44, 0x23,
0x23, 0x34, 0x24, 0x24, 0x42, 0x22, 0x89, 0xCC, 0xDB, 0xCB, 0xBB, 0xB8, 0x90, 0x12, 0x43, 0x32,
0x32, 0x34, 0x43, 0x63, 0x33, 0x31, 0x19, 0xBE, 0xCC, 0xBC, 0xBA, 0xA9, 0x88, 0x11, 0x23, 0x33,
0x42, 0x33, 0x45, 0x34, 0x33, 0x32, 0x00, 0xCC, 0xCC, 0xCB, 0xCA, 0xA9, 0xA1, 0x01, 0x22, 0x33,
0x33, 0x43, 0x43, 0x53, 0x33, 0x31, 0x2A, 0x9F, 0xAD, 0xAB, 0xCA, 0xBA, 0x88, 0x01, 0x22, 0x33,
0x34, 0x34, 0x35, 0x23, 0x23, 0x22, 0x10, 0xBB, 0xFD, 0xAC, 0xAB, 0xAA, 0x98, 0x01, 0x12, 0x23,
0x44, 0x33, 0x43, 0x34, 0x23, 0x21, 0x18, 0x9E, 0xBD, 0xBB, 0xCA, 0xBB, 0xAA, 0x01, 0x22, 0x34,
0x43, 0x43, 0x43, 0x34, 0x32, 0x11, 0x08, 0xCA, 0xFA, 0xBB, 0xCA, 0xBB, 0xB8, 0x90, 0x22, 0x24,
0x53, 0x33, 0x33, 0x44, 0x23, 0x10, 0x09, 0x9C, 0xCD, 0xAB, 0xBB, 0xCA, 0xBA, 0x00, 0x01, 0x12,
0x45, 0x33, 0x43, 0x43, 0x32, 0x11, 0x89, 0xBC, 0xEB, 0xBA, 0xBA, 0xBA, 0xB0, 0x91, 0x21, 0x12,
0x34, 0x44, 0x43, 0x54, 0x22, 0x10, 0x0B, 0xAE, 0xBB, 0xBA, 0xA8, 0x90, 0x02, 0x53, 0x00, 0x9A,
0x80, 0x00, 0x05, 0x27, 0x33, 0x21, 0x8A, 0xCC, 0xEB, 0x9A, 0x01, 0x12, 0x36, 0x31, 0x19, 0xBB,
0xAB, 0xAA, 0xAA, 0x44, 0x44, 0x10, 0x0A, 0xAE, 0xBB, 0xB8, 0x01, 0x35, 0x34, 0x53, 0x10, 0x8B,
0xAB, 0xBC, 0xC9, 0x81, 0x22, 0x42, 0x00, 0xCC, 0xCC, 0x99, 0x00, 0x24, 0x45, 0x32, 0x30, 0x99,
0xAB, 0xDA, 0xBA, 0x00, 0x22, 0x31, 0x19, 0xAE, 0xBD, 0xB9, 0x91, 0x23, 0x73, 0x43, 0x11, 0x9A,
0xAB, 0xAC, 0xA9, 0xA1, 0x12, 0x41, 0x0A, 0xDB, 0xEA, 0xAB, 0x00, 0x35, 0x35, 0x33, 0x40, 0x09,
0xAC, 0xAB, 0xBA, 0x00, 0x23, 0x33, 0x0C, 0xBD, 0xCB, 0xBA, 0xA0, 0x35, 0x53, 0x44, 0x11, 0x08,
0xAA, 0xBC, 0xAA, 0xA0, 0x13, 0x31, 0x0A, 0xDB, 0xBD, 0xAB, 0x08, 0x25, 0x44, 0x34, 0x30, 0x19,
0xAB, 0xCB, 0xBB, 0x08, 0x33, 0x32, 0x0C, 0xCD, 0xBC, 0xBA, 0xA0, 0x25, 0x53, 0x34, 0x22, 0x08,
0xAB, 0xBD, 0xA9, 0x91, 0x01, 0x31, 0x09, 0xDB, 0xCC, 0xAB, 0x99, 0x24, 0x46, 0x23, 0x31, 0x28,
0x8B, 0xCB, 0xCA, 0x98, 0x11, 0x11, 0x09, 0xBF, 0xAB, 0xCA, 0x98, 0x14, 0x53, 0x52, 0x22, 0x00,
0x9A, 0xBB, 0xC9, 0xA0, 0x01, 0x20, 0x19, 0xDB, 0xDB, 0xBB, 0x99, 0x23, 0x74, 0x34, 0x22, 0x10,
0x0A, 0xBC, 0xBB, 0x89, 0x11, 0x21, 0x0B, 0xDD, 0xBC, 0xBA, 0xA0, 0x13, 0x73, 0x43, 0x23, 0x11,
0x89, 0xCC, 0xAA, 0x90, 0x00, 0x11, 0x0A, 0xDB, 0xEA, 0xBA, 0x89, 0x22, 0x55, 0x24, 0x21, 0x20,
0x1A, 0xAB, 0xCA, 0x99, 0x10, 0x00, 0x9A, 0xDC, 0xCB, 0xC9, 0x90, 0x03, 0x45, 0x43, 0x23, 0x21,
0x00, 0xAC, 0xBA, 0xB0, 0x80, 0x9A, 0xAE, 0xCB, 0xDA, 0xAA, 0x88, 0x23, 0x63, 0x52, 0x31, 0x20,
0x18, 0x89, 0xBA, 0xA9, 0xA9, 0xDA, 0xCC, 0xBB, 0xCB, 0xA9, 0x92, 0x25, 0x44, 0x43, 0x23, 0x22,
0x11, 0x08, 0x9C, 0xBB, 0xCC, 0xBB, 0xDA, 0xBC, 0xAA, 0xA9, 0x21, 0x43, 0x53, 0x52, 0x31, 0x31,
0x21, 0x10, 0x8A, 0xCC, 0xCB, 0xCB, 0xBC, 0xBB, 0xAB, 0xA0, 0x03, 0x45, 0x35, 0x33, 0x42, 0x22,
0x12, 0x01, 0x8B, 0xCD, 0xBC, 0xCA, 0xBA, 0xAB, 0xA9, 0x88, 0x12, 0x44, 0x44, 0x34, 0x34, 0x32,
0x21, 0x18, 0x9A, 0xCC, 0xDA, 0xBB, 0xBC, 0xAA, 0xA9, 0x80, 0x11, 0x35, 0x44, 0x33, 0x52, 0x23,
0x12, 0x00, 0x9A, 0xCD, 0xBC, 0xBA, 0xCA, 0x9A, 0x99, 0x08, 0x01, 0x34, 0x53, 0x42, 0x43, 0x33,
0x32, 0x10, 0x8B, 0xDC, 0xCB, 0xCB, 0xAB, 0xBA, 0xA8, 0x80, 0x82, 0x36, 0x35, 0x23, 0x43, 0x43,
0x11, 0x10, 0x8A, 0xBF, 0xAC, 0xAB, 0xAA, 0xAA, 0x99, 0x80, 0x00, 0x34, 0x63, 0x34, 0x34, 0x33,
0x21, 0x28, 0x8A, 0xDC, 0xCB, 0xBC, 0xAA, 0xAA, 0x98, 0x80, 0x82, 0x26, 0x33, 0x53, 0x34, 0x33,
0x22, 0x10, 0x9B, 0xDC, 0xCB, 0xCA, 0xAB, 0xA9, 0x98, 0x00, 0x01, 0x35, 0x34, 0x43, 0x44, 0x23,
0x30, 0x10, 0x9A, 0xCD, 0xBC, 0xBB, 0xBB, 0xAA, 0x90, 0x80, 0x03, 0x35, 0x25, 0x34, 0x43, 0x42,
0x22, 0x00, 0xA9, 0xCC, 0xCC, 0xBB, 0xBA, 0xA8, 0x90, 0x90, 0x01, 0x34, 0x53, 0x53, 0x34, 0x32,
0x31, 0x28, 0x9B, 0xCD, 0xCB, 0xBC, 0xAB, 0x99, 0x98, 0x00, 0x12, 0x23, 0x46, 0x24, 0x42, 0x32,
0x32, 0x00, 0x9B, 0xCD, 0xBC, 0xBB, 0xC9, 0xA9, 0x99, 0x08, 0x12, 0x33, 0x53, 0x53, 0x43, 0x32,
0x32, 0x29, 0x8B, 0xCD, 0xCB, 0xCB, 0xBB, 0x99, 0x98, 0x00, 0x12, 0x35, 0x34, 0x43, 0x52, 0x22,
0x21, 0x00, 0x9A, 0xCB, 0xDB, 0xCB, 0xC9, 0xA9, 0x98, 0x00, 0x22, 0x34, 0x35, 0x24, 0x22, 0x22,
0x21, 0x28, 0x8A, 0xCB, 0xDB, 0xEA, 0xBB, 0xAA, 0x99, 0x01, 0x35, 0x33, 0x34, 0x32, 0x22, 0x12,
0x11, 0x08, 0x89, 0x89, 0xED, 0xCD, 0xAA, 0xA9, 0xA8, 0x81, 0x44, 0x33, 0x33, 0x21, 0x09, 0x80,
0x80, 0x01, 0x22, 0x28, 0xAF, 0xFC, 0xAB, 0xAA, 0xAA, 0x03, 0x64, 0x32, 0x31, 0x18, 0xAB, 0xBB,
0x99, 0x21, 0x43, 0x42, 0x0A, 0xDD, 0xB9, 0xAB, 0xB9, 0x82, 0x74, 0x32, 0x22, 0x08, 0xBB, 0xDA,
0xA8, 0x91, 0x14, 0x42, 0x10, 0xCA, 0xBA, 0xBB, 0xFB, 0x01, 0x36, 0x23, 0x21, 0x19, 0xAC, 0xCA,
0x99, 0x01, 0x22, 0x43, 0x10, 0xAE, 0xAA, 0xAB, 0xBA, 0x84, 0x63, 0x43, 0x12, 0x89, 0xBC, 0xBD,
0x99, 0x08, 0x02, 0x22, 0x30, 0xA9, 0xAA, 0xAA, 0xCB, 0x26, 0x55, 0x22, 0x10, 0x8A, 0xBC, 0xCA,
0xB9, 0x98, 0x00, 0x34, 0x20, 0x89, 0x90, 0x09, 0x92, 0x27, 0x74, 0x22, 0x00, 0xAA, 0xBD, 0xAB,
0xA9, 0x99, 0x80, 0x12, 0x10, 0xA9, 0x00, 0x23, 0x73, 0x63, 0x52, 0x31, 0x1A, 0x9B, 0xBE, 0xBB,
0xBA, 0xAA, 0x00, 0x12, 0x9C, 0xAA, 0x91, 0x37, 0x45, 0x24, 0x32, 0x31, 0x88, 0xCB, 0xCB, 0xBC,
0x99, 0x99, 0x88, 0x0B, 0xAB, 0xB9, 0x13, 0x53, 0x75, 0x33, 0x42, 0x21, 0x0A, 0xAD, 0xBB, 0xBA,
0xAA, 0x99, 0x00, 0x08, 0xDB, 0xAA, 0xA8, 0x07, 0x37, 0x42, 0x22, 0x11, 0x98, 0xCB, 0xBB, 0xAA,
0xA9, 0xA8, 0x80, 0x0D, 0xBB, 0xBA, 0x90, 0x34, 0x77, 0x23, 0x22, 0x10, 0x0A, 0xAC, 0xBC, 0xAA,
0xA9, 0x09, 0x11, 0x9A, 0xDB, 0xAA, 0x90, 0x07, 0x36, 0x32, 0x32, 0x21, 0x09, 0xCB, 0xCC, 0x9A,
0x89, 0x90, 0x00, 0x0C, 0xBB, 0xBB, 0xC9, 0x12, 0x76, 0x24, 0x21, 0x20, 0x09, 0x9B, 0xBB, 0xCB,
0xAA, 0x80, 0x01, 0xA9, 0xDB, 0xBA, 0xA9, 0x16, 0x36, 0x34, 0x33, 0x22, 0x88, 0xBA, 0xBB, 0xDB,
0xAB, 0x98, 0x8A, 0xBA, 0xBC, 0xBD, 0xAA, 0x22, 0x74, 0x34, 0x33, 0x31, 0x19, 0x9A, 0xBC, 0xBC,
0xC9, 0x88, 0x9A, 0xBB, 0xBA, 0xDB, 0xA0, 0x16, 0x34, 0x34, 0x42, 0x21, 0x00, 0x88, 0x89, 0xDC,
0xAA, 0x98, 0x9A, 0xAA, 0x9C, 0xBB, 0xC8, 0x23, 0x63, 0x53, 0x33, 0x32, 0x00, 0x98, 0x9B, 0xCD,
0xC9, 0x89, 0xAA, 0xAB, 0x9A, 0xBC, 0x90, 0x15, 0x36, 0x24, 0x23, 0x22, 0x11, 0x88, 0x88, 0xEB,
0xAB, 0xAB, 0xAD, 0xAA, 0x99, 0xAA, 0x90, 0x34, 0x63, 0x43, 0x34, 0x22, 0x10, 0x08, 0x0A, 0xAD,
0xBB, 0xBD, 0xBB, 0xBB, 0xAA, 0xBB, 0x80, 0x44, 0x54, 0x42, 0x31, 0x22, 0x22, 0x00, 0x08, 0xDB,
0xBC, 0xBC, 0xBB, 0xBB, 0xBC, 0xB8, 0x01, 0x24, 0x63, 0x43, 0x21, 0x32, 0x33, 0x31, 0x2A, 0xAC,
0xCD, 0xBC, 0xCB, 0xAA, 0xBB, 0xA9, 0x00, 0x34, 0x55, 0x32, 0x21, 0x01, 0x22, 0x22, 0x00, 0x99,
0x9A, 0xFF, 0xAA, 0xB9, 0xAA, 0xA0, 0x11, 0x22, 0x52, 0x52, 0x10, 0x00, 0x12, 0x34, 0x20, 0x00,
0x1C, 0xCE, 0xCA, 0x9A, 0xAB, 0x89, 0x12, 0x22, 0x35, 0x33, 0x40, 0x80, 0x24, 0x52, 0x01, 0x01,
0x10, 0xCE, 0xBA, 0xCA, 0xBA, 0xB0, 0x02, 0x24, 0x34, 0x33, 0x80, 0xAA, 0x14, 0x44, 0x31, 0x04,
0x38, 0x9F, 0xDA, 0xAA, 0x9A, 0x00, 0x22, 0x22, 0x12, 0x22, 0x2B, 0xBB, 0xB5, 0x73, 0x22, 0x23,
0x23, 0xCE, 0xBC, 0xBA, 0xB9, 0xA1, 0x13, 0x42, 0x32, 0x12, 0x99, 0xDC, 0x01, 0x35, 0x22, 0x24,
0x31, 0x8C, 0xEA, 0xBB, 0xAA, 0x08, 0x13, 0x23, 0x32, 0x28, 0x8F, 0xAB, 0xB0, 0x53, 0x44, 0x22,
0x23, 0x89, 0xCD, 0xBB, 0xBA, 0xA0, 0x02, 0x43, 0x33, 0x89, 0xDB, 0xDB, 0x98, 0x15, 0x33, 0x44,
0x21, 0x19, 0xAB, 0xDB, 0x99, 0x08, 0x12, 0x22, 0x09, 0xAF, 0xBC, 0xBB, 0xB0, 0x24, 0x44, 0x43,
0x23, 0x01, 0x9B, 0xBB, 0xB1, 0x14, 0x22, 0x29, 0xAF, 0xDB, 0xCB, 0xBB, 0x89, 0x24, 0x43, 0x42,
0x22, 0x10, 0x00, 0x00, 0x23, 0x73, 0x12, 0x9B, 0xEC, 0xCB, 0xCA, 0xA9, 0x91, 0x23, 0x43, 0x22,
0x10, 0x00, 0x23, 0x54, 0x44, 0x33, 0x28, 0x9D, 0xCB, 0xDB, 0xBB, 0x9A, 0x01, 0x23, 0x23, 0x22,
0x18, 0x80, 0x15, 0x54, 0x52, 0x33, 0x10, 0x9B, 0xDC, 0xCB, 0xAB, 0xA9, 0x00, 0x32, 0x32, 0x23,
0x08, 0x89, 0x13, 0x76, 0x24, 0x32, 0x38, 0x8C, 0xCC, 0xBC, 0xBA, 0x9A, 0x10, 0x23, 0x22, 0x11,
0x08, 0x99, 0x93, 0x75, 0x43, 0x33, 0x22, 0x9A, 0xEC, 0xBB, 0xCA, 0xA8, 0x81, 0x22, 0x21, 0x00,
0x08, 0x99, 0x12, 0x76, 0x24, 0x22, 0x20, 0x8B, 0xCC, 0xBC, 0xBA, 0xAB, 0x00, 0x13, 0x32, 0x20,
0x1A, 0xAB, 0xB3, 0x76, 0x43, 0x33, 0x22, 0x99, 0xDB, 0xCC, 0xAB, 0xAA, 0x92, 0x22, 0x32, 0x10,
0x88, 0xAA, 0x88, 0x74, 0x45, 0x22, 0x30, 0x19, 0xAD, 0xCB, 0xBB, 0xBA, 0x00, 0x24, 0x11, 0x19,
0x8A, 0x9A, 0xA3, 0x56, 0x43, 0x43, 0x21, 0x88, 0xCB, 0xDB, 0xBB, 0xBA, 0x91, 0x23, 0x41, 0x10,
0x99, 0x9A, 0x98, 0x45, 0x54, 0x34, 0x31, 0x19, 0xAC, 0xCC, 0xAB, 0xAB, 0x08, 0x23, 0x12, 0x09,
0x9B, 0xA9, 0x82, 0x37, 0x72, 0x43, 0x22, 0x88, 0xAC, 0xBC, 0xBB, 0xC9, 0xA1, 0x11, 0x21, 0x00,
0x99, 0xBB, 0x89, 0x36, 0x65, 0x23, 0x32, 0x19, 0x9C, 0xBC, 0xBC, 0xBB, 0x89, 0x21, 0x21, 0x18,
0x9B, 0xA9, 0xA3, 0x37, 0x63, 0x43, 0x33, 0x00, 0xAB, 0xCD, 0xBB, 0xBA, 0xB0, 0x01, 0x21, 0x00,
0xAB, 0xBC, 0x00, 0x73, 0x53, 0x43, 0x31, 0x2A, 0xAA, 0xCB, 0xBB, 0xCA, 0x99, 0x00, 0x99, 0xAC,
0xBD, 0xA0, 0x84, 0x44, 0x43, 0x42, 0x31, 0x08, 0xBB, 0xBB, 0xCA, 0xAA, 0x98, 0x9A, 0xBD, 0xBC,
0xCA, 0x99, 0x33, 0x74, 0x33, 0x32, 0x20, 0x0A, 0xBB, 0xBB, 0x99, 0x98, 0x00, 0xCB, 0xFC, 0xBC,
0xBA, 0xB1, 0x06, 0x34, 0x42, 0x22, 0x08, 0x89, 0x9A, 0x98, 0x00, 0x01, 0x1A, 0xAF, 0xEA, 0xBA,
0xBB, 0x99, 0x34, 0x63, 0x33, 0x20, 0x19, 0x99, 0xA8, 0x81, 0x24, 0x43, 0x21, 0xEB, 0xDB, 0xBB,
0xBC, 0xA0, 0x05, 0x35, 0x22, 0x10, 0x89, 0xAA, 0x89, 0x02, 0x24, 0x34, 0x30, 0x0F, 0xBB, 0xBC,
0xBB, 0xA9, 0x23, 0x73, 0x32, 0x20, 0x8B, 0xBB, 0xB0, 0x02, 0x35, 0x44, 0x33, 0xAA, 0xEB, 0xCA,
0xBB, 0xA0, 0x15, 0x34, 0x22, 0x00, 0x9A, 0xBB, 0x9A, 0x23, 0x53, 0x64, 0x21, 0x1B, 0xBD, 0xBB,
0xBB, 0xAA, 0x12, 0x53, 0x34, 0x11, 0x9B, 0xCC, 0xB8, 0x02, 0x36, 0x34, 0x42, 0x08, 0xBC, 0xBC,
0xAB, 0xA9, 0x81, 0x35, 0x32, 0x10, 0xAB, 0xDB, 0xAA, 0x02, 0x54, 0x35, 0x22, 0x19, 0x9C, 0xAC,
0xBA, 0xA9, 0x01, 0x33, 0x43, 0x11, 0xAC, 0xCC, 0xB8, 0x92, 0x35, 0x44, 0x34, 0x11, 0xA9, 0xBC,
0xCB, 0xB9, 0x91, 0x14, 0x41, 0x00, 0xAB, 0xCC, 0xBA, 0x01, 0x53, 0x44, 0x23, 0x38, 0x0B, 0xBD,
0xBB, 0xBA, 0x88, 0x34, 0x32, 0x09, 0xAE, 0xAC, 0xB9, 0xA2, 0x36, 0x43, 0x42, 0x22, 0x98, 0xBB,
0xCD, 0xA9, 0x91, 0x12, 0x31, 0x19, 0xAD, 0xBD, 0xBB, 0x88, 0x34, 0x54, 0x32, 0x21, 0x18, 0x9B,
0xDB, 0xBB, 0x99, 0x22, 0x23, 0x00, 0xCC, 0xCD, 0xAA, 0xA1, 0x16, 0x34, 0x33, 0x22, 0x00, 0xAA,
0xBD, 0xBA, 0xA0, 0x81, 0x28, 0x8B, 0xCD, 0xCB, 0xBC, 0x89, 0x34, 0x63, 0x33, 0x31, 0x20, 0x0A,
0xAC, 0xBB, 0x99, 0x11, 0x00, 0xEA, 0xEB, 0xBC, 0xB9, 0x91, 0x15, 0x43, 0x43, 0x22, 0x01, 0x00,
0x9A, 0x99, 0x88, 0x89, 0x8F, 0xBD, 0xBD, 0xAB, 0xAA, 0x08, 0x33, 0x63, 0x43, 0x22, 0x21, 0x00,
0x08, 0x08, 0x00, 0x09, 0xDB, 0xFB, 0xDB, 0xAA, 0xB9, 0x80, 0x14, 0x35, 0x33, 0x33, 0x12, 0x21,
0x10, 0x11, 0x10, 0x0A, 0xBF, 0xFC, 0xBA, 0xCA, 0x99, 0x88, 0x22, 0x53, 0x23, 0x32, 0x32, 0x21,
0x21, 0x12, 0x22, 0x21, 0xDB, 0xFF, 0xAB, 0xBA, 0x99, 0x90, 0x04, 0x34, 0x33, 0x32, 0x21, 0x12,
0x22, 0x33, 0x33, 0x20, 0xAF, 0xFC, 0xCA, 0xBA, 0xA9, 0x90, 0x02, 0x44, 0x24, 0x22, 0x12, 0x10,
0x12, 0x23, 0x33, 0x21, 0xBC, 0xFF, 0xBA, 0xBB, 0xA9, 0x90, 0x03, 0x44, 0x33, 0x33, 0x22, 0x11,
0x12, 0x43, 0x33, 0x20, 0x9F, 0xCE, 0xBB, 0xCA, 0x9A, 0x98, 0x12, 0x43, 0x42, 0x32, 0x21, 0x12,
0x13, 0x43, 0x33, 0x21, 0xBB, 0xFF, 0xDA, 0x9A, 0xA8, 0x80, 0x02, 0x23, 0x42, 0x13, 0x22, 0x11,
0x12, 0x24, 0x34, 0x31, 0x0C, 0xBF, 0xFA, 0xAA, 0x99, 0x98, 0x11, 0x33, 0x34, 0x23, 0x22, 0x21,
0x23, 0x34, 0x32, 0x21, 0xAB, 0xFF, 0xCB, 0xAB, 0xA9, 0x80, 0x03, 0x34, 0x32, 0x32, 0x12, 0x12,
0x44, 0x34, 0x33, 0x22, 0x8C, 0xCF, 0xCB, 0xC9, 0xA9, 0x89, 0x11, 0x33, 0x34, 0x23, 0x22, 0x31,
0x23, 0x35, 0x34, 0x21, 0x0A, 0xFC, 0xCC, 0xAB, 0x9A, 0x90, 0x03, 0x33, 0x42, 0x22, 0x32, 0x21,
0x42, 0x52, 0x32, 0x21, 0x0D, 0xBF, 0xBC, 0xBA, 0xA9, 0x88, 0x02, 0x34, 0x33, 0x23, 0x21, 0x22,
0x26, 0x34, 0x32, 0x20, 0x9A, 0xFB, 0xEB, 0xBB, 0x9A, 0x90, 0x13, 0x43, 0x32, 0x22, 0x21, 0x11,
0x23, 0x73, 0x43, 0x21, 0x0B, 0xCF, 0xBC, 0xCA, 0x99, 0x88, 0x12, 0x34, 0x23, 0x11, 0x00, 0x00,
0x03, 0x37, 0x32, 0x30, 0x0A, 0xEB, 0xEB, 0xAB, 0xA8, 0x90, 0x03, 0x42, 0x33, 0x21, 0x20, 0x00,
0x22, 0x72, 0x43, 0x20, 0x0B, 0xDE, 0xBB, 0xCA, 0xA8, 0x80, 0x12, 0x43, 0x22, 0x12, 0x00, 0x00,
0x14, 0x37, 0x32, 0x21, 0x0A, 0xEB, 0xDB, 0xBB, 0x99, 0x80, 0x13, 0x43, 0x33, 0x30, 0x08, 0x98,
0x01, 0x74, 0x34, 0x22, 0x09, 0xAF, 0xCC, 0xAA, 0xA8, 0x80, 0x12, 0x43, 0x21, 0x11, 0x09, 0x00,
0x04, 0x37, 0x22, 0x20, 0x09, 0xDC, 0xCB, 0xBB, 0xA9, 0x80, 0x14, 0x33, 0x42, 0x20, 0x08, 0x90,
0x22, 0x73, 0x23, 0x21, 0x0A, 0xCF, 0xBD, 0xAA, 0xA9, 0x80, 0x13, 0x43, 0x12, 0x10, 0x08, 0x00,
0x14, 0x36, 0x33, 0x21, 0x0B, 0xDD, 0xCB, 0xAB, 0xA9, 0x80, 0x14, 0x33, 0x41, 0x11, 0x00, 0x90,
0x11, 0x53, 0x43, 0x22, 0x89, 0xDE, 0xBB, 0xD9, 0x99, 0x90, 0x12, 0x42, 0x21, 0x11, 0x10, 0x00,
0x01, 0x25, 0x34, 0x21, 0x0B, 0xEB, 0xEB, 0xAB, 0x89, 0x80, 0x14, 0x33, 0x41, 0x10, 0x00, 0x80,
0x02, 0x43, 0x52, 0x20, 0x9B, 0xFC, 0xBC, 0xB9, 0x99, 0x01, 0x24, 0x43, 0x12, 0x00, 0x01, 0x08,
0x03, 0x43, 0x41, 0x29, 0x9E, 0xCC, 0xCB, 0xAB, 0x99, 0x01, 0x36, 0x23, 0x21, 0x11, 0x10, 0x80,
0x00, 0x42, 0x43, 0x00, 0xBE, 0xDC, 0xBB, 0xC8, 0x90, 0x81, 0x34, 0x42, 0x12, 0x10, 0x10, 0x00,
0x12, 0x35, 0x20, 0x0B, 0xCF, 0xCB, 0xCA, 0x99, 0x80, 0x12, 0x44, 0x33, 0x20, 0x10, 0x00, 0x01,
0x23, 0x43, 0x21, 0xBC, 0xFD, 0xBC, 0xAA, 0xA8, 0x81, 0x13, 0x53, 0x23, 0x11, 0x11, 0x80, 0x00,
0x24, 0x33, 0x20, 0x9F, 0xDC, 0xBD, 0xAA, 0x99, 0x00, 0x33, 0x53, 0x22, 0x10, 0x18, 0x08, 0x82,
0x33, 0x52, 0x01, 0xCC, 0xEB, 0xCC, 0xA9, 0xA0, 0x82, 0x24, 0x43, 0x33, 0x12, 0x00, 0x08, 0x02,
0x13, 0x20, 0x1C, 0xAF, 0xEB, 0xCB, 0xBB, 0x98, 0x01, 0x43, 0x53, 0x22, 0x31, 0x20, 0x00, 0x01,
0x23, 0x33, 0x9A, 0xFD, 0xCC, 0xBC, 0xAA, 0xA0, 0x82, 0x34, 0x34, 0x42, 0x22, 0x11, 0x01, 0x01,
0x12, 0x10, 0x9F, 0xAE, 0xBB, 0xCB, 0xBA, 0x99, 0x10, 0x42, 0x53, 0x33, 0x33, 0x32, 0x21, 0x01,
0x21, 0x19, 0xDC, 0xDB, 0xCC, 0xBB, 0xBB, 0xA8, 0x81, 0x25, 0x34, 0x43, 0x23, 0x34, 0x11, 0x11,
0x11, 0x0B, 0xCE, 0xBC, 0xBB, 0xCB, 0xBB, 0x99, 0x01, 0x24, 0x44, 0x34, 0x33, 0x43, 0x30, 0x11,
0x11, 0x8B, 0xEB, 0xDB, 0xBB, 0xBB, 0xCA, 0xA8, 0x80, 0x14, 0x35, 0x33, 0x44, 0x34, 0x21, 0x10,
0x00, 0x9B, 0xCD, 0xBC, 0xBB, 0xBA, 0xBA, 0x89, 0x00, 0x22, 0x73, 0x33, 0x45, 0x23, 0x31, 0x11,
0x00, 0x8A, 0xFA, 0xCB, 0xBC, 0x9A, 0xA8, 0x90, 0x80, 0x14, 0x33, 0x35, 0x43, 0x44, 0x12, 0x11,
0x00, 0xAB, 0xCE, 0xAB, 0xBB, 0xAA, 0xAA, 0x89, 0x00, 0x24, 0x43, 0x43, 0x63, 0x34, 0x21, 0x11,
0x19, 0x8C, 0xDB, 0xCB, 0xBB, 0x9A, 0x98, 0x98, 0x01, 0x23, 0x34, 0x45, 0x43, 0x53, 0x22, 0x10,
0x08, 0xAC, 0xCD, 0xAB, 0xBA, 0xB8, 0x98, 0x80, 0x00, 0x23, 0x22, 0x73, 0x45, 0x32, 0x31, 0x20,
0x0A, 0x9D, 0xBD, 0xBC, 0xAA, 0x98, 0x80, 0x80, 0x82, 0x21, 0x22, 0x27, 0x35, 0x33, 0x42, 0x10,
0x89, 0xBC, 0xBD, 0xBC, 0xAA, 0xA8, 0x88, 0x80, 0x01, 0x32, 0x11, 0x64, 0x43, 0x43, 0x32, 0x20,
0x9A, 0xCC, 0xDB, 0xBC, 0xAA, 0x88, 0x00, 0x80, 0x13, 0x21, 0x02, 0x37, 0x44, 0x33, 0x34, 0x01,
0x99, 0xBD, 0xCB, 0xCB, 0xB9, 0x90, 0x00, 0x00, 0x22, 0x11, 0x11, 0x63, 0x53, 0x44, 0x23, 0x18,
0x9A, 0xCC, 0xCB, 0xBC, 0xA9, 0x88, 0x00, 0x11, 0x11, 0x10, 0x05, 0x25, 0x34, 0x33, 0x34, 0x00,
0x9A, 0xCC, 0xCB, 0xCB, 0xA9, 0x98, 0x80, 0x12, 0x11, 0x00, 0x34, 0x53, 0x44, 0x43, 0x32, 0x18,
0x8C, 0xCC, 0xBC, 0xBA, 0x9A, 0x99, 0x00, 0x11, 0x10, 0x03, 0x45, 0x34, 0x43, 0x43, 0x22, 0x00,
0xAB, 0xEB, 0xCB, 0xBA, 0xAA, 0xA9, 0x91, 0x21, 0x80, 0x13, 0x74, 0x23, 0x44, 0x33, 0x31, 0x08,
0x9C, 0xBF, 0xBA, 0xAA, 0xA9, 0xAA, 0x00, 0x10, 0x08, 0x14, 0x43, 0x37, 0x34, 0x33, 0x12, 0x88,
0xAA, 0xEB, 0xBD, 0x9A, 0x99, 0x98, 0x80, 0x00, 0xA0, 0x23, 0x53, 0x43, 0x62, 0x33, 0x11, 0x09,
0x9C, 0xBE, 0xBA, 0x9A, 0x9A, 0xAB, 0x00, 0x8A, 0x00, 0x37, 0x33, 0x27, 0x23, 0x32, 0x11, 0x89,
0xAA, 0xFB, 0xAB, 0xA9, 0xBA, 0xB0, 0x88, 0x8A, 0xA2, 0x63, 0x44, 0x34, 0x43, 0x22, 0x18, 0x09,
0xAD, 0xBD, 0xB9, 0x9A, 0xAB, 0x99, 0x01, 0xAA, 0x02, 0x46, 0x33, 0x36, 0x32, 0x31, 0x10, 0x09,
0xBC, 0xEB, 0xAA, 0xAA, 0xBA, 0xA0, 0x09, 0xA9, 0x94, 0x63, 0x34, 0x53, 0x22, 0x21, 0x08, 0x99,
0xAE, 0xBB, 0xC9, 0x9B, 0xBB, 0x09, 0x80, 0xCB, 0x24, 0x44, 0x34, 0x43, 0x42, 0x10, 0x08, 0x89,
0xCB, 0xEB, 0x89, 0x99, 0xBB, 0xA0, 0x0A, 0xB0, 0x04, 0x72, 0x43, 0x43, 0x22, 0x10, 0x8A, 0x9A,
0xAF, 0xBA, 0xB9, 0x8B, 0xC9, 0x08, 0x89, 0xAC, 0x24, 0x43, 0x53, 0x43, 0x40, 0x18, 0x99, 0x9A,
0xCB, 0xCB, 0x80, 0x9B, 0xAB, 0xA0, 0x9F, 0xB1, 0x14, 0x43, 0x52, 0x34, 0x10, 0x89, 0x9B, 0xA9,
0xBE, 0xB8, 0x80, 0x09, 0xA8, 0x99, 0xDB, 0x89, 0x45, 0x23, 0x44, 0x23, 0x20, 0x8A, 0xCA, 0xBC,
0xBB, 0xBB, 0x22, 0x0A, 0x99, 0xAB, 0xDD, 0xB1, 0x35, 0x44, 0x34, 0x22, 0x00, 0xBB, 0xCB, 0xBB,
0xBD, 0xA0, 0x00, 0x10, 0x02, 0x32, 0xBA, 0xBB, 0x63, 0x63, 0x44, 0x32, 0x38, 0x0D, 0xCB, 0xCB,
0xBB, 0xAA, 0x22, 0x43, 0x22, 0x32, 0x1A, 0xA9, 0x84, 0x54, 0x53, 0x32, 0x11, 0xAB, 0xFC, 0xCB,
0xBA, 0xB0, 0x83, 0x43, 0x23, 0x32, 0x22, 0x88, 0x98, 0x45, 0x34, 0x34, 0x20, 0x0E, 0xBC, 0xBC,
0xBC, 0xBA, 0x89, 0x11, 0x36, 0x34, 0x33, 0x31, 0x21, 0x00, 0xAA, 0xBA, 0xA9, 0x98, 0xEC, 0xCD,
0xAB, 0xBA, 0xA8, 0x02, 0x36, 0x34, 0x34, 0x22, 0x12, 0x08, 0x08, 0x8A, 0xA9, 0x9D, 0xBE, 0xBC,
0xBB, 0xBB, 0x98, 0x12, 0x53, 0x44, 0x33, 0x33, 0x30, 0x10, 0x08, 0x89, 0xAA, 0xAA, 0xFD, 0x90,
/* 9: Guitar  3722B  op=40  loop=7080->7291 */
0x08, 0x08, 0x08, 0x08, 0x08, 0x08, 0x08, 0x08, 0x08, 0x08, 0x08, 0x08, 0x08, 0x08, 0x08, 0x08,
0x08, 0x08, 0x08, 0x13, 0x1B, 0xB0, 0x02, 0x30, 0x08, 0x00, 0x32, 0xBC, 0x23, 0x54, 0xAF, 0xC1,
0x15, 0x3A, 0xB8, 0x02, 0x32, 0x99, 0x01, 0x09, 0x9B, 0x92, 0x1C, 0xCA, 0xB1, 0x39, 0xCB, 0xC9,
0x75, 0x22, 0xBC, 0xCB, 0xA1, 0x01, 0x2F, 0xCC, 0xBB, 0xA8, 0x01, 0x44, 0x23, 0x08, 0xAC, 0xA0,
0x80, 0x89, 0x91, 0x44, 0x43, 0x98, 0x88, 0x12, 0x73, 0x28, 0xAF, 0xC9, 0x88, 0x09, 0xBA, 0xBA,
0x32, 0x62, 0x00, 0x09, 0x14, 0x34, 0x20, 0x90, 0x03, 0x72, 0x21, 0x22, 0x10, 0x9A, 0x14, 0x0A,
0xBE, 0xA6, 0x32, 0x20, 0x99, 0x10, 0x22, 0x52, 0x33, 0x0C, 0xAB, 0xCD, 0xAA, 0xB0, 0x00, 0x00,
0x00, 0x11, 0x9B, 0x99, 0x99, 0xBF, 0xA3, 0x35, 0x30, 0xAA, 0xA9, 0x12, 0x89, 0xFC, 0xCB, 0xB9,
0x03, 0x53, 0x34, 0x34, 0x44, 0x34, 0x22, 0x89, 0x80, 0x13, 0x44, 0x32, 0x1C, 0xBF, 0xBB, 0x90,
0x01, 0x00, 0x22, 0x33, 0x0B, 0xBD, 0xBE, 0xAB, 0xC9, 0x99, 0xAA, 0xBB, 0x98, 0x98, 0x03, 0x44,
0x38, 0x9F, 0xDA, 0xA0, 0x02, 0x41, 0xBC, 0x9A, 0x22, 0x8B, 0xDD, 0xBA, 0xA9, 0x91, 0x21, 0x18,
0xA8, 0x75, 0x11, 0xAC, 0xBB, 0xB8, 0x9D, 0xBC, 0xBA, 0x98, 0x80, 0x80, 0x88, 0x23, 0x33, 0x34,
0x46, 0x22, 0x28, 0x92, 0x31, 0x00, 0x23, 0x73, 0x9B, 0xBD, 0x91, 0x22, 0x34, 0x42, 0x14, 0x43,
0x42, 0x00, 0x11, 0x11, 0xAD, 0xCC, 0xBB, 0xBA, 0xAA, 0x89, 0x00, 0x43, 0x43, 0x32, 0x53, 0x34,
0x34, 0x23, 0x39, 0xAF, 0xBA, 0xAA, 0x9A, 0xBB, 0x00, 0x24, 0x33, 0x35, 0x36, 0x33, 0x52, 0x32,
0x10, 0x88, 0x00, 0x34, 0x35, 0x18, 0x8C, 0xA8, 0x90, 0x01, 0x24, 0x72, 0x11, 0x01, 0x12, 0xAD,
0xBC, 0xAB, 0xAD, 0xB9, 0xA0, 0x22, 0x01, 0x00, 0x73, 0x43, 0x28, 0xAF, 0xA9, 0x91, 0x21, 0x88,
0x98, 0x11, 0x00, 0xBA, 0xDB, 0xAA, 0x80, 0x1B, 0xB9, 0x87, 0x73, 0x21, 0x99, 0x9A, 0xAA, 0xEB,
0xCC, 0xBB, 0xB8, 0x8A, 0x9B, 0xB0, 0x33, 0x33, 0x23, 0x33, 0x52, 0x54, 0x41, 0x20, 0x90, 0x11,
0x21, 0x9A, 0xFC, 0xAB, 0x01, 0x23, 0x24, 0x37, 0x32, 0x22, 0x13, 0x53, 0x12, 0x98, 0xBC, 0xCC,
0xBB, 0xBC, 0xAA, 0xA9, 0x80, 0x11, 0x33, 0x23, 0x11, 0x73, 0x34, 0x19, 0xAD, 0xBA, 0xA9, 0x9B,
0xCB, 0xAA, 0x08, 0x12, 0x33, 0x10, 0x24, 0x76, 0x33, 0x40, 0x08, 0xA8, 0x12, 0x75, 0x11, 0x08,
0x90, 0x99, 0x90, 0x81, 0x21, 0x23, 0x52, 0x11, 0xBC, 0xAC, 0xAC, 0xDC, 0xBC, 0xB8, 0x99, 0x88,
0x90, 0x14, 0x63, 0x33, 0xAA, 0xCB, 0xA9, 0x99, 0x80, 0x81, 0x22, 0x20, 0x0B, 0xFF, 0xAA, 0x10,
0x08, 0x89, 0x03, 0x45, 0x32, 0x30, 0x98, 0x88, 0xBC, 0xFE, 0xAA, 0x99, 0x9A, 0xA9, 0x9A, 0x99,
0x81, 0x22, 0x12, 0x23, 0x75, 0x12, 0x20, 0x11, 0x22, 0x32, 0x30, 0x9B, 0xCA, 0xA9, 0x99, 0x24,
0x73, 0x34, 0x34, 0x34, 0x34, 0x42, 0x31, 0x89, 0xCA, 0xA9, 0xAB, 0xDB, 0xCA, 0x90, 0x01, 0x33,
0x32, 0x11, 0x23, 0x44, 0x34, 0x9B, 0xCC, 0xA9, 0xAA, 0xAA, 0xAB, 0xB9, 0x04, 0x73, 0x52, 0x10,
0x01, 0x45, 0x33, 0x3A, 0xA9, 0x92, 0x53, 0x34, 0x22, 0x10, 0x08, 0x88, 0x9B, 0xA8, 0x17, 0x72,
0x20, 0x88, 0x89, 0x9A, 0xFA, 0xDA, 0xAB, 0x90, 0x9A, 0xBC, 0xB2, 0x44, 0x51, 0x10, 0x99, 0xAB,
0x88, 0x88, 0x98, 0x04, 0x42, 0x2B, 0xDA, 0xB9, 0xA9, 0xAA, 0xBC, 0xA9, 0x26, 0x33, 0x31, 0x14,
0x32, 0x2B, 0xFC, 0xBC, 0xCA, 0xBB, 0xBB, 0xCB, 0xBA, 0xB8, 0x80, 0x08, 0x00, 0x13, 0x72, 0x23,
0x01, 0x22, 0x54, 0x22, 0x20, 0x89, 0xA9, 0xB8, 0x11, 0x33, 0x75, 0x34, 0x22, 0x24, 0x35, 0x31,
0x28, 0x8A, 0xBB, 0xDB, 0xAB, 0xCB, 0xAB, 0x80, 0x02, 0x20, 0x12, 0x37, 0x43, 0x33, 0x12, 0xAA,
0xCD, 0xAC, 0xAA, 0xAB, 0xAC, 0xB0, 0x83, 0x61, 0x10, 0x00, 0x73, 0x35, 0x11, 0x09, 0x9A, 0x90,
0x14, 0x43, 0x21, 0x11, 0x10, 0xEB, 0xAA, 0x02, 0x34, 0x42, 0x31, 0x23, 0x41, 0x0C, 0xFC, 0xAB,
0x88, 0xAA, 0xBD, 0xA8, 0x82, 0x36, 0x31, 0x10, 0x08, 0x09, 0xCB, 0xBB, 0x12, 0x35, 0x20, 0x10,
0x80, 0x80, 0x8B, 0xFB, 0xAA, 0x11, 0x34, 0x22, 0x44, 0x33, 0x41, 0x1A, 0xAF, 0xCB, 0xAB, 0xAB,
0xEA, 0xBB, 0x99, 0x99, 0x89, 0xA9, 0x93, 0x34, 0x32, 0x12, 0x12, 0x53, 0x64, 0x23, 0x20, 0x11,
0x01, 0x00, 0x03, 0x63, 0x43, 0x11, 0x43, 0x73, 0x34, 0x22, 0x10, 0x89, 0x9A, 0xAC, 0xCC, 0xBC,
0x99, 0x00, 0x80, 0x08, 0x02, 0x37, 0x33, 0x41, 0x20, 0x09, 0xCA, 0xBC, 0xBB, 0xDB, 0xB9, 0xA1,
0x18, 0x98, 0x82, 0x46, 0x43, 0x44, 0x01, 0x9A, 0x98, 0x81, 0x11, 0x26, 0x33, 0x31, 0x09, 0xBB,
0xCB, 0x11, 0x11, 0x08, 0x47, 0x62, 0x38, 0x9A, 0xCB, 0xCA, 0xBA, 0xEA, 0xCA, 0x98, 0x12, 0x22,
0x12, 0x12, 0x28, 0xAD, 0xDA, 0xA9, 0x22, 0x33, 0x10, 0x81, 0x24, 0x3D, 0xBC, 0xC9, 0x90, 0x02,
0x11, 0x01, 0x23, 0x74, 0x20, 0x0B, 0xBE, 0xBA, 0xBD, 0xBC, 0xBC, 0xBA, 0x9A, 0x9B, 0xAA, 0x99,
0x81, 0x13, 0x41, 0x11, 0x23, 0x72, 0x32, 0x22, 0x34, 0x10, 0x0A, 0xA5, 0x35, 0x33, 0x32, 0x23,
0x53, 0x63, 0x34, 0x22, 0x10, 0x80, 0x9B, 0xCD, 0xBB, 0xBA, 0x98, 0x98, 0xA9, 0x02, 0x36, 0x23,
0x45, 0x33, 0x20, 0x08, 0x09, 0x8B, 0xFC, 0xAA, 0xA9, 0xAA, 0x90, 0x88, 0x04, 0x46, 0x42, 0x31,
0x10, 0x00, 0x98, 0x88, 0x12, 0x47, 0x23, 0x30, 0x89, 0xA9, 0x08, 0xAB, 0x89, 0x54, 0x64, 0x22,
0x1A, 0x9B, 0xC9, 0x8A, 0xCC, 0xFA, 0x99, 0x08, 0x01, 0x11, 0x23, 0x42, 0x2A, 0x9D, 0xBA, 0x00,
0x12, 0x01, 0x10, 0x33, 0x43, 0x19, 0xAF, 0xC8, 0x80, 0x18, 0x80, 0x12, 0x74, 0x23, 0x08, 0xAB,
0xBC, 0xBE, 0xBD, 0xBB, 0xCA, 0xBA, 0xBA, 0xBA, 0xAB, 0x88, 0x12, 0x20, 0x08, 0x05, 0x33, 0x42,
0x23, 0x53, 0x11, 0x9A, 0x99, 0x05, 0x35, 0x32, 0x23, 0x36, 0x44, 0x34, 0x22, 0x22, 0x11, 0x19,
0x9E, 0xAC, 0xBA, 0xBA, 0xAA, 0xA9, 0x99, 0xAB, 0x88, 0x75, 0x23, 0x21, 0x12, 0x21, 0x29, 0xBD,
0xBC, 0xCA, 0xAA, 0xAA, 0xDB, 0x99, 0x05, 0x24, 0x33, 0x31, 0x11, 0x10, 0x98, 0xBC, 0x23, 0x74,
0x21, 0x10, 0x02, 0x10, 0x8B, 0xDA, 0xA9, 0x53, 0x53, 0x00, 0x9A, 0x81, 0x28, 0x8F, 0xCC, 0xCA,
0xA9, 0x98, 0x99, 0x22, 0x44, 0x31, 0x08, 0xA9, 0xAA, 0x99, 0x09, 0x80, 0x52, 0x63, 0x11, 0x8A,
0xAA, 0xA8, 0x91, 0x00, 0x96, 0x45, 0x42, 0x11, 0x08, 0x00, 0xAB, 0xED, 0xBB, 0xCB, 0xCA, 0xAB,
0xBB, 0xBC, 0xA9, 0x80, 0x80, 0x80, 0x12, 0x23, 0x37, 0x33, 0x43, 0x42, 0x10, 0x89, 0x88, 0x24,
0x33, 0x32, 0x25, 0x37, 0x43, 0x42, 0x33, 0x34, 0x23, 0x00, 0xAB, 0xCA, 0xBC, 0xBA, 0xBA, 0xAB,
0xDA, 0xA9, 0x22, 0x53, 0x33, 0x52, 0x34, 0x22, 0x29, 0xAB, 0xDA, 0x9A, 0xAB, 0xCC, 0xBB, 0x90,
0x25, 0x34, 0x43, 0x34, 0x32, 0x08, 0xC9, 0x80, 0x43, 0x43, 0x22, 0x22, 0x26, 0x28, 0x8C, 0xB9,
0x02, 0x63, 0x11, 0x00, 0x00, 0x14, 0x8C, 0xCF, 0xBA, 0xBB, 0xCB, 0xAA, 0x80, 0x34, 0x43, 0x11,
0x09, 0x99, 0x9A, 0xAB, 0xA8, 0x03, 0x45, 0x42, 0x11, 0x9A, 0x9A, 0xAA, 0xCE, 0xA0, 0x84, 0x34,
0x23, 0x42, 0x22, 0x11, 0x9A, 0xFC, 0xDB, 0xBC, 0xAC, 0xAC, 0xAA, 0xA9, 0xA9, 0x9A, 0x89, 0x80,
0x00, 0x01, 0x25, 0x36, 0x33, 0x30, 0x00, 0xA9, 0x00, 0x33, 0x10, 0x9B, 0x07, 0x37, 0x32, 0x34,
0x34, 0x43, 0x22, 0x00, 0x9A, 0xBD, 0xAA, 0x99, 0x9C, 0xBB, 0xCA, 0x99, 0x00, 0x11, 0x34, 0x63,
0x43, 0x31, 0x19, 0x9A, 0xAA, 0x9B, 0xBE, 0xCB, 0xBA, 0x01, 0x02, 0x45, 0x45, 0x22, 0x28, 0x09,
0x98, 0x01, 0x42, 0x11, 0x22, 0x63, 0x31, 0x0A, 0xBB, 0xB4, 0x27, 0x32, 0x11, 0x12, 0x43, 0x01,
0xBC, 0xDC, 0xCB, 0xCD, 0xAB, 0xA9, 0x81, 0x32, 0x33, 0x11, 0x00, 0x09, 0x9A, 0xBB, 0xB1, 0x17,
0x71, 0x10, 0x00, 0x00, 0x88, 0xCB, 0xAA, 0x91, 0x14, 0x35, 0x22, 0x34, 0x43, 0x42, 0x99, 0xDB,
0xCB, 0xCB, 0xDB, 0xAC, 0xAA, 0xAA, 0xAA, 0x9A, 0x89, 0x98, 0xA9, 0x80, 0x45, 0x45, 0x22, 0x20,
0x08, 0x00, 0x11, 0x00, 0xA9, 0x11, 0x44, 0x43, 0x43, 0x54, 0x34, 0x33, 0x42, 0x00, 0x9A, 0xBB,
0xAA, 0xBC, 0xBB, 0xCB, 0xBA, 0xBA, 0xB9, 0x91, 0x54, 0x44, 0x34, 0x21, 0x09, 0x99, 0x89, 0x9E,
0xBB, 0xDA, 0x9A, 0x99, 0x01, 0x63, 0x63, 0x21, 0x1A, 0x89, 0x82, 0x20, 0x08, 0x91, 0x53, 0x73,
0x01, 0xAA, 0xA8, 0x01, 0x22, 0x20, 0x16, 0x33, 0x22, 0x08, 0xCB, 0xCB, 0xFC, 0xCD, 0xAA, 0xA9,
0x81, 0x11, 0x11, 0x11, 0x11, 0x80, 0xCC, 0xA9, 0x02, 0x32, 0x23, 0x26, 0x32, 0x30, 0x9B, 0xFB,
0xAB, 0x01, 0x12, 0x11, 0x26, 0x35, 0x33, 0x21, 0x89, 0xAC, 0xDB, 0xCC, 0xCB, 0xCA, 0xBB, 0xBB,
0xBA, 0xA9, 0xAA, 0xAB, 0xBC, 0x99, 0x44, 0x63, 0x22, 0x20, 0x01, 0x21, 0x21, 0x11, 0x32, 0x23,
0x53, 0x53, 0x33, 0x54, 0x44, 0x42, 0x31, 0x10, 0x89, 0x99, 0x9A, 0xCB, 0xCA, 0xAA, 0xBA, 0xAA,
0xA8, 0x82, 0x46, 0x43, 0x33, 0x12, 0x12, 0x21, 0x09, 0xBE, 0xCC, 0xBC, 0xBA, 0xB9, 0x03, 0x75,
0x23, 0x21, 0x10, 0x10, 0x01, 0x0A, 0x91, 0x37, 0x52, 0x22, 0x88, 0x98, 0x88, 0x88, 0x80, 0x14,
0x44, 0x40, 0x10, 0x00, 0x00, 0xAB, 0xFE, 0xBC, 0xBA, 0xA9, 0x80, 0x08, 0x02, 0x33, 0x32, 0xAB,
0xDB, 0xA9, 0x00, 0x34, 0x43, 0x45, 0x22, 0x28, 0x9B, 0xCA, 0x99, 0x88, 0x99, 0x01, 0x64, 0x44,
0x33, 0x31, 0x18, 0xAB, 0xEC, 0xBD, 0xBC, 0xBB, 0xBC, 0xBA, 0xAA, 0xAA, 0xBA, 0xCB, 0xC9, 0x80,
0x34, 0x24, 0x23, 0x33, 0x22, 0x23, 0x21, 0x20, 0x00, 0x03, 0x63, 0x43, 0x53, 0x72, 0x44, 0x23,
0x21, 0x10, 0x88, 0x99, 0xBC, 0xCB, 0xBB, 0xAA, 0xBA, 0xCC, 0xB9, 0x82, 0x44, 0x42, 0x22, 0x12,
0x32, 0x10, 0xBC, 0xCA, 0xBC, 0xCE, 0xBB, 0xB0, 0x04, 0x53, 0x32, 0x12, 0x22, 0x33, 0x09, 0xBC,
0x95, 0x35, 0x32, 0x20, 0x98, 0x08, 0x98, 0x9A, 0x25, 0x45, 0x22, 0x19, 0x00, 0x02, 0x51, 0x0B,
0xFC, 0xDA, 0xA9, 0x99, 0x98, 0x81, 0x13, 0x31, 0x00, 0xAA, 0xDA, 0xA9, 0x88, 0x00, 0x54, 0x35,
0x21, 0x18, 0x98, 0x99, 0x9B, 0xBB, 0xBA, 0x43, 0x73, 0x34, 0x33, 0x32, 0x29, 0x9D, 0xBD, 0xBD,
0xBB, 0xCB, 0xCC, 0xAA, 0xA8, 0x99, 0xAD, 0xAA, 0xA9, 0x80, 0x12, 0x33, 0x34, 0x23, 0x33, 0x32,
0x20, 0x10, 0x04, 0x44, 0x33, 0x13, 0x54, 0x73, 0x44, 0x34, 0x22, 0x10, 0x88, 0x99, 0xAB, 0xDA,
0x9A, 0x89, 0xAB, 0xCC, 0xA9, 0x03, 0x34, 0x31, 0x21, 0x23, 0x61, 0x10, 0xAA, 0xBA, 0xBB, 0xFD,
0xAB, 0xA0, 0x15, 0x33, 0x22, 0x12, 0x43, 0x43, 0x98, 0xAB, 0x04, 0x37, 0x22, 0x10, 0x00, 0x88,
0x89, 0x99, 0x23, 0x53, 0x23, 0x21, 0x34, 0x35, 0x30, 0x8F, 0xEB, 0xCB, 0xBA, 0x9A, 0x88, 0x02,
0x23, 0x31, 0x19, 0xAC, 0xCA, 0x98, 0x00, 0x00, 0x63, 0x53, 0x32, 0x10, 0x99, 0x9A, 0xAD, 0xAA,
0xB8, 0x33, 0x73, 0x34, 0x23, 0x32, 0x10, 0x9C, 0xCD, 0xCC, 0xBC, 0xBB, 0xCB, 0xAB, 0xAA, 0xAB,
0xCB, 0xCA, 0xA0, 0x81, 0x12, 0x34, 0x24, 0x33, 0x43, 0x11, 0x00, 0x81, 0x13, 0x34, 0x42, 0x34,
0x54, 0x53, 0x53, 0x35, 0x11, 0x09, 0x88, 0x89, 0x8A, 0xAB, 0xAB, 0xBC, 0xAB, 0xBB, 0x98, 0x44,
0x43, 0x21, 0x11, 0x25, 0x22, 0x28, 0xCA, 0xBB, 0xCB, 0xFC, 0xAB, 0x90, 0x25, 0x42, 0x21, 0x11,
0x22, 0x32, 0x89, 0xAA, 0x34, 0x54, 0x22, 0x18, 0x80, 0x11, 0x0A, 0xC8, 0x13, 0x74, 0x22, 0x10,
0x01, 0x23, 0x39, 0x8F, 0xFC, 0xBB, 0xAA, 0x9A, 0x89, 0x11, 0x23, 0x31, 0x09, 0xAD, 0xAA, 0x89,
0x08, 0x81, 0x73, 0x54, 0x10, 0x00, 0x99, 0xA9, 0xAA, 0xB9, 0xA2, 0x45, 0x34, 0x23, 0x43, 0x23,
0x00, 0xBC, 0xDC, 0xCC, 0xBC, 0xBB, 0xCB, 0xAB, 0x99, 0xAA, 0xDB, 0xBA, 0xA0, 0x81, 0x14, 0x33,
0x43, 0x33, 0x22, 0x21, 0x11, 0x12, 0x23, 0x53, 0x33, 0x45, 0x37, 0x44, 0x33, 0x52, 0x21, 0x09,
0x88, 0xAA, 0xAC, 0xBB, 0xA9, 0x99, 0x9A, 0xCA, 0x98, 0x52, 0x34, 0x11, 0x01, 0x24, 0x31, 0x29,
0xBC, 0xCB, 0xCB, 0xFC, 0xAB, 0x00, 0x35, 0x23, 0x22, 0x12, 0x42, 0x31, 0x8A, 0xBA, 0x34, 0x73,
0x12, 0x00, 0x08, 0x88, 0x9A, 0x91, 0x35, 0x34, 0x22, 0x21, 0x42, 0x52, 0x28, 0xBF, 0xFA, 0xBA,
0xA9, 0x99, 0x90, 0x01, 0x33, 0x11, 0x89, 0xBD, 0xA9, 0x99, 0x00, 0x04, 0x63, 0x43, 0x11, 0x88,
0x99, 0xA9, 0xBC, 0xBA, 0xB4, 0x26, 0x33, 0x43, 0x43, 0x23, 0x89, 0xCB, 0xDC, 0xBD, 0xBB, 0xCB,
0xCB, 0xAA, 0x89, 0xAA, 0xDA, 0xBA, 0x98, 0x01, 0x24, 0x32, 0x33, 0x33, 0x42, 0x21, 0x01, 0x08,
0x35, 0x34, 0x21, 0x24, 0x47, 0x35, 0x24, 0x33, 0x21, 0x89, 0x89, 0x9A, 0xBC, 0xAB, 0xA9, 0xAB,
0xCC, 0xCA, 0x98, 0x33, 0x53, 0x22, 0x22, 0x23, 0x20, 0x0B, 0xCB, 0xBB, 0xCF, 0xEA, 0xAB, 0x00,
0x44, 0x23, 0x11, 0x22, 0x34, 0x30, 0x9A, 0xA0, 0x53, 0x53, 0x12, 0x08, 0x09, 0x89, 0x9A, 0xA2,
0x44, 0x42, 0x22, 0x22, 0x43, 0x53, 0x00, 0xFD, 0xBB, 0xCA, 0xAA, 0x9A, 0x90, 0x02, 0x42, 0x21,
0x99, 0xCB, 0xAA, 0x80, 0x00, 0x05, 0x45, 0x33, 0x21, 0x09, 0x9A, 0xAA, 0xCC, 0xAA, 0x93, 0x37,
0x33, 0x42, 0x41, 0x20, 0x89, 0xCB, 0xEB, 0xBD, 0xBB, 0xBD, 0xBA, 0xAA, 0x99, 0xAB, 0xDA, 0xA9,
0x88, 0x11, 0x24, 0x23, 0x24, 0x23, 0x32, 0x21, 0x01, 0x01, 0x22, 0x52, 0x22, 0x64, 0x45, 0x34,
0x35, 0x22, 0x20, 0x89, 0x89, 0x89, 0xCC, 0xA9, 0xA8, 0x99, 0x9B, 0xCA, 0xB2, 0x35, 0x23, 0x33,
0x01, 0x43, 0x11, 0x8B, 0xBD, 0xBC, 0xAF, 0xBC, 0xA9, 0x02, 0x53, 0x23, 0x21, 0x24, 0x24, 0x19,
0x8B, 0xA1, 0x35, 0x52, 0x11, 0x00, 0x88, 0x88, 0x9A, 0x02, 0x44, 0x32, 0x32, 0x23, 0x44, 0x43,
0x08, 0xFF, 0xBB, 0xBB, 0xA9, 0xA8, 0x91, 0x23, 0x42, 0x01, 0xA9, 0xCB, 0x99, 0x90, 0x81, 0x26,
0x44, 0x41, 0x10, 0x89, 0x9A, 0x99, 0xAA, 0xAA, 0x02, 0x64, 0x43, 0x43, 0x41, 0x20, 0x8A, 0xCB,
0xFA, 0xCB, 0xBC, 0xBC, 0xAB, 0xA9, 0x9A, 0xAC, 0xBB, 0xBB, 0x08, 0x12, 0x44, 0x33, 0x42, 0x32,
0x31, 0x11, 0x11, 0x12, 0x42, 0x52, 0x22, 0x53, 0x73, 0x53, 0x34, 0x31, 0x28, 0x99, 0x89, 0x99,
0xBC, 0xBB, 0xBC, 0xAC, 0xAA, 0xA9, 0x85, 0x23, 0x32, 0x21, 0x13, 0x53, 0x21, 0x9C, 0xBB, 0xCA,
0xCF, 0xBA, 0xB8, 0x04, 0x44, 0x22, 0x12, 0x13, 0x23, 0x18, 0x9A, 0xA4, 0x37, 0x32, 0x10, 0x08,
0x01, 0x00, 0xBB, 0x02, 0x65, 0x32, 0x30, 0x01, 0x22, 0x41, 0x9C, 0xFF, 0xAB, 0xAA, 0x9A, 0x98,
0x81, 0x23, 0x41, 0x10, 0xAA, 0xCB, 0x9A, 0x00, 0x11, 0x45, 0x43, 0x41, 0x28, 0x89, 0x9A, 0xAA,
0xBB, 0xCB, 0x23, 0x73, 0x43, 0x42, 0x31, 0x28, 0x9A, 0xCD, 0xCC, 0xCB, 0xCB, 0xBC, 0xAA, 0xA8,
0x9A, 0xAD, 0xAA, 0xA9, 0x80, 0x12, 0x33, 0x34, 0x33, 0x44, 0x21, 0x20, 0x00, 0x00, 0x22, 0x33,
0x35, 0x63, 0x73, 0x34, 0x44, 0x32, 0x18, 0x98, 0x99, 0xBB, 0xDA, 0xA9, 0x99, 0x99, 0xAB, 0xA9,
0x05, 0x23, 0x33, 0x43, 0x33, 0x32, 0x99, 0xEB, 0xA9, 0xBA, 0xED, 0xBB, 0xB0, 0x06, 0x33, 0x32,
0x12, 0x33, 0x43, 0x09, 0xBC, 0x03, 0x46, 0x22, 0x10, 0x00, 0x10, 0x18, 0xAB, 0x89, 0x44, 0x32,
0x22, 0x24, 0x36, 0x30, 0x0F, 0xDB, 0xCA, 0xAB, 0x9A, 0x99, 0x81, 0x24, 0x22, 0x29, 0xAB, 0xCA,
0x99, 0x90, 0x00, 0x74, 0x35, 0x11, 0x00, 0x99, 0x89, 0x9A, 0xBB, 0xA9, 0x43, 0x63, 0x23, 0x44,
0x32, 0x38, 0x8C, 0xBF, 0xBC, 0xBC, 0xAC, 0xBB, 0xBC, 0x99, 0x9A, 0xAC, 0xBA, 0xA8, 0x81, 0x12,
0x43, 0x43, 0x33, 0x42, 0x21, 0x08, 0x00, 0x24, 0x42, 0x31, 0x13, 0x65, 0x53, 0x35, 0x34, 0x12,
0x09, 0x89, 0x99, 0x9B, 0xBB, 0xBA, 0x9A, 0xAC, 0xCC, 0x99, 0x03, 0x35, 0x22, 0x22, 0x32, 0x32,
0x18, 0xDB, 0xBB, 0xBC, 0xFC, 0xBC, 0x90, 0x05, 0x33, 0x32, 0x12, 0x12, 0x42, 0x88, 0xAB, 0x13,
0x55, 0x22, 0x20, 0x80, 0x80, 0x18, 0x99, 0x01, 0x62, 0x22, 0x11, 0x44, 0x35, 0x38, 0x8F, 0xCB,
0xDA, 0xAA, 0x99, 0x99, 0x10, 0x23, 0x21, 0x19, 0x9B, 0xCA, 0xA8, 0x00, 0x00, 0x72, 0x62, 0x22,
0x09, 0x99, 0x98, 0x9A, 0xBA, 0xC0, 0x04, 0x53, 0x43, 0x35, 0x22, 0x00, 0x9A, 0xCC, 0xBF, 0xAB,
0xCA, 0xBC, 0xAB, 0x9A, 0xA9, 0xCB, 0xBA, 0xA9, 0x80, 0x03, 0x44, 0x33, 0x43, 0x22, 0x12, 0x00,
0x11, 0x33, 0x42, 0x32, 0x34, 0x37, 0x74, 0x33, 0x52, 0x32, 0x10, 0x99, 0xA8, 0xAA, 0xBC, 0xC9,
0xA9, 0x99, 0xAA, 0xBC, 0x00, 0x45, 0x22, 0x22, 0x12, 0x22, 0x29, 0xAC, 0xCB, 0xBC, 0xDB, 0xDB,
0x98, 0x14, 0x35, 0x31, 0x21, 0x12, 0x32, 0x10, 0xBC, 0x08, 0x63, 0x42, 0x20, 0x00, 0x00, 0x09,
0x99, 0x92, 0x53, 0x43, 0x11, 0x12, 0x45, 0x22, 0x0E, 0xBF, 0xCA, 0xB9, 0xA9, 0x89, 0x00, 0x32,
0x32, 0x09, 0x9C, 0xAB, 0xC8, 0x88, 0x02, 0x36, 0x53, 0x33, 0x10, 0x9B, 0xAB, 0xBA, 0xBB, 0xB8,
0x05, 0x45, 0x34, 0x23, 0x34, 0x11, 0x9A, 0xDC, 0xBD, 0xBC, 0xAC, 0xAB, 0xBA, 0xB9, 0xA9, 0xCB,
0xCC, 0xA9, 0x80, 0x12, 0x24, 0x32, 0x32, 0x34, 0x22, 0x21, 0x00, 0x02, 0x24, 0x22, 0x34, 0x47,
0x45, 0x34, 0x33, 0x34, 0x00, 0x89, 0x98, 0xAA, 0xCB, 0xBA, 0xA9, 0x9C, 0xBB, 0xBB, 0x01, 0x63,
0x33, 0x23, 0x33, 0x33, 0x38, 0x9F, 0xAB, 0xCB, 0xEB, 0xCC, 0x98, 0x23, 0x53, 0x22, 0x21, 0x23,
0x32, 0x19, 0xBA, 0x01, 0x76, 0x22, 0x08, 0x09, 0x00, 0x00, 0x08, 0x92, 0x34, 0x43, 0x11, 0x21,
0x63, 0x23, 0xAF, 0xCE, 0xAB, 0xB9, 0x99, 0x98, 0x00, 0x23, 0x22, 0x00, 0xBC, 0xBB, 0xB9, 0x90,
0x04, 0x37, 0x53, 0x22, 0x00, 0x9A, 0xAA, 0xAA, 0xAC, 0x98, 0x06, 0x34, 0x33, 0x34, 0x33, 0x21,
0xBB, 0xFD, 0xAC, 0xBB, 0xBD, 0xAB, 0xAA, 0xA9, 0x9A, 0xCB, 0xCB, 0x99, 0x00, 0x22, 0x34, 0x33,
0x43, 0x33, 0x31, 0x11, 0x11, 0x12, 0x35, 0x21, 0x34, 0x57, 0x25, 0x34, 0x32, 0x32, 0x10, 0x9A,
0x8A, 0xAC, 0xBC, 0xAA, 0xA9, 0xAB, 0xCB, 0xB8, 0x13, 0x72, 0x22, 0x21, 0x21, 0x22, 0x19, 0xAD,
0xCA, 0xBD, 0xBD, 0xBA, 0x99, 0x43, 0x53, 0x22, 0x11, 0x23, 0x32, 0x3A, 0xA8, 0x84, 0x63, 0x42,
0x01, 0x89, 0x01, 0x08, 0x09, 0x94, 0x35, 0x32, 0x11, 0x23, 0x72, 0x22, 0xCD, 0xDC, 0xBB, 0xBA,
0x99, 0x90, 0x01, 0x23, 0x32, 0x89, 0xCC, 0xAB, 0x99, 0x00, 0x05, 0x27, 0x23, 0x31, 0x00, 0x99,
0x9A, 0xBD, 0xAB, 0x90, 0x27, 0x23, 0x42, 0x23, 0x41, 0x10, 0xAB, 0xFA, 0xDA, 0xBC, 0xAB, 0xCA,
0xBA, 0x99, 0x9B, 0xBC, 0xCB, 0x99, 0x10, 0x23, 0x43, 0x33, 0x33, 0x42, 0x31, 0x11, 0x01, 0x23,
0x44, 0x22, 0x35, 0x55, 0x35, 0x34, 0x42, 0x21, 0x08, 0x99, 0x99, 0xAA, 0xCB, 0xAA, 0xAA, 0x9B,
0xCB, 0xC0, 0x83, 0x62, 0x32, 0x21, 0x21, 0x22, 0x89, 0xBE, 0xAB, 0xCC, 0xCC, 0xBA, 0x90, 0x53,
0x43, 0x22, 0x21, 0x33, 0x22, 0x0A, 0xB0, 0x87, 0x52, 0x22, 0x00, 0x90, 0x00, 0x80, 0x99, 0x03,
0x45, 0x32, 0x23, 0x25, 0x32, 0x18, 0xFC, 0xDB, 0xCA, 0xAA, 0x99, 0x90, 0x92, 0x22, 0x31, 0x89,
0xCB, 0xBC, 0x98, 0x01, 0x44, 0x45, 0x32, 0x20, 0x09, 0xA9, 0xAA, 0xAB, 0xCA, 0x88, 0x36, 0x35,
0x34, 0x23, 0x31, 0x09, 0xAD, 0xCB, 0xEB, 0xBB, 0xDA, 0xBA, 0xBA, 0xB9, 0xAC, 0xAC, 0xAA, 0x98,
0x01, 0x23, 0x52, 0x33, 0x33, 0x22, 0x20, 0x00, 0x01, 0x33, 0x52, 0x23, 0x44, 0x74, 0x44, 0x43,
0x33, 0x30, 0x09, 0xA9, 0x99, 0xCA, 0xDA, 0xAA, 0x99, 0xAA, 0xBA, 0xA1, 0x16, 0x32, 0x33, 0x24,
0x23, 0x11, 0x99, 0xBC, 0xBB, 0xED, 0xBC, 0xC9, 0x92, 0x35, 0x33, 0x22, 0x11, 0x32, 0x32, 0x8B,
0xA8, 0x07, 0x52, 0x31, 0x10, 0x80, 0x88, 0x9A, 0x99, 0x24, 0x53, 0x31, 0x22, 0x24, 0x42, 0x19,
0xFC, 0xEB, 0xAB, 0xAA, 0x9A, 0x80, 0x02, 0x32, 0x38, 0x8A, 0xCA, 0xBB, 0x88, 0x11, 0x54, 0x53,
0x42, 0x20, 0x89, 0xAA, 0x9A, 0x9B, 0xBA, 0x9A, 0x74, 0x44, 0x23, 0x23, 0x31, 0x1A, 0xBF, 0xCB,
0xDB, 0xBC, 0xBC, 0xBA, 0xAA, 0x9A, 0xAC, 0xBC, 0xB8, 0x90, 0x01, 0x23, 0x43, 0x43, 0x33, 0x33,
0x20, 0x01, 0x02, 0x24, 0x42, 0x24, 0x35, 0x63, 0x63, 0x34, 0x33, 0x30, 0x0A, 0x99, 0x9B, 0xCB,
0xCB, 0xA9, 0xA9, 0xBA, 0xCC, 0x88, 0x24, 0x43, 0x41, 0x11, 0x21, 0x11, 0x99, 0xCC, 0xBB, 0xDC,
0xBD, 0xA9, 0x83, 0x44, 0x32, 0x22, 0x12, 0x42, 0x11, 0xAA, 0x90, 0x37, 0x43, 0x20, 0x18, 0x80,
0x00, 0x98, 0x90, 0x34, 0x53, 0x21, 0x24, 0x34, 0x40, 0x1D, 0xCD, 0xCB, 0xBA, 0xAA, 0x99, 0x88,
0x13, 0x33, 0x30, 0x0C, 0xCA, 0xB9, 0x88, 0x01, 0x43, 0x74, 0x32, 0x28, 0x0A, 0x99, 0xAA, 0xAC,
0xC9, 0x01, 0x72, 0x33, 0x42, 0x33, 0x30, 0x0D, 0xBC, 0xCD, 0xAB, 0xCB, 0xBC, 0xBB, 0xAB, 0x9A,
0xBB, 0xCC, 0xB8, 0x90, 0x02, 0x34, 0x33, 0x43, 0x34, 0x22, 0x10, 0x10, 0x01, 0x24, 0x42, 0x23,
0x37, 0x53, 0x53, 0x43, 0x34, 0x11, 0x89, 0x9A, 0xAA, 0xBC, 0xBB, 0xAA, 0x9A, 0xBB, 0xBB, 0x02,
0x74, 0x22, 0x22, 0x12, 0x22, 0x28, 0x9B, 0xEB, 0xBC, 0xBD, 0xCC, 0xA9, 0x83, 0x45, 0x32, 0x21,
0x12, 0x23, 0x21, 0xAA, 0x88, 0x54, 0x42, 0x21, 0x09, 0x80, 0x00, 0x09, 0x90, 0x44, 0x63, 0x12,
0x01, 0x22, 0x34, 0x1F, 0xAF, 0xBB, 0xCA, 0x9A, 0x89, 0x80, 0x12, 0x23, 0x20, 0x8C, 0xBB, 0xBA,
0x90, 0x22, 0x44, 0x72, 0x42, 0x11, 0x89, 0xA9, 0xAB, 0xAB, 0xC9, 0x92, 0x44, 0x53, 0x33, 0x42,
0x22, 0x89, 0xCD, 0xBD, 0xBC, 0xBC, 0xBB, 0xBC, 0xAA, 0xA9, 0xBA, 0xCC, 0xA9, 0x98, 0x01, 0x23,
0x43, 0x43, 0x42, 0x22, 0x00, 0x00, 0x12, 0x23, 0x33, 0x35, 0x37, 0x44, 0x43, 0x44, 0x23, 0x21,
0x08, 0x99, 0xAA, 0xBD, 0xAA, 0xAA, 0x9B, 0xBB, 0xDA, 0x99, 0x34, 0x34, 0x33, 0x21, 0x22, 0x20,
0x1B, 0xCC, 0xCC, 0xBC, 0xDB, 0xAA, 0x01, 0x53, 0x42, 0x23, 0x23, 0x34, 0x21, 0x89, 0xAA, 0x42,
0x72, 0x21, 0x08, 0x08, 0x00, 0x08, 0x80, 0x24, 0x43, 0x43, 0x22, 0x44, 0x21, 0x0C, 0xDE, 0xBD,
0xAA, 0xB9, 0xA8, 0x88, 0x11, 0x32, 0x11, 0x0A, 0xAB, 0xCA, 0xA8, 0x01, 0x36, 0x35, 0x43, 0x12,
0x09, 0x9A, 0xAB, 0xBB, 0xBB, 0xA4, 0x37, 0x43, 0x43, 0x33, 0x22, 0x98, 0xCD, 0xBD, 0xBC, 0xBD,
0xAB, 0xBB, 0xBA, 0xAB, 0xAB, 0xCC, 0xAA, 0x98, 0x01, 0x23, 0x43, 0x43, 0x42, 0x22, 0x12, 0x01,
0x21, 0x23, 0x33, 0x44, 0x37, 0x37, 0x24, 0x34, 0x33, 0x22, 0x88, 0x9A, 0xAA, 0xCB, 0xBB, 0xC9,
0x9A, 0x9C, 0xBB, 0xA8, 0x33, 0x73, 0x23, 0x12, 0x21, 0x20, 0x0A, 0xCC, 0xBD, 0xBC, 0xDA, 0xBA,
0x01, 0x53, 0x34, 0x31, 0x23, 0x22, 0x38, 0x8A, 0xA0, 0x26, 0x53, 0x22, 0x10, 0x00, 0x09, 0x8A,
0x90, 0x06, 0x33, 0x42, 0x32, 0x33, 0x34, 0x9A, 0xFF, 0xCB, 0xBA, 0xBA, 0x99, 0x80, 0x02, 0x34,
0x02, 0xA9, 0xAB, 0xBB, 0xA8, 0x83, 0x27, 0x63, 0x33, 0x11, 0x89, 0xAA, 0xAB, 0xAC, 0xA9, 0x02,
0x47, 0x24, 0x23, 0x42, 0x21, 0x89, 0xCC, 0xDB, 0xBD, 0xBB, 0xCB, 0xBB, 0xBA, 0xAB, 0xBC, 0xCA,
0xBB, 0x08, 0x11, 0x33, 0x44, 0x33, 0x43, 0x31, 0x20, 0x00, 0x21, 0x43, 0x33, 0x42, 0x54, 0x54,
0x44, 0x42, 0x32, 0x21, 0x88, 0x9A, 0xAB, 0xCB, 0xBB, 0xAA, 0x9B, 0xBD, 0xB9, 0xA1, 0x43, 0x52,
0x22, 0x11, 0x33, 0x21, 0x0B, 0xBD, 0xBE, 0xAD, 0xBC, 0xA9, 0x02, 0x53, 0x33, 0x31, 0x22, 0x22,
0x20, 0x8A, 0xA2, 0x55, 0x52, 0x21, 0x00, 0x88, 0x80, 0x98, 0x81, 0x16, 0x32, 0x41, 0x12, 0x23,
0x32, 0xBC, 0xFF, 0xCA, 0xAA, 0xA9, 0x98, 0x91, 0x02, 0x22, 0x20, 0x8A, 0xBC, 0xAA, 0xA8, 0x03,
0x47, 0x33, 0x51, 0x10, 0x09, 0x9A, 0x9A, 0xAB, 0xA9, 0x13, 0x73, 0x52, 0x33, 0x32, 0x30, 0x9A,
0xEB, 0xEB, 0xBD, 0xBB, 0xBC, 0xBA, 0xBA, 0x9B, 0xAB, 0xDA, 0xAA, 0x88, 0x11, 0x34, 0x34, 0x33,
0x33, 0x33, 0x21, 0x01, 0x01, 0x33, 0x62, 0x34, 0x53, 0x63, 0x54, 0x24, 0x21, 0x20, 0x89, 0x99,
0x9A, 0xBC, 0xBC, 0x99, 0xA9, 0xBA, 0xB8, 0x83, 0x44, 0x42, 0x23, 0x23, 0x33, 0x11, 0x9A, 0xDB,
0xDB, 0xCD, 0xBC, 0xA8, 0x03, 0x53, 0x33, 0x21, 0x33, 0x33, 0x18, 0x9B, 0xA4, 0x37, 0x51, 0x10,
0x08, 0x88, 0x08, 0x98, 0x00, 0x35, 0x33, 0x42, 0x23, 0x33, 0x40, 0xBD, 0xFC, 0xBD, 0x9A, 0x99,
0x98, 0x80, 0x11, 0x21, 0x10, 0x9A, 0xAB, 0xAB, 0x89, 0x02, 0x65, 0x35, 0x22, 0x10, 0x99, 0x9A,
0xAB, 0xAB, 0xAA, 0x34, 0x64, 0x33, 0x43, 0x41, 0x20, 0x8B, 0xCD, 0xCB, 0xDA, 0xCA, 0xBB, 0xBB,
0xAA, 0xAA, 0xBD, 0xAB, 0xA9, 0x80, 0x12, 0x43, 0x34, 0x34, 0x22, 0x22, 0x10, 0x11, 0x02, 0x34,
0x32, 0x34, 0x72, 0x73, 0x35, 0x33, 0x32, 0x20, 0x8A, 0x9A, 0xAB, 0xCB, 0xCA, 0xAB, 0xAA, 0xCB,
0xA9, 0x03, 0x45, 0x33, 0x32, 0x22, 0x22, 0x00, 0xBC, 0xDB, 0xCB, 0xDB, 0xCB, 0xB1, 0x05, 0x34,
0x33, 0x22, 0x23, 0x23, 0x09, 0x99, 0x15, 0x44, 0x41, 0x20, 0x88, 0x00, 0x00, 0x88, 0x00, 0x45,
0x33, 0x32, 0x33, 0x42, 0x38, 0xBF, 0xFC, 0xCA, 0xBA, 0xAA, 0x98, 0x00, 0x23, 0x31, 0x29, 0xBB,
0xE9, 0x99, 0x08, 0x12, 0x63, 0x43, 0x32, 0x18, 0x9A, 0xAB, 0xBB, 0xCB, 0x99, 0x43, 0x74, 0x33,
0x34, 0x22, 0x18, 0x8D, 0xBD, 0xBD, 0xBB, 0xCB, 0xBC, 0xAB, 0xA9, 0xBA, 0xBC, 0xC9, 0xB0, 0x80,
0x22, 0x42, 0x34, 0x23, 0x33, 0x23, 0x11, 0x10, 0x13, 0x34, 0x33, 0x46, 0x44, 0x63, 0x43, 0x43,
0x22, 0x10, 0x8A, 0x9A, 0xBC, 0xBB, 0xBB, 0xAB, 0xAB, 0xDA, 0xA9, 0x02, 0x45, 0x32, 0x21, 0x21,
0x21, 0x21, 0xAA, 0xDB, 0xEB, 0xDB, 0xBB, 0xA0, 0x17, 0x23, 0x42, 0x21, 0x12, 0x12, 0x08, 0x99,
0x23, 0x64, 0x22, 0x20, 0x08, 0x89, 0x99, 0x88, 0x13, 0x74, 0x12, 0x21, 0x23, 0x43, 0x2A, 0xAF,
0xFC, 0xBA, 0xBA, 0xA9, 0x88, 0x11, 0x23, 0x21, 0x1A, 0xAC, 0xBB, 0xA9, 0x80, 0x43, 0x73, 0x53,
0x11, 0x08, 0x99, 0xAA, 0xAA, 0xB9, 0xA1, 0x35, 0x62, 0x43, 0x33, 0x33, 0x18, 0xAF, 0xBD, 0xBC,
0xBC, 0xBB, 0xCB, 0xAB, 0x9A, 0xAA, 0xCB, 0xCA, 0xA8, 0x81, 0x14, 0x23, 0x42, 0x34, 0x22, 0x11,
0x11, 0x12, 0x13, 0x22, 0x25, 0x36, 0x36, 0x44, 0x34, 0x33, 0x21, 0x08, 0x99, 0x9A, 0xAB, 0xCB,
0xBB, 0xAC, 0xBC, 0xBC, 0x99, 0x33, 0x44, 0x32, 0x22, 0x10,
};

#define SF2_INST_COUNT  10

/* Ã¿ÀÖÆ÷: offset(nibble addr), loop_start(nibble), loop_end(nibble), n_nibbles, orig_pitch */
static const u16 code sf2_start[SF2_INST_COUNT] = {
    0,    /* Piano */
    2328,    /* SlapBass */
    5998,    /* Shakuhachi */
    9900,    /* Oboe */
    13922,    /* Trumpet */
    18120,    /* Blow */
    23274,    /* Oboe2 */
    28742,    /* Strings */
    35058,    /* Harp */
    42432,    /* Guitar */
};

static const u16 code sf2_loop_start[SF2_INST_COUNT] = {
    1915,    /* Piano */
    3017,    /* SlapBass */
    2155,    /* Shakuhachi */
    3533,    /* Oboe */
    3595,    /* Trumpet */
    1171,    /* Blow */
    4675,    /* Oboe2 */
    573,    /* Strings */
    1762,    /* Harp */
    7080,    /* Guitar */
};

static const u16 code sf2_loop_end[SF2_INST_COUNT] = {
    2127,    /* Piano */
    3512,    /* SlapBass */
    3900,    /* Shakuhachi */
    3959,    /* Oboe */
    3809,    /* Trumpet */
    5149,    /* Blow */
    5311,    /* Oboe2 */
    5031,    /* Strings */
    6550,    /* Harp */
    7291,    /* Guitar */
};

static const u16 code sf2_nib_count[SF2_INST_COUNT] = {
    2328,    /* Piano */
    3669,    /* SlapBass */
    3901,    /* Shakuhachi */
    4021,    /* Oboe */
    4198,    /* Trumpet */
    5153,    /* Blow */
    5468,    /* Oboe2 */
    6315,    /* Strings */
    7373,    /* Harp */
    7444,    /* Guitar */
};

static const u8 code sf2_orig_pitch[SF2_INST_COUNT] = {
    40,    /* Piano */
    26,    /* SlapBass */
    81,    /* Shakuhachi */
    28,    /* Oboe */
    52,    /* Trumpet */
    60,    /* Blow */
    21,    /* Oboe2 */
    71,    /* Strings */
    73,    /* Harp */
    40,    /* Guitar */
};

static const s16 code sf2_loop_acc[SF2_INST_COUNT] = {
    1793,    /* Piano */
    1440,    /* SlapBass */
    -435,    /* Shakuhachi */
    1817,    /* Oboe */
    1939,    /* Trumpet */
    123,    /* Blow */
    1711,    /* Oboe2 */
    1229,    /* Strings */
    -591,    /* Harp */
    1007,    /* Guitar */
};

static const u16 code sf2_loop_step[SF2_INST_COUNT] = {
    288,    /* Piano */
    48,    /* SlapBass */
    560,    /* Shakuhachi */
    112,    /* Oboe */
    288,    /* Trumpet */
    464,    /* Blow */
    288,    /* Oboe2 */
    544,    /* Strings */
    496,    /* Harp */
    96,    /* Guitar */
};

static const u8 code sf2_names[SF2_INST_COUNT][8] = {
    {0x50, 0x69, 0x61, 0x6E, 0x6F, 0x00, 0x00, 0x00},  /* Piano */
    {0x53, 0x6C, 0x61, 0x70, 0x42, 0x61, 0x73, 0x73},  /* SlapBass */
    {0x53, 0x68, 0x61, 0x6B, 0x75, 0x68, 0x61, 0x63},  /* Shakuhachi */
    {0x4F, 0x62, 0x6F, 0x65, 0x00, 0x00, 0x00, 0x00},  /* Oboe */
    {0x54, 0x72, 0x75, 0x6D, 0x70, 0x65, 0x74, 0x00},  /* Trumpet */
    {0x42, 0x6C, 0x6F, 0x77, 0x00, 0x00, 0x00, 0x00},  /* Blow */
    {0x4F, 0x62, 0x6F, 0x65, 0x32, 0x00, 0x00, 0x00},  /* Oboe2 */
    {0x53, 0x74, 0x72, 0x69, 0x6E, 0x67, 0x73, 0x00},  /* Strings */
    {0x48, 0x61, 0x72, 0x70, 0x00, 0x00, 0x00, 0x00},  /* Harp */
    {0x47, 0x75, 0x69, 0x74, 0x61, 0x72, 0x00, 0x00},  /* Guitar */
};

