:0200000400FFFB
:0800000002BCBA900AA6E0223E
:10000B0002AB2A800C7E0BB0F599D2002000FD0BC1
:07001B00147E0BB070EF2210
:1000230002BC72C001E0FB3D1CC88888C088888878
:100033008888888888C08888888888888888C088CD
:1000430088888888888888C08888888888888888F5
:10005300C08888888888888888C0888888888888AD
:100063008888C08888888888888888C0888888889D
:1000730088888888C08888888888888888C088888D
:10008300888888888888C08888888888888888C07D
:100093008888888888888888C088888888888888A5
:1000A30088C08888888888888888C088888888885D
:1000B300888888C08888888888888888C08888884D
:1000C3008888888888C08888888888888888C0883D
:1000D30088888888888888C0888888888888888865
:1000E300C08888888888888888C08888888888881D
:1000F3008888C08888888888888888C0888888880D
:1001030088888888C08888888888888888C08888FC
:10011300888888888888C08888888888888888C0EC
:100123008888888888888888C08888888888888814
:1001330088C08888888888888888C08888888888CC
:10014300888888C08888888888888888C0888888BC
:100153008888888888C08888888888888888C088AC
:1001630088888888888888C08888888888888888D4
:10017300C08888888888888888C08888888888888C
:100183008888C08888888888888888C0888888887C
:1001930088888888C08888888888888888C088886C
:1001A300888888888888C08888888888888888C05C
:1001B3008888888888888888C08888888888888884
:1001C30088C08888888888888888C088888888883C
:1001D300888888C08888888888888888C08888882C
:1001E3008888888888C08888888888888888C0881C
:1001F30088888888888888C0888888888888888844
:10020300C08888888888888888C0888888888888FB
:100213008888C08888888888888888C088888888EB
:1002230088888888C08888888888888888C08888DB
:10023300888888888888C08888888888888888C0CB
:100243008888888888888888C088888888888888F3
:1002530088C08888888888888888C08888888888AB
:10026300888888C08888888888888888C08888889B
:100273008888888888C08888888888888888C0888B
:1002830088888888888888C08888888888888888B3
:10029300C08888888888888888C08888888888886B
:1002A3008888C08888888888888888C0888888885B
:1002B30088888888C08888888888888888C088884B
:1002C300888888888888C08888888888888888C03B
:1002D3008888888888888888C08888888888888863
:1002E30088C08888888888888888C088888888881B
:1002F300888888C08888888888888888C08888880B
:100303008888888888C08888888888888888C088FA
:1003130088888888888888C0888888888888888822
:10032300C08888888888888888C0888888888888DA
:100333008888C08888888888888888C088888888CA
:1003430088888888C08888888888888888C08888BA
:10035300888888888888C08888888888888888C0AA
:100363008888888888888888C088888888888888D2
:1003730088C08888888888888888C088888888888A
:10038300888888C08888888888888888C08888887A
:100393008888888888C08888888888888888C0886A
:1003A30088888888888888C0888888888888888892
:1003B300C08888888888888888C08888888888884A
:1003C3008888C08888888888888888C0888888883A
:1003D30088888888C08888888888888888C088882A
:1003E300888888888888C08888888888888888C01A
:1003F3008888888888888888C08888888888888842
:1004030088C08888888888888888C08888888888F9
:10041300888888C08888888888888888C0888888E9
:100423008888888888C08888888888888888C088D9
:1004330088888888888888C0888888888888888801
:10044300C08888888888888888C0888888888888B9
:100453008888C08888888888888888C088888888A9
:1004630088888888C08888888888888888C0888899
:10047300888888888888C08888888888888888C089
:100483008888888888888888C088888888888888B1
:1004930088C08888888888888888C0888888888869
:1004A300888888C08888888888888888C088888859
:1004B3008888888888C08888888888888888C08849
:1004C30088888888888888C0888888888888888871
:1004D300C08888888888888888C088888888888829
:1004E3008888C08888888888888888C08888888819
:1004F30088888888C08888888888888888C0888809
:10050300888888888888C08888888888888888C0F8
:100513008888888888888888C08888888888888820
:1005230088C08888888888888888C08888888888D8
:10053300888888C08888888888888888C0888888C8
:100543008888888888C08888888888888888C088B8
:1005530088888888888888C08888888888888888E0
:10056300C08888888888888888C088888888888898
:100573008888C08888888888888888C08888888888
:1005830088888888C08888888888888888C0888878
:10059300888888888888C08888888888888888C068
:1005A3008888888888888888C08888888888888890
:1005B30088C08888888888888888C0888888888848
:1005C300888888C08888888888888888C088888838
:1005D3008888888888C08888888888888888C08828
:1005E30088888888888888C3CC000000FFEEDDCC2B
:1005F30080F0FFFFFFFDCDCCFFA0022111100222EE
:100603001EDBA0ABDEDBBCDEFF0001A01233311228
:100613003331121FA0DDEEBA9ACDF000ECA0CDF27B
:100623003320FEEF010EA0CCDEF10FDA99BF24B028
:1006330021FEEE0124432011C000121FEDCCEF0F69
:10064300EDB0BDEF010001222101A056655520FE4A
:10065300EFDBABA0CD02210EDAD13552B0FCBDF1F8
:10066300332F012332C00FEDCDEFFEDCCDF0B0FF11
:10067300F0245555444431B00013530EDCA9BDEFAB
:10068300C0FEEEEEEEFFF01233C022110F0110EDAB
:10069300BBCCC0BBBBDF0FF1233443C03333432197
:1006A3001221ECCDC0DCBCDDDDDEEDDDE0C01234BB
:1006B300332210122210C0DBAABCCBCDEF0122C023
:1006C3002223443223333211C00EDCCCCCCDDDEEF9
:1006D300EEC0CCCDEF0222222334C044320FEDDD35
:1006E300CAAABDC0F000F01234432222B0555554BB
:1006F3002FCA999999C0CCCCCDEEDDEF1333C04509
:1007030054455431ECBBAAC0AAACDCBCF13433432E
:10071300C0212333223331FFEDC0BAABCDCDDCCBC7
:10072300CDEFC0134333334444310EC0EDCBA88A1D
:10073300CDDDEF13C03334322334322343C01FEDF6
:10074300CCBBCDDCCCCCC0BCDE023323324544C0B1
:10075300431FFEC98889BCBBC0DF134444423444F1
:1007630043C033441FEECBBBCDDDC0CBBA9ACE130F
:10077300432322C04444331FFECA988AC0CDCCE031
:100783002344455445C2542123331FFEDCCCC0CD42
:10079300DCCBA99ACE1232C02211344332111ECBC4
:1007A300B1ABDFF00122233334B2034554420210CC
:1007B3000234C0333210EDCCCEEEEDC0DDEEFF23BC
:1007C30034444443C010FFFFFFFEDBA999C08ADF16
:1007D300122233101100C0012333310FDCCCCEC001
:1007E300FEDCCDEEE1334445C054310FFFFF000E74
:1007F300CAC09998ACE022233211C01100013333EF
:100803001FFEDCC0CCDEFDCCCEFF0233C04555530A
:1008130010FFFFF110C0FCA98989BCE12223C0327B
:10082300211001123332FFC0FDCCCCEFEDCCDEF052
:10083300C012345565420FFFFFC0010FDB98889A41
:10084300BD01C02233332210112233C020FFEDCC6F
:10085300CDEEDCCCC0DF011245666431FFC0FF0082
:10086300100ECA98899AC0CE01123443210011C0D8
:10087300223210FFEDDDDDDEC0ECCDEF1112456657
:1008830043C020EFF01000FECA99C0999BCE00131D
:10089300444220B00223366310FDBAABC0DDDEDC78
:1008A300DDF0112356C065431FEE000F00ECC0BA04
:1008B3009999ACDF002454C032100111231100FDBB
:1008C300B0AABA9ACDAABDF123C024665431FFF071
:1008D30010FFC00EDCBAA99ABCDFF1C04544322038
:1008E30001122210C00FEDDDDCCEEEDDEFC00112F0
:1008F30034665420F000C00FF0FDDDBBA9ABBCC0D3
:10090300DE02444333100122C021011FEEEDCCDE91
:10091300FEC0DEFF01123455420FC0011FF00FDD90
:10092300DDCBAAC0BBBCDE1334433200C01222119C
:10093300110EEECCCCC0EFFEEFFF00124555C041C7
:1009430000110FF0FEDEDCC0CBBBBABCDF133443B7
:10095300B04101443323320FFCC0CCCDEFFF00F094
:100963000112C04443200110FF0FEDC0EEDCBBCCED
:10097300ABBDE012C03443100121001111C010FCC3
:10098300BCCDFFF01000C00012333200110000C0D4
:10099300FEEEEEDCCCDBBBCEC0F02234310F012007
:1009A30001B0233330C9999CEFF1B0432111444482
:1009B300320141C000FFFEEFEEDCDDCBC0BCDF0146
:1009C3002233100001B0200123462ECAAAADB0EF96
:1009D30012542213322111B0133010EEDDEDCBBBD4
:1009E300C0DDCCCDE012222100B00012000124644E
:1009F3001EDBB0BCBDE02454322320A0E11264010D
:100A03002BAAACC9B0BCDCA999BDF14543B00FEF2B
:100A1300001101113542B0EECCDBBDE1464433A0F9
:100A230065FAE0146213FAACB0EEDBCDDB99ABDE12
:100A330013B0553FDCCE00012123B05520EEDEDBA1
:100A4300DE1356B0434430CDFF12111EB0DDEEDD90
:100A5300BCFEBAAACDB0E036540DBACEFF11B02217
:100A630046521FDDFDCBD1B0345542441DCFE011BA
:100A7300B0010DDFFDCCCEECABB0CDFF025651EB98
:100A83009ABDB0DE012366300EDEEDB0CD155555AF
:100A930043320EFFB0F010FFDEFFDCCBDEC0ECDE36
:100AA300FF0012320FECC0DDDEEF011232100FB087
:100AB300FDDDD1466545431FB0FF0EE0FEEBD00ED2
:100AC300DDC0EEEEDDEF00112331B0EC99A9BAC021
:100AD300233652C000FFFEEE01333221B0231FF153
:100AE300FEFFDCCCF1B0FEDDCCCACDE02445C03343
:100AF3002FDCCCCCCCE001C0231110FFFFFF12434D
:100B0300B06641231FFFEEECBBB0BE10FFDCCCABE5
:100B1300CDF2C02233330ECCCCCCCDB0EF02432286
:100B230020FEEF01C013443201220F0FFEB0DAABF7
:100B3300CF0FEEBBBABCC0EF01233331FDCCCCC029
:100B4300CCDEFF01111100FFC0F01024543112213B
:100B530000B0EDDDB9AADFFEDCABC0DDEEE01234A0
:100B63003310EDC0CCCCCDDEF0111111C00010015B
:100B73001135432123C02000EDEEDCCDE0FEC0EDB6
:100B8300DDDDFF01234442C01FEDCCCDCCDDF00001
:100B9300C00010011011124443C01133200FDDEDCA
:100BA300CBCDC0FFDDDDEDDF000223C044210FED1F
:100BB300CCDDCCCEC0F00F010022101123C0444382
:100BC300123210FDEEDCC0BCDEEDDDDEEDE000C078
:100BD300123433200EDDDDDBC0BBDEF0FF01123249
:100BE30011C012344442223200EEC0EDCCCDEDDD13
:100BF300DDDDDEB0111356665431EBCCC0DDCBBC6A
:100C0300DEFFFF1123C02111223444323321C00EF1
:100C1300DEECCCCDDCCDDDC0DDE011123222221FB3
:100C2300C0EEEEDCBABCDEFFF0C023431012224557
:100C33004323C03210FEEECCDDDDBCC0DDCCDE01D3
:100C430011232221C0110FEEEEDBAABCDEC0EF029E
:100C5300344211112465C033332110EDDCCDDDC0E6
:100C6300CBBCCCCCE0111233C02211100FEFFDCB63
:100C7300ABC0BCDEE01344321112C0355433321121
:100C83000FDDCDC0DDDCCBCCBCCDF111B04555447F
:100C93003221FDDED9C0BAAABCDFF1344421C01130
:100CA300234543333111FEC0DCDEDCCCBCCBCDDECF
:100CB300B023334555432320EEC0FEDCBAAABCEF74
:100CC3000244C04310124455433321C010EEDDEEFD
:100CD300CDCCBBBBB09AB0322454443333C00FFFE6
:100CE300FEDCAA9ABDFFC01444321123445433C01E
:100CF30033210FEEDDEDDCBBC0BBBCDDE111122205
:100D030022C02210F0FFEDCBA9ABC0CEF0254322C9
:100D1300123344C0333432200FEDDEEDC0DCBBBAF6
:100D2300BCCE000112C01122210000FFEDCBC0AAEE
:100D3300ABCEF134323223C03443334432100FEE9E
:100D4300C0EEEEDBBBAABBDEF0B013322665420F6A
:100D5300000EC0ECBABBBBDF023323C032233332F5
:100D630024433210C0FEEFFEEEDBBBAAACC0DFF0C3
:100D73000100232210F0C000FEDCCBBBBCEF02C09D
:100D83003233223332223433C0320FFEF0FEEEDC34
:100D9300BAC0AAACEFF010023222C00FF000FEDDA1
:100DA300CCCBBEC0FF02223223322213C0433331E5
:100DB3000EEF00FFFEC0DBAAAAACEFF00F13B06486
:100DC3003200000FDDDBAAC0CBDEEF02232233218A
:100DD300C01223333420FEF000C00FFFDBAAA9ADFD
:100DE300EEF0B0F25544310000FDDEB0ECCB9BDCFD
:100DF300CF234544C02211112323331FFFC0010019
:100E0300000FCBB999BDB0BDEF135443100FEEB033
:100E1300DEF0FDCBCCCCD023C02222211111223411
:100E230032C000000001100ECCA9C09ABCDEF01243
:100E3300221110B0EDDDEF110FDEDCCDB0E0134475
:100E43004323222236C033210010001111FEC0CBF0
:100E530099AAABCEF01222A0641DA99BE454300ED4
:100E6300B0DCDDDF0233223211B0114655532221AB
:100E73001344C010FDCAAAAAABCEF0B0366431FD4C
:100E8300CCCE1323A0320ECDDBBD124346B02111CD
:100E9300145535443222C0222210FDBBBAAAABB08E
:100EA3009CE146542FDCBCDFA03566541000DBCD3B
:100EB300FEB00022210124323345C0111123210049
:100EC300ECBBBAC0AABBDDF123210FEEB0CCF0120C
:100ED30034212100EDB0EEEDE01220034323C011D5
:100EE3002222223320FFDCC0CCBAAABCDDF12220AF
:100EF300B0FEDDCDF022432243A021DCCC99DE14E9
:100F03003056C0111101222334431FC0EEDCCBBA8B
:100F1300ABCCDEF1B05520FEDDDE022343B034421C
:100F23001FEDDCCCDE11C0F011111011223345C0CE
:100F3300420EECCCCBAABCCCB0BDF24310FEEDCE3E
:100F430002B0333355421FDDBCCDB0DF1012122186
:100F5300122455C0345532FEDCCCCBABC0CCCDEE25
:100F6300F1100FFFFEB0CE13433465420FEBB0BC5C
:100F7300CDEF0111121122C01223455320EDCCCC29
:100F8300C0BAACDCDEEF0000F0B0EEEDDF23345688
:100F93006541B0FECABBCEEE021121C0000122247E
:100FA30044431FDDC0CDDCBACDDDEEE000B0FFFF72
:100FB300DEEDE0333566B05431FCBBBCEFEF21C04E
:100FC3000001110233344332C00EDDDDCBABCCDD87
:100FD300EEB0E000FFEEEFDCF234C023332210FD6D
:100FE300EDDEFFC0F000FF0110233344C03211FDDA
:100FF300DDDDCBBCCDB0BCEFEF00FEDDDECDB0134D
:10100300446666421FCBCCB0DEEDF10FE0222356DF
:10101300C034432200EDEDEDCBC0BCCDDEFFF00FBD
:10102300FEEEB0DDDF2456556532FDB0BDCDEEDEFC
:1010330000FDD032C013334432100EDDEEC0DDCCE0
:10104300BCDEEFFFF0FFC0FEDDEEF013332332B062
:1010530030DCCEEFFEFF0FDCC0F01123344322005F
:10106300EEC0DEEEDDDCCCEEF0EFC0F0FFEDDDEE4A
:10107300F02442B066641DBCEFF0FF00C0FEEEF04A
:101083001233443210B0FDCBCDDCAA999ACEB01EF8
:10109300DF10FDCBBBBE03C045333331EDDEFF00B4
:1010A300C00000EEEEF0133453B0531FDCCCDDDC94
:1010B300CB99B0BBC00DD010EDBAAAC0EF03543327
:1010C300331FDDEFB0FF10121FDDCE0146C04442D7
:1010D30011FEEDEEEEEEB0DBACDCEFEDD100ECC0DB
:1010E300DCCDEF144334420EB0BBEFE111220EDC32
:1010F300DEC00023333100EEEEEEB0CDCEDCCEDE2B
:10110300FEEDF0C000FDCCDEEF344344B062DBBD46
:10111300FFF222310FC0FEFF01233320FFEEB0CCDC
:10112300CBDDDEDDEFEEDDC0EFFF00EDBCDDE13456
:10113300C0344420EDEFFF0111B0210FEDEF035553
:10114300431FB0EDDCCCBCEDEEFF0FC0FEDEFFF0C5
:101153000FDCCDDEC0F23444431FEEFFF0B0323378
:10116300110FEEEF1343B021EEEDCCCBCEFEE0C07A
:10117300000FEDEEFFF00EDCC0CDDF024445420F61
:10118300FFA01F055443431FBDD0B012310EDDED48
:10119300CCCCEFB0FE01121FCBCEFEEFC0FDCCCD09
:1011A300EF13444431A01EF222544324320CB0EE18
:1011B300FF021ECCCEDCCEB0DE00F01222FEBCDE7F
:1011C300C0FEEEECCCDEF02344C04321000012103D
:1011D3000010B010EEEFFF01FBBCDDB0CBDEEF1F64
:1011E300012230EDB0CDEEDCCCB9AACEF2C023445F
:1011F30032210001221FB0F1210EEEEFFEFFBAB043
:10120300ACDCBCFFF1101234B02FEEEEEDCBBA9A8A
:10121300ACC0EF12333332210113B0640F12110D3E
:10122300EFFFFEB0EC99BDCBBD001101B022331F1F
:10123300FEEEDBAAA9B09ACDE04545665542B0441F
:101243005663012111DCEFC0FFEEDDCDEEDDDF00E3
:10125300B010123343100EEECAC0CCCCDDEFF13226
:101263001222B06633466551131110B0DCEDEDB9AF
:1012730099ABBBBBB0B02101243333231EC0FFEDB8
:10128300CBCDDDEF1221C01222321123321111C056
:10129300101FEEFEFECCCCDDB0BCBBD1200134432D
:1012A30043C0110EEEDCBBCDDDF1C02111122321B1
:1012B300123322C01222100FEEEEEDBBC0CDCDEDE6
:1012C300DEF0001121C0122221FEEECBBCCCB09C7B
:1012D30003433345664335B046555454330DDDAAB5
:1012E300C0DBBBDDDEEDEFFFF0C01111222220EEEB
:1012F300ECCBC0CCCCDF0111122332B032434566B4
:10130300555553FDC0EDCCCAACCDEEEEFEB0DEF1CB
:101313001234665330DCB0A9999999D0124444C071
:101323003432011122333322C021EEDCCCBABCDDCE
:10133300EEB0EFDBDFF112356542B01ECA9ABAAAEE
:10134300ABF003C01123543100002333C0333320E7
:10135300EDCCCCBBBCB0ABCEFECDEF001346B0554D
:10136300220CA9BCCBAACDC0FF011135542000F03B
:10137300C0233333321FDCCBCBC0BBCCDEE0FEEE6D
:10138300FFF0B024555421DAAACCCCC0EEEFFF1104
:101393001345431FC0FFF1233333321EDCC0CBCBD5
:1013A300BCCDEFFFFEEFB0EE022344431FAAABC058
:1013B300DDEEEFFFF0012455C0420FFF012333336D
:1013C30021C0FDCCBBCBCCCDFFFFB0EDEDE01233A4
:1013D3004431FCB0AABBBCEEEEF00115C04555315B
:1013E3000EFF012223C03210EDCBBCCCCCDEB0EE1D
:1013F300EDDEDDF1222344B02FECBBDABDFFFF109D
:10140300C00023454420FFF011C02223211FDDCB60
:10141300CCCCB09BDEEEEDDEDE0222B023420EED3D
:10142300BCBABE00C0F000014344430FEFC000123A
:101433001122111FDDCBC0DCCCDEFFEEEEEEEFB0F0
:1014430001223430FFEDCBABC0EF00000014434466
:1014530031B0FEF10144113222FDC0DDCCDBCDEE13
:10146300FFFEEEB0DEFF012334100FECC0DDDDEF35
:101473000001013443C04320EF010121F000C0000B
:10148300FEEDCDCBDEEFF0B0EDDEEFFE0233421129
:10149300B00EDB9ABBCFF02215C04443321FF011CC
:1014A3001210C000F00FFEEDDDBCEEB0DEFEDDDE9F
:1014B300EFEE0234B02122FEB9ABABE002C0212330
:1014C3003443210F0111B0231FFEEFFFFDBBA9C061
:1014D300CDEEEFFFFFFFFFEFB002321341FDAABADB
:1014E300ABC0F0012233343210FFB02431230FDDBF
:1014F300EEE0FDB0CC99ABCDEEEEEFFEB0DEEF014A
:10150300223430FCAAC0DDDEF01133334431B01194
:1015130001442132FDCCDDB0F0ECCB99BBCEEDEE36
:10152300B0F0FEDDE011334410C0EDDCDDDFF0127E
:101533003333C043200001220110FDB0ACDDFFECCA
:10154300CAAACCEFB0EEEF00FDDDF10233B0420EDC
:10155300CBA9AACE0246C03333431001012111B0F7
:101563001FDBBCDF0EDCC9ABB0CEFEEEEFFFECCD74
:1015730001B0132331FDBAAABCE0C01223333332C6
:10158300101111B032110DBABBDFFECCB0A9BCDF14
:10159300FEEFF00FECB0DF1132232FDBAAAAC0DE7F
:1015A300F0222333333211B043332210EBAABCDED3
:1015B300C0EEDCCDEEF00F0000B00FDDE112321112
:1015C300FDCAC0CCCDEF0122333333C03212221116
:1015D3001000ECDDC0DEEEEECBCEEEF000A001227B
:1015E3000EBB0455544FC0EEDDCCCEFF122333C0E7
:1015F3003333322331110FFEC0DCDDDEDDEDBCDE23
:10160300EFA0234434532ECE2443C010FEEDCCBBB5
:10161300DFF122C02333333322332111C00FEDCC4A
:10162300DCEDDDDCCDB0BCE1222233220EF0C001C3
:10163300000FEEDDCBBBDFC0122234333333333341
:10164300C021100EDDCCCDDDDDC0CCCDDE0111110E
:101653001111C00F000000FFEEDCBAC0ACE0122392
:1016630044333333C033432210FEDCCBCDC0DDCC57
:10167300CCDCDF011112B0554200F110FFFEEBC0CC
:10168300CBAAADF111244333C034333333210FEEEE
:10169300DCC0CBCDDDCBCDCCE011C01123321100AA
:1016A30000FFFFC0FFEDCBAACE001244C04333447A
:1016B30033333320FFC0EECCBCCCDDCBCCCDC0E08C
:1016C30011123432210FFFC0FFFFFFDCBA9BDEF1A2
:1016D300C02343334443333333C010FFFDCBBCDD5E
:1016E300CCBAC0BCCEF00123443210C00FFFFFFFC1
:1016F300FEDCA9ACC0EEF1333334544333C03321A1
:1017030000FFEDCBBDDCC0CCBACCDEF0123444C05C
:101713002210FFFFFFFFFEDBC0AABDEF023323450C
:1017230054C03233321000FFEDBBC0DEDDCCBBCC86
:10173300DE0123C04443210FEEEEEFFEC0EDCAAB42
:10174300CEF0122334C055543332220000FEC0DCE5
:10175300BCDEDCBBBBCDDFC012344442100FEEEE67
:10176300C0FFEEDDCBBCEF0111C02345565433223D
:1017730010F0C010FEDCCDDDCCBABCC0CDF01344FC
:101783004531000FC0FDDEFEEEDCBBBDFFC0001126
:10179300234566543210C000000FEEDCDDDDCBC004
:1017A300ABCBCE0123444310C010FFEDEEEEEDDCD6
:1017B300BBC0DEF0011133556543B051FFFF00FE9E
:1017C300FCBBCCC0DDCBBCCCE0112444B053111F17
:1017D300DCBACCDEEBC0CBCDEF0011123566C054C2
:1017E3003310FFFFFF0FEEC0EEEEDCBBBCDDF111EB
:1017F300C0344211110EEEDDEFB0FFEA99ABCE1308
:101803003335C0455443210FFFFFF0C0FFEEEFFE19
:10181300CBBACDEEC0011344311110FEDDB0BDEFE4
:101823000FCA99BBD023C011234543322100FEC008
:10183300EFFFFEEFF0FDBBBBC0EEEF002353110043
:10184300FFB0CBCCDFF0FFCA9AACC0001111343328
:10185300332110B022FDEFEDDCDF0FD9C0BBCDEE9D
:10186300EF01244211B00EDDCBDDFF000EBAC0CC78
:10187300DF000123333232B0332231EDFECECCEF21
:10188300C0FFDDCCDEEEEF1235C04210FEEEEEFF00
:10189300F000B0FDA99ACEF0234664B0355443332B
:1018A30030DFFDCCB0CDEFEDCA9BCCDCC0C0134420
:1018B300311FDDDEEF0FB0F210FCAABBDF0134B045
:1018C3004432244333442EF0B0FCCCDDEDDFECCCCA
:1018D300DDC0EDE12443100ECDDEB0E00F0110ECCE
:1018E300BCCDF0B01244221133343442B0FE00DCDC
:1018F300CBBCCDEFEEC0EFFEEE0234420FFDB09B4A
:10190300DCF0FF001FEBCCB0CF11134200F1332406
:10191300B05430EF1FDCBBBCCDC0FFFFFFEEF012B5
:101923003331B0FEEBBDDD00EFF010B0DBDDF110C5
:101933000220FF02B03356431FF00FDBBBB0CDDFF5
:10194300FFFFFDDF1245B0552ECEDABCD0FCCFA091
:10195300254FAAD04431141EB0F012365332FE0084
:101963000EB0CACCCDDEEFEEFF02B03354310DEF33
:10197300CBCEFFB0DACF330FDF03100FB000EE0092
:1019830023564220EFB00FFDBCDDDDDEEDDEB001FE
:101993003334420FFEFDCEB0FFEDBBC0221EE12269
:1019A300B00FEFFEEF12356533A03EF0FED9AAA9C2
:1019B3009999B0BBD01354332FEEFFB0FFF11FEC56
:1019C300BBD12210B00220EEDEEFE04346B0643319
:1019D3000F00EEDCDDCCB0BBBBBBF12664221EB036
:1019E300EFFE02110EEDBBE0B02210010EDCCDFFC5
:1019F300F2B034565332F00FFECDB0EDCCB9BBADDF
:101A0300125653B022FEEFEF1310FFECB0ABE02100
:101A13001000FDCBCEC0001123332210000FB0FC09
:101A2300BCDCBB99CABF13B0653222FEF0F03311A0
:101A3300B00FDBACE110FF0FECC0EDE0111223435C
:101A43002100B010F0DBACBAA99ABAB0E01354226B
:101A530031EF21F1B03332FFDBBD000EDFC0FFEE0B
:101A6300DE0111123433B041011FFEBABBAAA9B083
:101A7300AAAD001443222001B010F133310EDCBDB6
:101A8300FFB0DDEF0DBBD0122345C0443210010F70
:101A9300EDDDCCB0ABA99ABEF0244221B0111110F8
:101AA3001343220FECB0CDFDCEEEEBCDFF22C011E0
:101AB30023443210110FDDC0DDCCDDCCCDEF01228C
:101AC300B03122322011244332B00FDBBCDBCEED28
:101AD300BBDEC0F001223443321110C0FEDDDCCD89
:101AE300DCCBCDEFB02554123221012234B0424277
:101AF3000DBAACCCDEDCC0EEEF001223333332C0C0
:101B0300110FFDDDDCDDCBBBC0CEF0232111111F96
:101B130001C011221120FECBDDEEC0EEEEDEE001AE
:101B2300233433C04421100FEEEDDCCCC0BAAADF5E
:101B33000222111101B000223355432FECBCA0AC9B
:101B4300DDCDCCCD024566B0333332110000000049
:101B530071CCCDD00454000000A00FFFEEDDCCBB50
:101B6300ABCC90AAACEEFFEEDDDDEFB00111223479
:101B730044333444B044444432210000FEC0EEDD1B
:101B8300DDCCBBBBCDDDB0ABBCCCCCDEEFF000C05D
:101B93000122344455665543B06665544332210FE0
:101BA300FFC0FEEDCCBBA998889AC0BCCCDDDEEEAD
:101BB300FFFFFEC0EEEFFF0112234555C04444442E
:101BC3003332221111B033444432210FECA9B09ABD
:101BD300BCCCCBCCCCDDCCC0DDCCCBBBBCCDDDE039
:101BE300B02332112233333222B0233344555544C8
:101BF3004331B00EDEF12233334445B043210FEDC0
:101C0300CBA99999B09ACDEDCBBBBCCCCBB0BBBB28
:101C1300CCDDEF001123C01111000122333344C086
:101C230044444332210FEEDDC0CBBBBCDDCCCCCC76
:101C3300DDB0AAAAABBCCDEEF012C0122222211154
:101C4300233344C03344443321100FEDC0CCCBBA0B
:101C5300BBCDDDDCCDB0BCDDDEEEF0011233B04434
:101C630045566653211123B03333333333210FEEFB
:101C7300C0EDDCCBBAAABCCDDDB0BCCEF0122223C2
:101C83003444C02233333344433211B0233322105C
:101C9300000FFEDCC0DDCCBAAA9988889AC0BBCC01
:101CA300CDEF01122233C04445555556666655C0E3
:101CB30043322222100FFFFEC0EDDCCBBAA9998874
:101CC30088C089ABBCCCDEF01122C0333444455507
:101CD300555556C055433222211100FFC0FFEEDD9A
:101CE300DDCCBBBAA9C09999ABCCCCDDEF00C01158
:101CF30022233344444444C0455544322222211014
:101D0300C000FFFEEEDDDCCBBBC0AAA9999ABBCC19
:101D1300CCDDC0EF00112233334444C04445555554
:101D230043322222B04321100FEDCCBA99C0CBBB72
:101D3300AA9999ABBBCCC0CCDEEFF001122233C021
:101D43003333444455443322B0555543222110FEC6
:101D5300EDC0EDDDCCCBBAAAABBCB09999ABCDEF5E
:101D6300F01223C02222333333444433B054444467
:101D73004322221100C0FFFEEDDDDCCBBAAAC0BBBB
:101D8300CCCCDDDEEFFF00C001112222333344440B
:101D9300C04433222222211111C01000FFFEEDDDC9
:101DA300CCBAC0AAAABBBCCCCDDDEEC0FFF00011FB
:101DB30022222233C04444443333332222B04433F7
:101DC30022110FEDDCBBC0CCBBABBBCCCCCCDDB0AC
:101DD300BCDDEFF001223334C0222334433322220B
:101DE30022B0433333221100FEEDC0EEDDCCBBBB8A
:101DF300BCCCCCB09ABCCDEEF0012233C02222235E
:101E03003344333222B0544433332221100FC0FE03
:101E1300EEEDDCBBBBBBBCC0CCCCDDDEEEFFF0002B
:101E2300C01112222233444433B066555443333233
:101E33002211C000FFFEEEDDCCBBBBC0BBBCCCCDD2
:101E4300DDEEEFFFC00011112222233444C04433DE
:101E5300332222111111C00000FFFEEEEDDCCBC0D6
:101E6300AABBBBBBCCCCDDEEC0EFFF00111222221C
:101E730033C04444443333322222B033322110FE80
:101E8300EDDCCBC0CCBBBBBBBBBBCCCCB0ABCCDEEB
:101E9300FF01223334C02233444433333222B0446B
:101EA300333221110FFEEDC0EEEDCCBBBBBBCCCC6E
:101EB300B09AABCCDEEF011223C0111222333333BD
:101EC3003332B054433322211100FFC0FFEEEEDD65
:101ED300CCBBBBCCC0CCCCDDDDEEEFFF00C0011131
:101EE300111223333333B06665444333222111C0C7
:101EF30000FFFFFEEEDCCCBBC2BCCCCCCCDDDEEE07
:101F0300EFC0FF00001111122333C03333332222F9
:101F1300211110B10FFEEDDDCCBBBAAA010000F216
:101F230000E400D800CB00C000B500AB00A10098CE
:101F330000900088C00012334444455555C066558F
:101F4300544433221100C0000FFEEDCCBAA998C04F
:101F5300888899ABCCDDDDDDC0DDEEF001223444B1
:101F630045C05566666655443332C02111000FFFE4
:101F7300EECCBAC0998888889ABCCDDCC0CCCCCDD5
:101F8300DEFF001223C04445556666666554C043B0
:101F930032211111000FEEC0DCBA98888889ACCDCC
:101FA300C0DDCCBBBBBCDDEFF0C0011234455666CF
:101FB3006766C06554333222211111C00FFEDCBAAB
:101FC3009888889BC0CDDEEDCCBBBBBBCDC0DEEF1C
:101FD300F01234455666C06776655433322222C008
:101FE300221100FEDCBA9888C088ABDEEEEDCBBAD6
:101FF300AAC0ABBCCDDEF0123445C055666676652B
:10200300543322C02222222110FEDCBAC098888ACF
:10201300CDEFFFEDCBC0AA99ABBBCCDEF012C03441
:1020230045555556665544C032222233333210FE8D
:10203300C0DCB988889CDEF00FC0DCBBAA9AAAAAD0
:10204300BDEEC0F013344555555555C054433222A7
:1020530022334332C010FECBA98889BDEFC0010EE5
:10206300DCBAA99AA99AC0BCDE012344455444C0F2
:102073005544333332222233C0443210FECBA98875
:102083009BC0DEF0110EDCBAAAAAC0999ABCDF028B
:10209300334444C04444544332232222C0333344A0
:1020A3003210FDCB98C088ACEF0110FEDCBAC0AA99
:1020B300AA988ABCDF1234C04444444444332222E5
:1020C300C022233333433210EDC0CA988ACEF012B4
:1020D30010FEC0DCBABBA9888ABCE0C013444444E8
:1020E30033444432C01111223333333332C01FED32
:1020F300B988ACDE0122C00FEEDCBBCBB9889AC035
:10210300BCE0244444433344C043211111123344FB
:1021130033C033220FECA889CDEFC012210FEEDCC0
:10212300CCCBA9C0889ABDF134444433C0233433A3
:102133002110001233C0333332210FDB989CB0BC23
:10214300E14520FEDB99AAC0CCA9889BCD0245447A
:10215300C04332233332111000C012333333221100
:102163000ECAC089BDEF02210FFFEDC0DDEDDCA873
:1021730088ABCE14C05433332123332211C0000063
:10218300133333321110C0FDB9ACDEF012100FC09F
:10219300FFEDEEEDDCA889ABC0DF2554333211220D
:1021A30032B04321100136666654C01100ECAACD4B
:1021B300EEF121C0000FFEEEEEEDDB98C08ABCE12C
:1021C3004543232211B24554322110024666C022F0
:1021D30021000FDAACDEFFB02321000EDDEEDDCBF4
:1021E300B1CBBCEF0122233334900020312EEFEC2E
:1021F300CDDE90D202E100D1441030900E1ED9DC26
:10220300FE255210A0DDCEEEDFF0F24521A0FDCE7B
:102213000FFD00ED01419032DA3640B1FB92F0A0A0
:10222300E0FCAF11FE11F053B01121ECF00EDEED26
:10223300E1B012242FCE00EDEEEFB0222242ECF0FB
:102243000EDEEEB0E001020DBE00FE00B00123433E
:1022530042DABCDBACB0DE01343550DDF0ECB0DE8D
:10226300EF0122551DEF0CB0ACEF0012242EAAD0C3
:10227300B0EDF122244464FCABC0ECBCDEF133349A
:1022830021FEB0DEBABCEF0344662FB0EEECBCCD4A
:102293000143232DC0CCDFFFF011233333C00DCC1A
:1022A300CBBBBDF14445C041EDEEEDEEEF0221C0E5
:1022B300331FEEFEDDEEF022C0010DBCEFDEF101B7
:1022C30034C054541DCCCA9ABDF2C044342ECF112D
:1022D300EEF0EDC00221342FEFFDCCDEC0F1320170
:1022E300FA9CEEDE13C0214664442ECCB98AC0BCEE
:1022F300E133341DCF11FFC0120F0232321FEEEB58
:10230300C0BCEEF24210C88CFFC0DF143235544318
:102313002FDCC0C888BCE14432FCBFC212001320CA
:10232300122220FEC0EFFCCBDEF13321D9C08CFF9B
:10233300CDF221256773A10C9AABBE00000000C04B
:102343000000000000011234C04443210EDCBBAA8C
:10235300AAC0AAABBBCDDEEFFF00B011110FEDCCCD
:10236300CDE024C03456677776654444C044555560
:10237300431FECBA98C088888899AABCCDDEA0BD5B
:10238300F0000FDBAAAABDC00012344555555543D2
:10239300C0322233444321FECBC0A99888899AAB2B
:1023A300BCCCB0ABCDEFF000FFEEEEC0FFF01233CC
:1023B30045556655C05433323344443210C0EDCBD7
:1023C300A9999999AABCB099ABCDDEF00000FFC0E2
:1023D300FFFFFF0112344555C055544332223344A5
:1023E30044C0310FDCBAA99999AAC0BBCCCDDDEEAC
:1023F300FFFFFFC0FFFFFEFFF0012334C04555552B
:102403004433222334C0444320FDCBAA9999C09975
:10241300AABBCCDDDEEEFFB0FFFFEEEEEEEF012454
:10242300C02344555554433222C0334444320FEC45
:10243300BBA9C099999AABBCCDDDEEA0BCEEFFEE73
:10244300DDDDDEF1C00122344455554433C0222280
:1024530034444321FEDCC0BAA99999AABBCCDDB0B0
:10246300BCDDEEFFFFFEEEEEC0FF0011233444455A
:1024730044C04333222334544310C0EDCBAA99996B
:102483009AABBCB09AABCCDEEEFFEEEEC0FFFFF032
:102493000112334444C04444433222334554C032CE
:1024A3000FECBBAA9999AAC0BBCCCDDDEEEFFFFF21
:1024B300C0FFFFFFFF00112233C0444444443322D2
:1024C3002234C0554320FEDCBAA999C09AABBCCCD8
:1024D300DDDEEEFFB0EEEEEEEFFFF01134C023349D
:1024E300444444433222C0234454421FEDCBAAC088
:1024F3009999AABBCCCDDDEEA0ABCCCCCCDDEEFF65
:1025030012C00112333444444433C02222344554AC
:10251300310EDCC0BBAA999AAABBCCDDB0BCCDDD21
:10252300DEEEEEEEFFC00000112233444444C0430C
:1025330032222334554320C0FEDCBAA9999AABBC9E
:10254300B09AABCCDDDDDDEEEEC0FFF0000112236F
:102553003344C04444333222234555C0320FEDCBBC
:10256300AA999AAAC0BBCCDDDEEEEEEEEEB0EEEF9A
:10257300FF0011234566C03444444333222234C050
:10258300555421FEDCBAAA99C0AAABBCCDDDDEEE60
:10259300EEB0DDDDEEEFF0011234C02333344444FA
:1025A300333222C02345554310FDCCBAC0A999AAA2
:1025B300BBCCCDDDEEA099AAABBCDDEF0123C011EE
:1025C30022233334444333C02222345554310FED94
:1025D300C0CBAA999AABBCCCDDB0BCCCCCCDDDEEE4
:1025E300EFF0C00001122233333444C033322222CD
:1025F30034555320C0FEDCBAA999AABBBCB09ABB20
:10260300CCCCCCDDDDEEC0FF00001112233333C28E
:102613003333332222234555C0421FEDCBBAA99A47
:10262300AAC0BBCCDDDDEEEEEEEFA1DFF00112229E
:10263300233334C0001331FEDDDDDDEEC0EEDDF10A
:102643002344444322B0320FFEDCBAAAAAAAC0DD57
:10265300DBBCDF01122221C0112344420ECBBBCCD1
:10266300C0CDFEEEF134566665C05432210FEEDC68
:10267300CCBCC0BABBBA99ABCEFF01C010011234B7
:102683004431FDCCC0CCCEF0FFF0245677C0777632
:102693006543210FFEDCC0CCBBABBA9888ABCDC081
:1026A300EFFFFF000133320EC0CCBBBCDFFEEF01F6
:1026B30035C26777776654432100C0FEEDDCBCCC9E
:1026C300BA99ABC0CDEF000000012333B120FEFF68
:1026D300F013344556C0012424442EEDBABFC0453F
:1026E3005532EFBCA9BBC0C02D1DF1245301EDEF42
:1026F300C0E3DF1DFFE0EE0312C0DBC02524401F53
:10270300CC88C0BD02211F002EEEBFC0F05210FEC8
:102713000FEDECEBC0D1124322124EECD1C02ED9F7
:102723009DF1303333FFC0CADD2320FC1DD0DDC053
:102733000E06234010EEF8DBC0BADC02542333311B
:10274300FEC0E00FC988AF023455C011FBDED321B0
:1027530020010FC0FECFFD1FFF0F4101C0EDDBAC19
:10276300D331000212C00EF232FB99AE1204C00143
:102773001BDDB01336202FC0F2BCDABDD11F04F12C
:10278300C00F0CEDBD04541011C232CCBF20FCD9D4
:102793000F13C01F210E989ED33175C036312EAD55
:1027A30099DCBFE2B1225202F00011111270FDDC7C
:1027B300CCCDBACDCCDEA000FFFEEEEF133221A0CC
:1027C300344210F12FEE1DB9C0EEEDCBBCE0233344
:1027D30033C010FF0233310ECCDEC0FFFFECBA9BD7
:1027E300CF1344C0420FEEF0233310EDC0DDDE0300
:1027F3004543100011C0223220EDBBBDEFFEC0DC0B
:10280300A999ABCE0110FEC0DDEF1344310FEEEFFB
:10281300C01356653211223444C0431FECCDDEFF92
:10282300EDBAC099ABCEFFFEDBAABCC0DF0000FE51
:10283300EEF01234C05433223456665431C00FFFC5
:10284300001110EDCBBCC0CDDDCBAA999ABCDEC084
:10285300EDCCCCEF12344443C022234566543322DB
:1028630022C03445431FEDDEEFFFC0ECBA999AABAB
:10287300CDDCBAC0AABCEF00000FFFF0C013455473
:102883003323345566C06532100011221FECC0BBE0
:10289300BBCDDDDDCAA99AC0CDEEEDDCCCCDF023F6
:1028A300C03321011235666543C022223344321FEF
:1028B300EEEEC0F000FEDCBAABBDDEC0DCBAAABCF3
:1028C300DEFF00FFC0EEF0134443321122C0345543
:1028D300543100001222C010FEDDCCDEEEEDCBC081
:1028E300AAABCDDEEEDDCCCEC0F012211000023457
:1028F30045C05433211234444310C0FFFF00000F7E
:10290300EDCBBCC0CDEEDDCBBABCDEEFB0FEDBABB6
:10291300CE13566543C01112345554321112B056BA
:1029230066531FDBBCDEFFC0EDCBBABBCDDEEDCC07
:10293300C0BBCDEF0000FFFF00C0123444321123AF
:102943003454C043211000112210FDC0DCCDDEEE53
:10295300DDCBBAABC0CDEEEDDCCCDEF011C0211087
:10296300001234554432C02223344443200FF0C0B4
:102973000010FEDCBBBCCDDDC0DDCBAABCDEEFEEC0
:10298300EEB0CCDF146665432346C0345544322190
:10299300122333C0210FEEEEFFFFEEDCC0BABBCD36
:1029A300EEDCCBBBCDC0EF0010FFFF012344C043DF
:1029B30032222334554321C0000112210FEDDCCC18
:1029C300C0DEEEDCBBAABCCDEEB0CCB999BD0234FF
:1029D3004321C00012344444322222C03444321012
:1029E300FFFFF000C0FEDCBBBCDDDDDCCBC0BBBC4D
:1029F300DEFFFFEEEEF0C01233322111223455C058
:102A030043221112222221FEC0DDDEEFFFEDCBBBFC
:102A1300BCC0CDDEDDCCBCCDF001C0100FF0012376
:102A2300444332C01223444433210000C001110F38
:102A3300EDCCCDDDEEC0DCCBBABCDEEFEEDDB0AB72
:102A4300DE023444311135C034544332222233334D
:102A5300C0210FFEEFF00FEECCC0BBBCCDDEDDCB53
:102A6300BBCDC0EFFFFFFEEEF01233C032222223B4
:102A730034444321B02123445420ECBBBBC0EEEECD
:102A8300DDCBAABCDDEEB0BA9999ACE0122100C04F
:102A93000012334443322222C03444321000000077
:102AA30000C0FEEDCCCCDDEDDCBBC0BBCCDEEFEE7D
:102AB300EDDEEFC01122221111233444C043321141
:102AC300123332210FC0EEEEEFFFEDCBBBBCC0CD16
:102AD300DDDCCBBBCDEFF0C00FFFFF01233333228F
:102AE300C02223344433211111B033321FDBAAAB8C
:102AF300CCCBC0DCCBBBBCCDDEDDDCB09ACE0123BE
:102B030022211234C03444432222233333B06420BD
:102B1300FEEF000FECA9C0CCCCDDDDDCCBBBBCB041
:102B2300BCEEDDCCDEF02456C02221112344444305
:102B330022B03334455431FDCCCCC0EEEEDDCBBBFB
:102B4300BCCDDDC0DCCCCCDEFF00000FC0F0012328
:102B53003333222233C03444322100001110C0FF2A
:102B6300EDDDDDDDDDDCBBC0ABBCDDEEEDDDDDEFE2
:102B7300C00112111111233444C0433222223333D2
:102B8300210FC0FFFFFFFFEDDCBBBCC0CDDDCCBB25
:102B9300BCCDEEFFB0FEDDEE0235666554C02233D8
:102BA300444443211111B0443210EDCBBBCCCCC013
:102BB300DCBBBBBCCDDDDDCCB09ABDE01111001296
:102BC30034C03344433222233433B054321000111F
:102BD30000FDB9C0CCCCDDDDCCBBBBCCB0ABCCCC29
:102BE300BBCDE01334C02221222334443322B0442A
:102BF300455554320FEDDDC0FFEEDDCCBBCCCCDD53
:102C0300C0CCCCCCCDEFFFFFFFC0F0012233332289
:102C13002233C03443332111111110C00FEDDDDD18
:102C2300DDDDCCCBC0BBBCCDDDDDDDDDEFC0F00138
:102C3300111111223333C03332223333332210C004
:102C430000F00FFFEDDCCCCCC0CDDDCCBBBCCDDECA
:102C5300EEB0DDDDDEF124454444C0223334443399
:102C6300322222B0454320FEDDDDCCCCC0DDCCBB1F
:102C7300CCCDDCCCCCB09ABCDEF000000134C02358
:102C830033333223333333B0654322222100FEDB57
:102C9300C0DDDDDDDDCCCBBBCCB09ABBBBBBCDEFA8
:102CA3000122C01111122333443333B055666654E5
:102CB30032110FFEB0EEEDCBA999999999C0CCCC06
:102CC300CCCDDEEFFFFFC0F001122222222333C05E
:102CD3004443332222211111C000FEEEEEEEDDDC6F
:102CE300CCC0CCCCCCDDDDDDDDEEC0FF00000011BF
:102CF300122333C03333333333332211B021111052
:102D03000FECBBAAAAC0DDCCCCCCCCCCDDEEB0CCD6
:102D1300CDDEF012334444C0223333333333222223
:102D2300B05544310FFEEEEDCCC0DDCCCCCCCCCCD9
:102D3300CCCCB09ABCCDEEFFF00123C022333333A9
:102D430033333333B0655433333210FEDDC0EEDD3D
:102D5300DDDDCCCCCCCCB09AAAAABBCCDEF011C0C2
:102D63001111122333333333B06666666543221180
:102D730000B0FFEDDCBA99999999C0CCCCCCCDDDEC
:102D8300EEEEEFC0FF00112222222333C033333390
:102D93003222222211C0000FFEEEEEDDDCCCC0CCCD
:102DA300CCCCCCCCCDDDDEB0DEFFF00122345556E9
:102DB300C03333333333332222B03321110FEDCCFD
:102DC300BBBAC0DDDCCCCCCCCCCDDDB0BBBCDDEF45
:102DD30001122334C02223333333333333B05554F6
:102DE30032110FFFEEDCC0DDDDCCCCCCCCCCCCB0D3
:102DF30099ABCCDDDEEF0112C01222222233333332
:102E030033B06665444332210FEEC0EEEEEDDDDCF8
:102E1300CCCCCCB0999A9AAABCDDEFF0B0111223B6
:102E23004556666666B06666666554322111B00023
:102E3300FEDCCBBAAA9999C0CCCCCCCDDDDDEEEECD
:102E4300B0EEF0122333445566C0333333332222BA
:102E53002221B02100FFEEDDCCBAA9C0CCCCCCCC72
:102E6300CCCCDDDDB0CDEEFFF001234455C02333E0
:102E7300333333333222B043332110FFEDCCBBC0A5
:102E8300DDDCCCCCCCCCCCDDB0ABBBCCDEF00112EA
:102E930023C01222333333333333B06654433211F6
:102EA3000FFFEDB0DCBAAA9999999999B0999ABB99
:102EB300CCDDDEFF01C01112222223333333B0668F
:102EC300655544333210FFC0FFEEEEDDDCCCCCCCD5
:102ED300B0999999AAABCCDEEFB0F01122345566C4
:102EE3006666C03333333322211110B0100FEDCC9B
:102EF300BBBAA999C0CCCCCCCCDDDDDDEEB0DEEF26
:102F0300011233344556B06666666666555543B05E
:102F130032110FFEEDCCBBAAB09999999999999A60
:102F2300ABB0BCCDEEFF01123344B05556666666B6
:102F3300666655B0443332110FEEDDCBC0DDDDDC08
:102F4300CCCCCCCCCCB0AABBBCDDEFF01112B033EF
:102F530044556666666666B0665544332110FFEED7
:102F6300C0EEEDDDDDDCCCCCCCB09999AABBCCDDD9
:102F7300EFF0C00111122222333333B06666555588
:102F830044322100B0FEEDDCCBBAA99999B09999EE
:102F9300999AAABCCDDEB0EF00122334455566C022
:102FA3003333333322222111B01100FEEDCCCBBADF
:102FB300A9C0CCCCCCCCCCDDDDDEB0CDEEFF011294
:102FC300233445B05666666666665544B0432210A0
:102FD3000FFEEDCCBBB0AAA99999999999AAB0BB58
:102FE300CCDDEFF0012233B0445556666666666564
:102FF300B055443322100FEEDDB0CBBAAA9999999C
:103003009999B099AABBCCDEEFF011B022344555A3
:1030130066666666B066655443322110FFC0FEEEF5
:10302300EDDDDDCCCCCCB09999AAABBCCCDEEFB056
:103033000012233445566666B066666655544332BD
:1030430011B000FEEDDCBBAA9999B099999999AAA0
:10305300ABBCCDB0EEFF011233445556B066666685
:103063006666554443B022110FFEDDCCBBAAB0996E
:10307300999999999AAAABB0BCDDEFF00122334438
:10308300B05566666666666655B0443322100FEE29
:10309300DCCBB0BAAA999999999999B0AABBCCDD1E
:1030A300EFF01123B03444556666666666B0655426
:1030B30044332110FFEDB0DCCBBAAA99999999B0AA
:1030C300999AAABBCDDEFF00B0112334455566663D
:1030D30066B06666655443322100B0FEEDDCCBAAD0
:1030E300AA9999C0CCCCCCDDDDDEEEFFB0F00112A5
:1030F3002344555666B06666666655544322B0113E
:103103000FFEDDCCBBAA99B09999999999AABBCC2A
:10311300B0DDEEF00122334455B05666666666654F
:103123005544B03321100FEEDDCCBBB0AA99999969
:1031330099999AAAB0BBCCDEEFF0112334B0445571
:10314300666666666665B05443322100FFEEDCB006
:10315300CBBAAA9999999999B09AABBCCDDEFF00E5
:1031630012B02334455566666666B06655544332DD
:103173002100FEB0EDDCBBAAA9999999B09999AA4F
:10318300ABBCCDDEFFB00112234455566666B06674
:1031930066665544332211B00FFEDDCCBBAAA99954
:1031A300B09999999AAABBCCDDB0EEF001223344D1
:1031B3005566B06666666665554433B022100FEEF9
:1031C300DDCCBBAAB099999999999AAABBB0CCDEE8
:1031D300EFF011233444B05566666666666554B0F5
:1031E30044332110FFEDDCCBB0BAA9999999999991
:1031F3009AB0ABBBCDDEFF001223B03445556666F3
:10320300666666B0555443322100FEEDB0CCBBBABE
:10321300AA99999999B099AAABBCCDEEF001B012D5
:1032230033444555666666B0666655443322110FCE
:10323300B0FEDDCCBBAAA99999B0999999AABBCC48
:10324300DDEEB0F011223344555666B0666666650E
:1032530055443321B0100FEEDDCBBBAA99B0999939
:1032630099999AAABBCCB0DEEFF01122334455B042
:103273006666666666655443B0322100FFEDDCCBBB
:10328300BAB0AA99999999999AABB0BCCDDEFF00CF
:10329300122334B04555666666666655B0544332AC
:1032A3001100FEEDDCB0CBAAA99999999999B0AA1E
:1032B300ABBCCDEEFF0112B023444556666666668D
:1032C300B06655443322100FFEB0DDCCBBAAA999DA
:1032D3009999B09999AABBCCDDEFF0B001223344A0
:1032E30055566666B06666655544332210B00FEED8
:1032F300DDCBBAAA9999B09999999AAABBCCDDB0BA
:10330300EFF0112234455566B2666666665554433E
:1033130032B02110FFEDDCCBBAAAB09999999999F3
:103323009AABCDB1EFF012233344455600010203AB
:103333000405070A0D141D2B405680FF0100010FE1
:10334300011F013001420155016A017F019601AE5F
:1033530001C701E28000F00FEDBCDEFF0190111107
:1033630012334432200F80DCCDEEEEEEEDCBBB808A
:10337300AAABDDEEFFFFFF128023310ECDDEEEDEC2
:10338300F070111133333331BBAD70EFFE0255557D
:103393004334558021111FDBABCDDDDE700120FCF2
:1033A300DDCCDABBAD90F00111122333332280431D
:1033B30022000ECBABBCCD80EFEDDCCCCCCCCCDD96
:1033C30080DDDCDE024444332170110FFDCBBAA94A
:1033D300AD13801123433110000FEE80E011000084
:1033E300113320FD80DDDF00FEDCBBCEEE80DBBBD6
:1033F300CCCCDEEF0246904455554333320FED807B
:10340300ABCDDDCBBBCCDDB990CBBBCCCDEF0011CD
:103413002280442211100000000E80DDE03333339C
:103423003224438022221FDCBAABBBBA90BAA99ADA
:10343300BBCCDDDDDDA0EEFFFFFF00122344B02295
:1034430033334444445555C022211000FFEDDCCCF6
:10345300C0CCCCCCCCCDDDDDEEB0DDEEFF00112356
:103463003445B05666666655544443B0333322211F
:1034730000FEDCBBC0DCCCCCCCCCCDDDDEA09ABB6B
:10348300CCDDEEEF0123B02233445555555555B0ED
:10349300555555655543210FC0EEDCCBBBBAAABBCE
:1034A300BCC0CCDDDDEEEFFFF000C01112233333DF
:1034B300333333B06655555444443321C00FEEDDE6
:1034C300CCBBBAAABBC0BBCCDDEEFFFFFFFFB0F0A5
:1034D30001122344556666B0666665555666666690
:1034E300C022110FFEDCCBBAAAC099AAABBCCDDDBA
:1034F300EEEFC0FFFF000112233444C045544443A0
:1035030032222222C0222221100FEEDCBBC0A99955
:10351300888999ABBCDEC0EFFFFFF000112233C0F6
:103523004455555544332222B0444555544321FE56
:10353300DBC0DCBBAA999999AABBC0CDDEEEFFFF25
:10354300FF0001C02233445555554433B0555455FB
:103553005566544310C0FEEDCBBA99988899C09A2A
:10356300BBCDDEEFFFFF00C0011223444555555488
:10357300C04332211122222222C0110FFEDDCBBA19
:10358300A999C0999AABBCDDEEEFFFC0FFF0001222
:1035930023344455C05544433322222333C02221CC
:1035A30010FFEDDCBBAAC099988999ABBCDEEFC0D4
:1035B300FFF0000011223334C0444444433222223A
:1035C30022C03333332210FFEDCCC0BAA9998999B5
:1035D3009ABCDDB0DEF0000000001234C023334497
:1035E3004443322222C022334444332110FEC2DD3D
:1035F300CBBAA9999999AAC0BCDEFF0000000000CC
:10360300C00112233344443322C0222223344332E1
:103613001100B10FFFEEEEDDDDCCCC70E100222115
:103623001EDAAAAE80023455543110FFFF80EEDC5F
:10363300BAABBDF2344290FECBAAAABCDF023490EF
:10364300455555566666554390110FEFF01110FD21
:10365300CB90AAAAAAAAAAAAAAAB90CDEF11233308
:10366300322222902223333333333445905544217D
:103673000FEEEFF122902220FECBAA9ABCDF90FF3F
:10368300FFFFF000FFDCBB90AABBCD0134566654AC
:10369300A02111223333322110A0FFFFFFFFEDCC15
:1036A300BBBBA0BBBCCDDDDDDDDEF09012334445FA
:1036B30055555666906665544444555431A00FFFE2
:1036C300FFFEEEEDDDCCA0CBBBBBBCCDEFFFEE90A0
:1036D300BA999AABCDDEF134A033444444320FFFA0
:1036E300F0A01233443322100FEDA0CBA9AABBCD17
:1036F300DDDDCCA0CCCCCCDDDDDEF012A033444448
:103703004444443322903100FF012210FDCBA0DC5E
:10371300CBBBAAAAAAAAABA0BBBCCCCDDDDDEEEF86
:10372300A00012334455444445A0544322100112CF
:103733002333B0111110FEDCCBBBBCA0ABCDEEED3F
:10374300CBA999AAA0BBCDEF1233445555A0666609
:10375300665554433222B0111100FFEEDDCCCCB0DC
:10376300CCCCCDDDDDDDDDDDA0CCDEEF01223445CB
:1037730056A06666554443445566A05554332110FC
:10378300FECBA9B0CBBBBBBBBBBCCCDDA0AAAA996B
:10379300999ACE0235B03334444333333444B0447E
:1037A3004433332222110FB0EDCCBBAAAAAAABBB80
:1037B300B0BCCCCCCCCDDEEF01B0122333444444B7
:1037C3004433A06655555566665431B0FEEDCCBB07
:1037D300BBABBBBBB0BBBBAAAAAAABBCDEB0F00100
:1037E300234455555555B05444444455555544C048
:1037F3001110FFEEEDDDDCCCC0CCCCCCCCCCCCDDE1
:10380300DDB0BBCDEF0123455666B0666666555500
:10381300544443B033332210FEDCBBBAB0AAAAAA85
:10382300AAAAAAA999B0999ABCDE01223455B06616
:1038330066666666666666B066665554310EDCBAC1
:10384300C0DCCCCCCCCCBBBBBBC0BBBCCCCDDEEFDB
:103853000011C02233344444444444C0333333322C
:103863002222100FC0EEDDDCCCCCCCCCCCC0CBBC48
:10387300CCCCCCCDDEFFC00111222333333344C083
:103883004444444333333221C000FEEDDCCCCCBB93
:10389300BBC0BBBBBBBBBBBBBCCDC0EFF0112233BA
:1038A300344445C05555555544443333C032210043
:1038B300FEEDCCCBBBC0BBBBBBBBBBBBBBBBC0CCA4
:1038C300CDEEF011223334C044444455555554448D
:1038D300C0433332210FFEDDCCC0CBBBBBBBBAAA86
:1038E300AAAAC0ABBBBCDDEF011223C034445555BB
:1038F30055555555C05544443332110FEDC0DCCBFB
:10390300BBAAAAAAAAAAC0AAAAAABBBCCDEF01C0F5
:103913001223344445555556C066665555443332D3
:1039230011C00FEDDCCCBBBBAAAAC0AAAAAAAAAA43
:10393300BBBCDEC0F001223344455555C056666614
:103943006555554443C03210FEEDCCBBBAAAC0AA9C
:10395300AAAAAAAAAAAAABC0BCDEF0012334455581
:10396300C05666666666666655C044433210FEED11
:10397300CCCBC0BBAAAAA99999999AC0AABBCCDE01
:10398300F0012334C04455566666666666C06555C5
:1039930044332210FEDDC0CCBBBAAAAA999999C0C0
:1039A300999AAAABBCDEF012C023445556666667EB
:1039B30077C07776665554432110C0FEDDCCBBAA91
:1039C300A99999C099989999AAABBCDEC0F0122322
:1039D3003445556666C06777777666554443C0229B
:1039E30010FEDCCBBBAAA9C0999999999999AAAB66
:1039F300C0BCDEF01233445556C0666677777776DF
:103A03006655C05443210FEDCCBBAAC0A999988831
:103A130088888899C09AABBCDEF0123344C05566DF
:103A2300666777777777C066555443210FEDDCC01F
:103A3300BBAAA99999888888C0889999ABBCDFF0FB
:103A430012C03345556666677777C07777666554E6
:103A530043210FC0EDCBBAAA99998888C08888887A
:103A63009999ABCDEFC00122344556666777C0778D
:103A730077777766655433C0210FEDCBBAAA99984F
:103A8300C088888888888999ABC0CDEF01223445E6
:103A93005666C26777777777776655C0443210FEEC
:103AA300DCCBBAAAC09999888888888889B1ABDEAB
:103AB300012333444556A0000014554320FDCC9008
:103AC300BCDEFFEEF0233322A010FEEDDCCCDF12D0
:103AD30034A032100FFEEEEEEEEEA0EFFFF0122454
:103AE30055431FA0DCCCCDFF000F0001A011110F27
:103AF300EDDCCCCCDFA013454310FEDDEEEEA0DE03
:103B0300EDDEFF01223456A0530ECBBBCEF00FF0F7
:103B1300A0F0122210FFEDCBBBA0BCE03566420F34
:103B2300EDDEA0EEEDDDDDEEF00134A0566642FCE5
:103B3300BAACDF00A00FFFF0122210FECCA0BBBC7A
:103B4300CE024565410F90A9ABDCBBBBAABDF1B06A
:103B53000112233320EDCCDE90D0210FEDF134544C
:103B630020B0FEEDDDDDEF013442A020EDCCDEFE22
:103B7300DDDCCDB0EFF0112344421FDCB0CCDFF02D
:103B830000FFFF0011B01000FEEDDDDDE013B044D7
:103B9300320FEDEEFFFFFEB0EEEEEFF012356642B0
:103BA300B00DBBBCEF000FFFF0A0123210FEDCBA69
:103BB300999BB0E1355531FEDDEFFFB0FFEEEEEE40
:103BC300EEFF1246C03321FDDDDEF0000FA0DDE085
:103BD30034420FEDCBBAC0EEEEF1233210FEEEA06D
:103BE300DF0FFEDCCCCCCCDFC001344420ECCCDFD7
:103BF30000A031ECCDF24542FDCBC0EEEEDDEF028D
:103C030034420FB0DBBDF000FFEEEEEEC0EEFF027C
:103C130045542FDCCDB0CF121FEDDE023320C0FEA2
:103C2300EEEEEDDDEF1355C041FEDDEEF00FFFFFCD
:103C3300C0FFFFEEEF1246641DC0CBCDF0110FEEB7
:103C4300EF01B0431FDCCCCBBAABD1C0256530ED5F
:103C5300DDDF000FC0FFFFFFFFEEFF1356C053FC75
:103C6300BBCE01110EDDB0DF24431EDBBBBBAAC0FC
:103C7300DDF146752FDDCDEFA0110EDDDE00FDBABF
:103C8300C1C2246651DBBBDF1210B0ECBBE034428F
:103C93000DCBBBC0DDCCCE0357751ECCB19BDF1063
:103CA30000001111127001111F221F1462F1701014
:103CB3003125312220E120700FCFFDFECBADEA9AF2
:103CC30070CCCCB9ACCCCFA9BE70FFFFE120E1240E
:103CD30033467053245444542122448011FEFFFF81
:103CE300EDDEDDDC80CCCCCCCCCDDEDDDD80DDEEED
:103CF300F0000012223380334443344433321180C2
:103D03001211100FEDDCBBBC90DDDDCCBCCDDDDDD5
:103D1300DD80BCDDDDEFFF012345903322333333F8
:103D230043333280444332000FEDCCBA90CBBBAA6D
:103D3300AAAAAAAAAA90BCCCDDEEEFFF0112903387
:103D4300445566666666669055543321110FFEDD51
:103D5300A0EDDDCCCBBBBBBBBBA0BBCCCDDEEFFFB3
:103D63000001A01122334455566555A055444333F1
:103D7300221100FFB0FFEEEEDDDCCCCCCCB0CCDD0D
:103D8300DDDDEEEEFFF0B00001122334344444B025
:103D93004443333211122100B00FFFEEDDCCCBAA26
:103DA300AAB0AAABBCCCDDDEEEEEB0FF000011235F
:103DB300455556C03332222111110000B01100FFC6
:103DC300EEEDCBAA99C0CCBBCCDDEEEEEEEEB0EEC1
:103DD300EF00FF01234556C0344444322111111131
:103DE300B0210000000FEDDCBAC0CCCBBAABCDDE06
:103DF300FFFEB0DDDDEF110EEE0245C03333455556
:103E030054321000B0223331FEF01210EBC0DDDC6F
:103E1300CCBA999BDDEFB00FEDDCCDF220DCDFC037
:103E23000123333456664421B0FF01223331EDE1DF
:103E330022C010ECCCCDCBA988ACB0BCE11FDDDC3B
:103E4300BD132FC2EDEF123333345775C04320FF38
:103E530000011210EEC0F11110ECBCCDCBAAB1AC35
:103E6300CEEEFFEEEEEEEE0D0C0C0C0C0C0C0C0C6F
:103E73000C0C0C0D101010000001020304050607C2
:103E830008090A0B0B0B0B002600A500A438FF053D
:103E9300F30031002D2DFF07AC023000002AFF1B79
:103EA3005C006B006722FF1F37004D004926FF218E
:103EB300EC002600223FFF2342005400502EFF2631
:103EC300360012000E3AFF26D8001800143BFF27D5
:103ED300B0014701431EFF3357004F004A2AFF3604
:103EE3001E0083007F2BFF3AB90037003328FF3CC5
:103EF300A80032002E33FF5069616E6F000000533B
:103F03006C61704261737347756974617200004F2D
:103F1300626F6500000000486172700000000000DD
:103F2300020006000A000E00120016001A001EFF0F
:103F3300FEFFFAFFF6FFF2FFEEFFEAFFE6FFE20005
:103F4300020006000A000E00130017001B001FFFEB
:103F5300FEFFFAFFF6FFF2FFEDFFE9FFE5FFE100E9
:103F6300020007000B00100015001A001E0023FFBB
:103F7300FEFFF9FFF5FFF0FFEBFFE6FFE2FFDD00D9
:103F8300020007000D00120017001C00220027FF8B
:103F9300FEFFF9FFF3FFEEFFE9FFE4FFDEFFD900C9
:103FA300020008000E00140019001F0025002BFF5B
:103FB300FEFFF8FFF2FFECFFE7FFE1FFDBFFD500B9
:103FC300030009000F0015001C00220028002EFF2B
:103FD300FDFFF7FFF1FFEBFFE4FFDEFFD8FFD200A9
:103FE30003000A00110018001F0026002D0034FFF3
:103FF300FDFFF6FFEFFFE8FFE1FFDAFFD3FFCC00A1
:1040030003000B0013001B0022002A0032003AFFBA
:10401300FDFFF5FFEDFFE5FFDEFFD6FFCEFFC60098
:1040230004000C0015001D0026002E0037003FFF82
:10403300FCFFF4FFEBFFE3FFDAFFD2FFC9FFC10090
:1040430004000D0017002000290032003C0045FF4A
:10405300FCFFF3FFE9FFE0FFD7FFCEFFC4FFBB0088
:1040630005000F00190023002E00380042004CFF0A
:10407300FBFFF1FFE7FFDDFFD2FFC8FFBEFFB40088
:10408300050010001C00270032003D00490054FFCA
:10409300FBFFF0FFE4FFD9FFCEFFC3FFB7FFAC0088
:1040A300060012001F002B003800440051005DFF82
:1040B300FAFFEEFFE1FFD5FFC8FFBCFFAFFFA30090
:1040C30006001400220030003D004B00590067FF3A
:1040D300FAFFECFFDEFFD0FFC3FFB5FFA7FF990098
:1040E300070016002500340043005200610070FFF2
:1040F300F9FFEAFFDBFFCCFFBDFFAEFF9FFF9000A0
:1041030008001800290039004A005A006B007BFFA1
:10411300F8FFE8FFD7FFC7FFB6FFA6FF95FF8500AF
:1041230009001B002D003F0052006400760088FF49
:10413300F7FFE5FFD3FFC1FFAEFF9CFF8AFF7800C7
:104143000A001E00320046005A006E00820096FFED
:10415300F6FFE2FFCEFFBAFFA6FF92FF7EFF6A00E3
:104163000B00210037004D00630079008F00A5FF8D
:10417300F5FFDFFFC9FFB3FF9DFF87FF71FF5B0003
:104183000C0024003C0054006D0085009D00B5FF29
:10419300F4FFDCFFC4FFACFF93FF7BFF63FF4B0027
:1041A3000D00280042005D0078009300AD00C8FFB9
:1041B300F3FFD8FFBEFFA3FF88FF6DFF53FF380057
:1041C3000E002C00490067008400A200BF00DDFF41
:1041D300F2FFD4FFB7FF99FF7CFF5EFF41FF23008F
:1041E30010003000510071009200B200D300F3FFC1
:1041F300F0FFD0FFAFFF8FFF6EFF4EFF2DFF0D00CF
:104203001100350059007D00A000C400E8010CFF37
:10421300EFFFCBFFA7FF83FF60FF3CFF18FEF40017
:1042230013003A0062008900B000D700FF0126FFA7
:10423300EDFFC6FF9EFF77FF50FF29FF01FEDA0067
:10424300150040006C009700C200ED01190144FF06
:10425300EBFFC0FF94FF69FF3EFF13FEE7FEBC00C8
:10426300170047007600A600D5010501340164FF5D
:10427300E9FFB9FF8AFF5AFF2BFEFBFECCFE9C0031
:104283001A004E008200B600EB011F01530187FFA5
:10429300E6FFB2FF7EFF4AFF15FEE1FEADFE7900A9
:1042A3001C0056008F00C90102013C017501AFFFDC
:1042B300E4FFAAFF71FF37FEFEFEC4FE8BFE510032
:1042C3001F005E009E00DD011C015B019B01DAFF04
:1042D300E1FFA2FF62FF23FEE4FEA5FE65FE2600CA
:1042E30022006800AE00F40139017F01C5020BFF13
:1042F300DEFF98FF52FF0CFEC7FE81FE3BFDF5007B
:1043030026007300BF010C015901A601F2023FFF11
:10431300DAFF8DFF41FEF4FEA7FE5AFE0EFDC1003B
:104323002A007E00D20126017B01CF02230277FF00
:10433300D6FF82FF2EFEDAFE85FE31FDDDFD89000C
:104343002E008B00E7014401A101FE025A02B7FFD0
:10435300D2FF75FF19FEBCFE5FFE02FDA6FD4900FC
:1043630033009900FF016501CB0231029702FDFF83
:10437300CDFF67FF01FE9BFE35FDCFFD69FD030009
:104383003800A80118018801F9026902D90349FF1D
:10439300C8FF58FEE8FE78FE07FD97FD27FCB7002F
:1043A3003D00B9013401B0022B02A70322039EFF93
:1043B300C3FF47FECCFE50FDD5FD59FCDEFC620079
:1043C3004400CC015401DC026402EC037403FCFFDF
:1043D300BCFF34FEACFE24FD9CFD14FC8CFC0400ED
:1043E3004A00E00175020B02A0033603CB0461FF10
:1043F300B6FF20FE8BFDF5FD60FCCAFC35FB9F007C
:104403005200F6019B023F02E40388042D04D1FF0E
:10441300AEFF0AFE65FDC1FD1CFC78FBD3FB2F003C
:104423005A010F01C40279032E03E30498054DFFDB
:10443300A6FEF1FE3CFD87FCD2FC1DFB68FAB3002F
:1044430063012A01F102B8037F0446050D05D4FF79
:104453009DFED6FE0FFD48FC81FBBAFAF3FA2C0051
:104463006D0148022302FE03D904B4058F066AFFD7
:1044730093FEB8FDDDFD02FC27FB4CFA71F99600B3
:104483007801690259034A043B052C061C070DFFFA
:1044930088FE97FDA7FCB6FBC5FAD4F9E4F8F30050
:1044A30084018D0296039F04A805B106BA07C3FFD2
:1044B3007CFE73FD6AFC61FB58FA4FF946F83D0038
:1044C3009101B502D803FC051F06430766088AFF5E
:1044D3006FFE4BFD28FC04FAE1F9BDF89AF776006C
:1044E300A001E00321046105A206E208230963FF9A
:1044F30060FE20FCDFFB9FFA5EF91EF7DDF69D00F0
:10450300B00211037104D20633079408F40A55FF6D
:1045130050FDEFFC8FFB2EF9CDF86CF70CF5AB00DB
:10452300C2024603CA054E06D2085609DA0B5EFFDD
:104533003EFDBAFC36FAB2F92EF7AAF626F4A2002B
:104543000102030405070A0D141D2B405680FF08C2
:1045530008080808080808080808080808080808D8
:10456300080808089FFB9351981235BC81111088E5
:104573000FFA8AABBA5423231002362320A0354402
:104583008098ABBAABBFBAA98889FBBCBABAA88179
:10459300188BDBD9800812753343323233332199B8
:1045A300BCCCBBB899988ACBBBBADACB990236217B
:1045B3000CBCCBCA9A890053635423332442110899
:1045C30088CCAABBDBBCB99808980033732209AD29
:1045D300BBDCCBCBAA880033433230100535342300
:1045E300232333100888000226343411110989BFAC
:1045F300EBCCBCBA99102323219BDDBDB9A8800164
:104603001211BBCCAA98024342200089434334468B
:10461300299ABAA998435363443228811123264225
:104623003333330A822342301ABFDBBBCAA81434A4
:10463300308EBDBACABCBBBABCBCBBBAB8911352AC
:10464300331288ABBBA33761222342334444434430
:104653002332321089AACBDBCBCBBCBAB89135332A
:10466300432199EBBBDAB9900009CBEABC99022448
:10467300343332211100A989010000153435373450
:10468300343312999AA8023733422189AA994544AF
:104693004222201BCAA81364018ABCCDBCCAABAAA0
:1046A300AAABBBDBBCBAB9A0011009EBBCBBBB0115
:1046B300453244344343434334332210099BBAB94C
:1046C300899AEBDBBDAA9801123108ADFBDBABB9CC
:1046D300912431199AA9904463342322198DBBBACA
:1046E300A800525333333523321008ABEBCBAB0066
:1046F3003635233110988023733522199DBCBAA90E
:1047030080223200ECCCBBCBBBBCBAABCBDBAC99CD
:10471300800212122118ABBC014463434323434379
:1047230044335323121088099AA9999CDCBCBDAA6F
:1047330088021220099DDCDBBC9A002231189A9969
:1047430001437242342118ABCAC9A88135434323BC
:1047530023343120199CCCCBAA105352342108881E
:10476300912443623218AEBBD9A080212108DBDB40
:10477300CBBBCBAABABBCCCBCA9A00111223211A4A
:10478300BCB91363633433334443443343331200B8
:1047930000899BB999BECCBCBBCB881233388CBF84
:1047A300DBCCABA9002333009AAA912744343422EB
:1047B30088ABCBC998822534334333341211108C20
:1047C300BEBBBB0053533322188801353543331026
:1047D300CCDBBBA89213310ADCDBCCBBBBCAAAABD4
:1047E300BDBCBAA980122232221A9CA004454344BC
:1047F3003234343443434232220180899BA9AABF15
:10480300BDABCAAA881224108ABFCEABBB990133B1
:104813002208AABB93376333342388BBDBA99802EE
:104823002535334323332210009DBDCAB88152522C
:1048330033120909033543522208CBEBABA891137A
:10484300311ACDDBCBBCBBABBCABBDBCAAA9001141
:104853002223210AABB02445444423334352433437
:10486300423221100889AA9A89BEBDACBBC99912EC
:10487300240109CDCCCBCAA080223200A9A90246CB
:104883003523333108BCDABA980246233233244243
:10489300221108ABECABB8834534332208880125D9
:1048A3003633321ADCBCBA980012111CBFCBCBCA08
:1048B300BBBBBBBCCBCBBBB9901224331289AD902D
:1048C3000337252423333533443433422100080985
:1048D300A99A99CCCCBCACAA9801232288FBEBDB28
:1048E300BAB082232209AA9A02644433432119BC31
:1048F300CBBB0922534343334333421289BCDBAB63
:10490300A98337434221808812344443311BCDCAE3
:10491300BA990112129BECCCBCBCBBAC9B9ABCBC3D
:10492300BBA9900223342280BB88137436333433FB
:1049330043435334333321000889BA9AAADBDBCCCF
:10494300BBBBA081322219FCEBDBAAA8912222185F
:10495300A9AA11735334323119ACCBBB9A125353F6
:1049630043234223221109BCCCBC99013723334191
:10497300010011345343221BAFBCBAA98022128B0E
:10498300DDCBCCABCABABABBCCBCAB99800222326A
:104993002288BA992474443342343434434334224E
:1049A30011000989A9998BDCBCCBBBBA90023340B7
:1049B3008BFCDBDABA99011320199A9913636243CA
:1049C30023220AADBABA90126343423334333120FF
:1049D3008ABCCCBC9A024534333110080808080855
:1049E30008080808080808080001008899800012D0
:1049F300221222223334342121000989999880809C
:104A03000008899BBBBBAB9908999BBCCCBACA99DC
:104A130098008089899980801010098999998880E4
:104A230000008A998081123332009ABCCBBAA990D4
:104A3300001101100010101101000898A9AA9998FB
:104A43000124343232201000101099AABAB99023ED
:104A5300542422009AABAA811333110899A9002286
:104A63002333311889A9A90022542332210BACCA5C
:104A7300982353521189ABACA88553433210CBFB17
:104A8300CBA8034533318ADBCB235435208BCFBBF3
:104A9300BA80624422119ABEB9A99011323311AA85
:104AA300CBAA823743310AEBCBBBA990013535330F
:104AB300343110BBFDABABA99080144433341200E6
:104AC300AACBCBBABAA9AA99881253643332310854
:104AD3009BDBBBBB003533223010980246352311D4
:104AE3000000244434411099BAAA016433342128C4
:104AF30008014353332208ADCBBBA0253532320026
:104B0300ABBCBBA9812129CECBDBAB998012211091
:104B13008FCCCBCBBAAA99ABABAAA08089ACFBEA6A
:104B2300CBBCBBA990113100AACCCABC9A998A9D6F
:104B3300ADBBCBAB89342222099CBBCA99088054F4
:104B43005334109BBCC980233300BBFC9982374587
:104B530034333210ACDBBCAB99901337435334334B
:104B6300119BFBCBCAA8911344433322201088AC7A
:104B7300CDBCBBAAA911434242334433522108CBD3
:104B8300FBBCAA980114343323220089ABCBABBB03
:104B9300ABBA9901345344433522200BCFBBDABA65
:104BA3009911344352322109ABCDBBCBBCAA9980B6
:104BB30013353333231109ACCCCCBBBCBABA980040
:104BC3002243242120100A9CBDBCAA9023442228FE
:104BD3000BABA01463635233221008000234434327
:104BE3003221214364443343232210088880134431
:104BF3003433423122123344242334443333119C5B
:104C0300EBEBBCBA988801108BDCBBAB9922341058
:104C13009FADACABBCBCCCBBBBA98224210CBDCB30
:104C2300A901343219BFEBBABA900233129ADCBB32
:104C3300B883453230ABEBBB901534311ABCBBBAE9
:104C430011541201098027553231109BFBCBAA80E6
:104C53001236234232332100CCDBBCBBA89224445E
:104C63003343232333208CBFBCCBBCAB89225353A8
:104C7300334220099ACBCCABABA990024523412206
:104C830011110808A9CDCBCABAA801445243332154
:104C9300199CBEBBCBBB9A8013534434232009AC6D
:104CA300BDABCABAAB999880123533521200BADB46
:104CB300CBCBBBAA98880000909A89989A9A98902F
:104CC30000008899A9A990134534333423325344FF
:104CD30043233120808035435343342333434442B9
:104CE300332211000014453432209ABBA9247523C2
:104CF300322009AAB001432301CBFBBCA9A99A9B8B
:104D0300DBDA99002233219FBEABBBAAAAABEADB55
:104D1300CCAAA991022110AACBCCA9989ACDBEAB5B
:104D2300CAA988000099ABBA9246334211ABCCAB07
:104D3300A802232A9FDBCAB988355344333422108F
:104D43000ACBEBBCBA980237334342211009999A34
:104D5300BBDBBCBBB891354543434312189CBEBB78
:104D6300BCAA99103363342321188ABBDBCBBBABBA
:104D7300A9A90003373343422201BBFBCCBCBAB918
:104D8300A11444342323008BCCCCBCABA9990122BE
:104D93004434333331109ACDBCCBBCAA9A808224DD
:104DA3004343322108BBCBCBA9900342200ACBACAF
:104DB300892344343333443452342311899AB9A1B7
:104DC300163443332322444434433221108880343D
:104DD300542321099BC883644423321100800008B3
:104DE30099AABBCCBC89010110008000112100AA43
:104DF300EBDBCBBCAAAA9A9AABABAA998099ACCCB1
:104E0300BDABBBBAABCADABCABA990001108ABDA35
:104E1300BA990000099DBDBCBBAA98013332222276
:104E230012244353331288CCDCBCBCBAAA9023733C
:104E33005343433321199BCCCABC9A89002345436E
:104E4300442332221189ABDBCBBAB09336435242AF
:104E53002312109ABDBCCABAA9801353434232200D
:104E63000AAEACCBBBCBBABAA980243533422108F6
:104E7300DBFACBBCBBBBA980135343240109BCCCD5
:104E8300CBBCAABA98082134334322201A9CCBDB2B
:104E9300CBCAAA98022633434232120009090013EF
:104EA300462523332332232233445353434334339A
:104EB300333422222121112324344434343434332F
:104EC300433333332118BABCBCBCBBBCA9900333F6
:104ED30034230188AABDBEACBBCABCAAABAAABBB78
:104EE300CBBCABCACBBDACABCABBBACABCABCBBBEE
:104EF300BBABAAAAABABBBBAA99998988808001018
:104F03001221211111212232231110000080800867
:104F130000001122444344334433422208AAECBC28
:104F2300BCBBB9A115354243333322008AACBEACB6
:104F3300ABAB99002454344332322008ABCCAC9A47
:104F43008002235434334312109ABCCCBDABBAA0B5
:104F530002444434231109ACCDACBBCBBBABAA8018
:104F6300134343334108ADDBDBDBACAAAA998012C0
:104F730034422210AAEBDBBCBBBAAA88013243231A
:104F8300332209ACCCCBCBCBABA90135362433428E
:104F9300322210089800354534333422222221343A
:104FA300434443434334333333332323333343338C
:104FB3004343435344342422333231100ABBEBCBF3
:104FC300CABBBAB999080010100099BCDCBCCBCBA2
:104FD300BCABBCAA9BABBCBCBACABBBDABCBCBAB5B
:104FE300BABABBBDBCBBBBCAABAABABBCABAA9904F
:104FF3008000101010121223233332232223333361
:105003003221211102101100102122535343433541
:1050130023231208AAFBCCACAAA88124444334332B
:105023003321188BADBCCBBBBBAA125363352332E0
:10503300212009ABBCBCAA9014353434323312009E
:105043009ADCBDBBBBCAA001536233341189ADBD29
:10505300ACBBBBBBBC9A80033443334119ADDBDB30
:10506300CBCBBABAA9812352332308BDCCCBCBBB5C
:10507300BAB988022244223220098CADBBDABBBB09
:10508300AA00445343443233211008880124544472
:10509300242323222222344344344343343334220B
:1050A30022122122323333343434444343433422EF
:1050B30032210009BCDBBDAAAAAAAA998800111152
:1050C300099ABCCDBDBBCBBCBABBABBBCBBCCABBCB
:1050D300BCACABCBCBBBCBABBABBCBCCBBBBCAAAFD
:1050E300BABBBBBBBAA9980000101010212223231E
:1050F30032322323233333232121111111101001C1
:10510300110008080808080808080808131BB0025B
:1051130030080032BC2354AFC1153AB802329901AA
:10512300099B921CCAB139CBC97522BCCBA1012FF3
:10513300CCBBA801442308ACA08089914443988840
:10514300127328AFC98809BABA326200091434202D
:105153009003722122109A140ABEA63220991022BB
:1051630052330CABCDAAB0000000119B9999BFA399
:105173003530AAA91289FCCBB90353343444342201
:1051830089801344321CBFBB90010022330BBDBE88
:10519300ABC999AABB98980344389FDAA00241BCD3
:1051A3009A228BDDBAA9912118A87511ACBBB89DC1
:1051B300BCBA988080882333344622289231002356
:1051C300739BBD91223442144342001111ADCCBBF9
:1051D300BAAA89004343325334342339AFBAAA9A63
:1051E300BB00243335363352321088003435188CE3
:1051F300A890012472110112ADBCABADB9A022017C
:1052030000734328AFA9912188981100BADBAA80C3
:105213001BB9877321999AAAEBCCBBB88A9BB0338D
:10522300332333525441209011219AFCAB012324A0
:1052330037322213531298BCCCBBBCAAA9801133BA
:105243002311733419ADBAA99BCBAA0812331024C6
:1052530076334008A8127511089099908121235242
:1052630011BCACACDCBCB8998890146333AACBA94D
:1052730099808122200BFFAA1008890345323098B8
:1052830088BCFEAA999AA99A9981221223751220A1
:10529300112232309BCAA9992473343434344231F5
:1052A30089CAA9ABDBCA90013332112344349BCCA6
:1052B300A9AAAAABB9047352100145333AA9925370
:1052C30034221008889BA817722088899AFADAABCF
:1052D300909ABCB244511099AB88889804422BDA57
:1052E300B9A9AABCA926333114322BFCBCCABBBB57
:1052F300CBBAB8800800137223012254222089A953
:10530300B81133753422243531288ABBDBABCBABE0
:105313008002201237433312AACDACAAABACB083C0
:10532300611000733511099A901443211110EBAAEF
:105333000234423123410CFCAB88AABDA88236312A
:10534300100809CBBB1235201080808BFBAA1134C7
:10535300224433411AAFCBABABEABB999989A993EA
:1053630034321212536423201101000363431143A7
:1053730073342210899AACCCBC990080080237336D
:10538300412009CABCBBDBB9A1189882464344013A
:105393009A98811126333109BBCB11110847623822
:1053A3009ACBCABAEACA981222121228ADDAA922F3
:1053B300331081243DBCC9900211012374200BBE1C
:1053C300BABDBCBCBA9A9BAA99811341112372320C
:1053D3002234100AA5353332235363342210809BC1
:1053E300CDBBBA9898A902362345332008098BFC14
:1053F300AAA9AA908804464231100098881247232C
:105403003089A908AB895464221A9BC98ACCFA99BA
:1054130008011123422A9DBA00120110334319AF28
:10542300C880188012742308ABBCBEBDBBCABABA0D
:10543300BAAB881220080533422353119A990535D4
:105443003223364434222211199EACBABAAAA9993E
:10545300AB88752321122129BDBCCAAAAADB9905F1
:10546300243331111098BC2374211002108BDAA954
:105473005353009A81288FCCCAA9989922443108A2
:10548300A9AA9909805263118AAAA8910096454254
:10549300110800ABEDBBCBCAABBBBCA980808012AB
:1054A3002337334342108988243332253743423329
:1054B300342300ABCABCBABAABDAA9225333523491
:1054C3002229ABDA9AABCCBB90253443343208C9DA
:1054D300804343222226288CB90263110000148CD6
:1054E300CFBABBCBAA8034431109999AABA8034521
:1054F30042119A9AAACEA08434234222119AFCDB49
:10550300BCACACAAA9A99A89800001253633300026
:10551300A90033109B07373234344322009ABDAAC3
:10552300999CBBCA99001134634331199AAA9BBE53
:10553300CBBA010245452228099801421122633161
:105543000ABBB4273211124301BCDCCBCDABA9811A
:1055530032331100099ABBB1177110000088CBAA2E
:105563009114352234434299DBCBCBDBACAAAAAAF4
:105573009A8998A9804545222008001100A9114461
:10558300434354343342009ABBAABCBBCBBABAB927
:1055930091544434210999899EBBDA9A9901636332
:1055A300211A8982200891537301AAA80122201687
:1055B300332208CBCBFCCDAAA9811111111180CCC8
:1055C300A90232232632309BFBAB0112112635335D
:1055D3002189ACDBCCCBCABBBBBAA9AAABBC99446F
:1055E3006322200121211132235353335444423186
:1055F3001089999ACBCAAABAAAA88246433312122F
:105603002109BECCBCBAB9037523211010010A913C
:105613003752228898888880144440100000ABFEDB
:10562300BCBAA98008023332ABDBA900344345225C
:10563300289BCA998899016444333118ABECBDBCEB
:10564300BBBCBAAAAABACBC98034242333222321F0
:1056530020000363435372442321108899BCCBBBBE
:10566300AABACCB982444222123210BCCABCCEBB05
:10567300B004533212223309BC953532209808986E
:105683009A254522190002510BFCDAA99998811336
:105693003100AADAA988005435211898999BBBBA1E
:1056A3004373343332299DBDBDBBCBCCAAA899AD7E
:1056B300AAA9801233342333322010044433135401
:1056C30073443422108899ABDA9A89ABCCA903349A
:1056D3003121236110AABABBFDABA01533221243BB
:1056E3004398AB043722100088899923532321342C
:1056F30035308FEBCBBA9A8802233119ACCA9800A4
:105703000063533210999AADAAB83373342332101D
:105713009CCDCCBCBBCBABAAABCBCAA081123424EF
:1057230033431100811334423454535335110988E0
:10573300898AABABBCABBB9844432111252228CA51
:10574300BBCBFCAB9025422111223289AA345422CF
:105753001880110AC8137422100123398FFCBBAAC5
:105763009A8911233109ADAA8908817354100099CC
:10577300A9AAB9A2453423432300BCDCCCBCBBCBD0
:10578300AB99AADBBAA0811433433322211112232C
:1057930053334537443352210988AAACBBA9999A9C
:1057A300CA9852341101243129BCCBCBFCAB003550
:1057B30023221242318ABA3473120008889A91352F
:1057C300342221425228BFFABAA999900133118990
:1057D300BDA99900046343118899A9BCBAB42633BF
:1057E30043432389CBDCBDBBCBCBAA89AADABA98C6
:1057F300012432333342210108353421244735242F
:10580300332189899ABCABA9ABCCCA9833532222E2
:1058130023200BCBBBCFEAAB004423112234309AB5
:10582300A05353120809899AA244422222435300E7
:10583300FDBBCAAA9A9002422199CBAA80000545D2
:105843003321099AAACCAA93373342412089CBEB5F
:10585300BDBBBDBAAA99ABDAA9881124232423328C
:10586300210101225222644534352220898989CCC1
:10587300A9A8999BCAB23523330143118BBDBCAF91
:10588300BCA9025323212424198BA135521100886A
:10589300889A0244323223444308FFBBBBA9A89130
:1058A300234201A9CB99908126444110899A99AA50
:1058B300AA0264434341208ACBFACBBCBCABA99A6E
:1058C300ACBBBB0812443342323111111242522293
:1058D300537353343128998999BCBBBCACAAA985AD
:1058E3002332211353219CBBCACFBAB804442212DA
:1058F3001323189AA4373210080100BB0265323013
:105903000122419CFFABAA9A9881234110AACB9A0A
:10591300001145434128899AAABBCB2373434231E3
:10592300289ACDCCCBCBBCAAA89AADAAA980123316
:105933003433442120000022333563733444321856
:105943009899BBDAA99999ABA905233343333299C3
:10595300EBA9BAEDBBB006333212334309BC03469D
:105963002210001018AB894432222436300FDBCAD0
:10597300AB9A9981242229ABCA99900074351100FE
:1059830099899ABBA94363234432388CBFBCBCAC0E
:10599300BBBC999AACBAA881124343334221080095
:1059A3002442311365533534120989999BBBBA9A42
:1059B300ACCC9903352222323218DBBBBCFCBC9041
:1059C30005333212124288AB135522208080189976
:1059D300016222114435388FCBDAAA999910232119
:1059E300199BCAA800007262220999989ABAC00446
:1059F30053433522009ACCBFABCABCAB9AA9CBBAEE
:105A0300A9800344334322120011334232343774E2
:105A13003352321099A8AABCC9A999AABC0045223D
:105A230022122229ACCBBCDBDB9814353121123294
:105A330010BC086342200000099992534311124598
:105A4300220EBFCAB9A989003232099CABC88802A9
:105A5300365333109BABBABBB80545342334119A84
:105A6300DCBDBCACABBAB9A9CBCCA9801224323211
:105A730034222100022422344745343334008998E8
:105A8300AACBBAA99CBBBB016333233333389FAB87
:105A9300CBEBCC9823532221233219BA0176220867
:105AA3000900000892344311216323AFCEABB999A7
:105AB3009800232200BCBBB99004375322009AAA52
:105AC300AAAC98063433343321BBFDACBBBDABAABF
:105AD300A99ACBCB990022343343333111111235B8
:105AE30021345725343232109A8AACBCAAA9ABCBE5
:105AF300B813722221212219ADCABDBDBA994353ED
:105B0300221123323AA8846342018901080994359A
:105B13003211237222CDDCBBBA999001233289CC96
:105B2300AB99000527233100999ABDAB90272342F7
:105B3300234110ABFADABCABCABA999BBCCB991020
:105B43002343333342311101234422355535344243
:105B530021089999AACBAAAA9BCBC083623221219F
:105B63002289BEABCCCCBA905343222133220AB054
:105B7300875222009000809903453223253218FC76
:105B8300DBCAAA999092223189CBBC980144453251
:105B93002009A9AAABCA88363534233109ADCBEB2A
:105BA300BBDABABAB9ACACAA980123523333222078
:105BB300000133522344744443333009A999CADAA8
:105BC300AA99AABAA116323324231199BCBBEDBCFE
:105BD300C9923533221132328BA807523110808893
:105BE3009A9924533122244219FCEBABAA9A8002DE
:105BF30032388ACABB88115453422089AA9A9BBA65
:105C03009A74442323311ABFCBDBBCBCBAAA9AAC27
:105C1300BCB890012343433333200102244224358B
:105C230063633433300A999BCBCBA9A9BACC8824BC
:105C3300434111211199CCBBDCBDA983443222120B
:105C43004211AA903743201880009890345321249E
:105C530034401DCDCBBAAA99881333300CCAB98806
:105C630001437432280A99AAACC901723342333012
:105C73000DBCCDABCBBCBBAB9ABBCCB89002343321
:105C830043342210100124422337535343341189E0
:105C93009AAABCBBAA9ABBBB027422221222289BDB
:105CA300EBBCBDCCA983453221122321AA885442DF
:105CB3002109800009904463120122341FAFBBCA3B
:105CC3009A89801223208CBBBA9022447242118994
:105CD300A9ABABC992445333422289CDBDBCBCBBF3
:105CE300BCAAA9BACCA998012343434222000012BB
:105CF3002333353744434423210899AABDAAAA9BD9
:105D0300BBDA993434332122201BCCCCBCDBAA016F
:105D130053422323342189AA4272210808000880B0
:105D23002443432244210CDEBDAAB9A888113211B1
:105D33000AABCAA80136354312099AABBBBBA437D9
:105D43004343332298CDBDBCBDABBBBAABABCCAAEE
:105D5300980123434342221201212333443737243A
:105D6300343322889AAACBBBC99A9CBBA83373232A
:105D73001221200ACCBDBCDABA01533431232238B4
:105D83008AA02653221000098A9006334232333404
:105D93009AFFCBBABA9980023402A9ABBBA8832776
:105DA30063331189AAABACA902472423422189CCCE
:105DB300DBBDBBCBBBBAABBCCABB0811334433435B
:105DC30031200021433342545444423221889AAB58
:105DD300CBBBAA9BBDB9A14352221133210BBDBE3C
:105DE300ADBCA9025333312222208AA2555221008D
:105DF30088809881163241122332BCFFCAAAA9981F
:105E0300910222208ABCAAA80347335110099A9A07
:105E1300ABA91373523332309AEBEBBDBBBCBABAA6
:105E23009BABDAAA88113434333333210101336253
:105E33003453635424212089999ABCBC99A9BAB8D4
:105E4300834442232333119ADBDBCDBCA8035333B2
:105E5300213333189BA43751100888089800353331
:105E630042233340BDFCBD9A9998801121109AAB0F
:105E7300AB890265352210999AABABAA34643343DC
:105E830041208BCDCBDACABBBBAAAABDABA980127A
:105E930043343422221011023432347273353332D4
:105EA300208A9AABCBCAABAACBA9034533322222B1
:105EB30000BCDBCBDBCBB10534332223230999159B
:105EC3004441208800008800453332334238BFFC08
:105ED300CABAAA9800233129BBE99908126343324D
:105EE300189AABBBCB994374333422188DBDBDBB19
:105EF300CBBCABA9BABCC9B0802242342333231133
:105F030010133433464463434322108A9ABCBBBB09
:105F1300ABABDAA902453221212121AADBEBDBBBA2
:105F2300A017234221121208992364222008899979
:105F3300881374122123432AAFFCBABAA988112308
:105F4300211AACBBA980437353110899AAAAB9A11A
:105F5300356243333318AFBDBCBCBBCBAB9AAACBC2
:105F6300CAA8811423423422111112132225363672
:105F73004434332108999AABCBBBACBCBC993344B2
:105F83003222100808080080080000080000008082
:105F93000000000000008000000008000000000076
:105FA30000000000000000000000000101000010DC
:105FB300110111111212112111121111110009985D
:105FC300998ABBCCCBBDBCCBCCBDBCBBCBCBCBCCE8
:105FD300AA9A8889889888000011112311224435D0
:105FE30023334334434343434334433443434423FA
:105FF300233333433334233334333342333334336C
:1060030042322221211110101001000008080899C2
:10601300A9AABAABABABAABACBBCCBBCBCBBCBAB10
:10602300CAABBBCABAABAAA9A99989888888888050
:106033008808088098808080000000080880908885
:10604300880809888880880800080808000000007C
:106053000000000000008080808808008889880094
:1060630009898988000099998000100009080000B7
:1060730022221111010112253524344242333434D2
:1060830023333343344233334232334342333322B1
:1060930022220099900AADBEBCCBEACBCCBBBCBCE0
:1060A300BABBBCABABABABBBCAABAAAAACABBBBAC0
:1060B300A880800001111100023345335243433459
:1060C30033433334233334233324222332322222FF
:1060D3002110110111111110010000000808000026
:1060E3000000008088088000010088800000000014
:1060F3008080800000000000008008000001000094
:106103000000010111010001001010111101101113
:10611300110101000001101000101001008008009F
:106123000000001880801111010888080000001188
:106133000108088800010000080898888080000092
:1061430010110009988880001123435343434334BB
:10615300423343342423234234233433433421222C
:106163001324233233344334119AECCCCCBDBBCB50
:10617300CBBCBBCBBBCABABBBBBBCABACABBABAA41
:1061830099A9ABA998899AAAAA89012344433533CB
:10619300434242423333434232342333342333338F
:1061A3003232322222111111111101111101001089
:1061B30010000008000008088000008000008088AC
:1061C3000800000008880800808800000008000814
:1061D30008000000008000001120000010111101D0
:1061E3000100000001011001001010001000000068
:1061F3008088000000010000800800000000000803
:106203008880800111000000008898890808000137
:106213001010000090A98998808010112243443403
:106223004335234232343343334334343423422219
:106233002212224344344433422120088ACCEBCC3B
:10624300CBCBCBCBCBBCBBBBCBBBBCBBBBBCABAB58
:10625300AAAA9AAAA9A9AAAAAABAA99000112243EA
:1062630062433522334334342342333342333432AB
:10627300323423423222122122222111110111111F
:1062830011001000001000080000080080800000CA
:1062930000000080808000808808080000000080E3
:1062A30080880880808080808000000000000000DB
:1062B300000800080080808000010000008088083A
:1062C300008080808080808880000010000008802B
:1062D30088080000101110100088988880000110B1
:1062E3001110001000898988890989988001233356
:1062F3003534424334324233434343442323333418
:106303002333333434442343352423233332119C3E
:10631300CDBEACBCBCCACABBCBBCBBCBBBBCBABB83
:10632300BBBCABA9AA9AABBCABBBCBBCA99080004E
:106333001224424335343433344233343343343315
:106343002422333343233322221222122212121124
:1063530001101111101010010000800000800800CE
:1063630010100100800800880808080808080800C1
:1063730080000080888808000808080000000000EA
:1063830000000080880800010100000100000000F7
:106393000000088088088888800000000008898938
:1063A30088880800101101000080880908909080F7
:1063B300000100100000000098899AAABABA980058
:1063C3001123333333433435335333533433334467
:1063D30022322342342324333444344343342321A9
:1063E30020009ACCCCCBCBCCBDACABCBACABCABB3B
:1063F300CAABABABABBBBBBCABBBCBCBBABBABAB2B
:10640300AA0900223243344443433433433434240B
:1064130023342233333433342422233233232223C9
:106423002121121221221211111001000100110168
:10643300100100101101000000008080080008080E
:106443000080000800888809898988880808080866
:106453008080909088808008000800800000000001
:106463000010008088090800000010100008008058
:106473000080008000000100100000000000008880
:1064830080888008001111101008889989999999BA
:106493008999989080002123334342433524334321
:1064A300434334323422332432424242423433446B
:1064B300343342323211089CAEBCCBCCBCBDBBBC26
:1064C300CABCABBCABBCAABABBABACAABABBBCAB79
:1064D300CBBBBBABAAAA9800032333443443433456
:1064E3004242333433442333242333334334233377
:1064F300332332322322212121221221211201109E
:1065030000100101011111121111100000000010FF
:1065130001010010100000889098898888880888F5
:106523000909898988888809089888909000010159
:1065330010000008088888908000111101000000F5
:106543008080000010100000001111111000088855
:1065530098989880001112122101089898A99A9985
:106563009889999A9988800001111222343533440D
:106573003434333432334223333343435343434476
:1065830023433343423332111088ACBFBDBCCBDB52
:10659300BCBBCACABBBBCBBBBBCBBBBCABBBBCBB17
:1065A300CABCABABBBBCBAAA9800011323344344A7
:1065B3003434233433433352324333343234223288
:1065C3003343232322332332222222112111111197
:1065D30001111121121121221211111110100000A9
:1065E30000010101110100809090908808098898AA
:1065F300909890908808880989898988880800017B
:1066030011111100088888088000080000008080AC
:106613000000000000080080001121222222111036
:1066230000888880011222122212110101000088C1
:106633009899899998909898989888080111324464
:106643003435242334233423242222234343434451
:106653003434343343433423423233220099EADB64
:10666300CCBCCBCCBBBCBCABBCABBCABBACABABC62
:10667300ABBBBBCBCABCAABABABBBABA998001122C
:106683002334443433424234334334334342223396
:10669300333434233343343333333322322221210B
:1066A3002112112112112222222212110010001094
:1066B30001102111010010010010000008080888D2
:1066C3008988888088088888989999A9A989888061
:1066D3008008888808880908888808880880000056
:1066E30010110100088888908000111221212010C8
:1066F30010000000000101021121212212110000EB
:1067030008888898898998998999A9AA9990900065
:106713001123435334424233334233334344233309
:1067230052333435343343434343424233223110EB
:10673300099CCCCBDBCBDACABBCBBCBBBCCABABBD8
:10674300ABBCBBBBCBACABBBCBCAABBABBBBA777FE
:106753007408000808080808080808080808080852
:106763000808080873642329AFDBDABBBBBCAAA9FA
:1067730080145345242333322289AACBCBCAAAB827
:1067830090126344342422110ABEBBDACABABAAAED
:10679300981235434342333200BCCCBCBCA9A89009
:1067A30002236352334323221A9EBCCABCAB9A987A
:1067B300002353443333422289CCDBBCBBB9A980C9
:1067C3001134534335222222089FACBBBC9A980054
:1067D300212433533434333209EBCCBCABA9A0812D
:1067E30022343443352332210ACEBCCABA998812E3
:1067F300223335343434332209DBFBAC9A989101CC
:10680300222223533353341109AFBDBAAA988021EE
:10681300322234352423422109DBEACAAA998112A0
:10682300322224434344121189BFADBABA9880126D
:1068330032334243434342210ACCEBBBBB9980032F
:1068430024233443343434128ABEBDBBCA9908129C
:10685300222343433344421189BDCCCBAAA89002DF
:1068630023333533434334120AADBFBBBBA988116D
:10687300235233333243453128ABEBCCBC9A8001EE
:106883001332222243723332189CBFBCBBBA880135
:1068930013343222262434322199EAEABBBAA08186
:1068A3002333221344534422100AADBDCBBA9800BC
:1068B30011333221354443422109CBDCBCBA9880E1
:1068C30001123224345333333209CEBDBBCA99800B
:1068D30000222121453532411109ACCBDACAA890F7
:1068E3000011221353533413100ABDBBCCCAAA9907
:1068F3000811224444343331009ABCCCBCBCBABA2C
:10690300A002354434332312889BBDBCCABCBCBA35
:1069130099114363433232108ACABCABCBBBCCCA96
:10692300B8022733523211889ABBCAABBBBCCBDA4D
:10693300A9115344432311089ACBCBABBBAACBCCAD
:10694300B983375233331009AACCBCAAA9AA9BAB8B
:10695300B912773333422089ABDBCABA9989999943
:10696300A99637243332119ABDBCBCB9A8888000DC
:10697300080174443422200BBDBCBCAA99890012BF
:106983002225362433231099CBFBBBBBA99081115D
:10699300235372334321288BBDBDBACAAA99080178
:1069A3002355333342110099ABCBDBDBBBC89800D3
:1069B300037334221189888080889DDCCBBB0988CE
:1069C300263432300AB99832422322BFFBB9A9A038
:1069D300026233228ACCB8834235310AEBCB9B88DF
:1069E300152322208BCAB9237324238CBDBAAA9002
:1069F30013334208CBEAA80245344108ABDAA9981D
:106A03001222211CBDBBC911536223089BBDB89040
:106A1300112200AAFABBA80446333110AACCBA90BB
:106A2300022219AFCABAB802644421100AADA98080
:106A3300100008CBEBAB88135623211008BCCA887F
:106A430002008ABFCAAA900263532111099BC9900D
:106A53008088ABFCBCAA08124633321118AABC08C2
:106A630080AACDBEABB8901354441220189AAAB092
:106A7300890BDCCBDBBA8014453232221189AAAAF6
:106A830099ACECCBDAA990225343332210899A9A1A
:106A9300A9AECCCCABAA8814363242212000099B84
:106AA30099BCEBDBCBAA90235433333312101A9CDB
:106AB300BABECCCBBBBB9924534333322211219BA7
:106AC300ACCCDCBCCAAA9012533334332221200B42
:106AD300BDBDCBDACAA99812443334322222231122
:106AE300BBFDBBCBCAB998025324233333343328B9
:106AF3008CCEBCCBBBAA08134423233424244222C8
:106B030089CCDBCBBBB8901243323234436333318D
:106B130019BECCBCBAA9881123334233453433326E
:106B230000CCCCCBCAA9A101223333434353333125
:106B33002A9FADABCABA88012233343435232322CA
:106B430010BBFDACABAA9801122344334334232179
:106B5300189EBDBBCABBAA0122344343433432113E
:106B630008CAFABBCABBB890222453333344231058
:106B7300099CCDABBBCABA00011245334343321162
:106B830089BCEBBABABAB0912112344443542210EF
:106B93000BAEBBBAA8900253009A8000052733219D
:106BA3008ACCEB9A0112363119BBABAAAA44441022
:106BB3000AAEBBB801353453108BABBCC98122423A
:106BC30000CCCC99002445323099ABDABA0022319B
:106BD30019AEBDB991237343119AABACA9A112416C
:106BE3000ADBEAAB003535334009ACABBA002333DB
:106BF3000CBDCBBAA03553441108AABCAAA01331CB
:106C03000ADBBDAB082544343019ABCBBB083332A8
:106C13000CCDBCBAA02553342208ABBDA9910131D8
:106C230009DBCCAB9924462331288BCBCA981111AD
:106C330009BFABCA9814535222009ABBC9A00120C2
:106C430019DBDBBB9923743422100ABCBB891121E5
:106C53000BDDBCBAA0137343231189CCAA90001196
:106C63000ADBEABA8922552421201AABCA991000FB
:106C73009ADCCBC990034543232100ACBAB0809A78
:106C8300AECBDAAA8823635231201889BAA9A9DACC
:106C9300CCBBCBA992254443232211089CBBCCBB7C
:106CA300DABCAAA921435352313121108ACCCBCB70
:106CB300BCBBABA003453533422212018BCDBCCA0A
:106CC300BAABA98812444434343221189ACCDABBC3
:106CD300BCAAA98011354433522312009ACDBCBA01
:106CE300CA9A990801345342433332108BDCCBCB1D
:106CF300ABBAA88082363523434311108ABFACABAD
:106D0300AAAA998000346334343321288ADCCBBCAB
:106D1300AAAA988082263353343322109BDCCBCA31
:106D2300ABA9980001353443442330109ACDBCBB42
:106D3300BBAA90800335253443422200A9CCCCBBA7
:106D4300BAA8909001345353343231289BCDCBBC35
:106D5300AB99980012234624423232009BCDBCBB30
:106D6300C9A9990812335353433232298BCDCBCB64
:106D7300BB99980012353443522221009ACBDBCBC6
:106D8300C9A9980022343524222221288ACBDBEAA0
:106D9300BBAA990135333432221211088989EDCD0A
:106DA300AAA9A88144333321098080012228AFFC9A
:106DB300ABAAAA0364323118ABBB992143420ADD63
:106DC300B9ABB98274322208BBDAA891144210CA53
:106DD300BABBFB0136232119ACCA9901224310AE79
:106DE300AAABBA8463431289BCBD9908022230A9B5
:106DF300AAAACB265522108ABCCAB9980034208986
:106E030090099227742200AABDABA999801210A9F8
:106E13000023736352311A9BBEBBBAAA00129CAA09
:106E230091374524323188CBCBBC9999880BABB9C8
:106E33001353753342210AADBBBAAA990008DBAAE2
:106E4300A8073742221198CBBBAAA9A8800DBBBAC9
:106E53009034772322100AACBCAAA909119ADBAAA1
:106E630090073632322109CBCC9A8990000CBBBBF8
:106E7300C91276242120099BBBCBAA8001A9DBBAC6
:106E8300A9163634332288BABBDBAB988ABABCBDA9
:106E9300AA2274343331199ABCBCC9889ABBBADBB1
:106EA300A01634344221008889DCAA989AAA9CBB94
:106EB300C8236353333200989BCDC989AAAB9ABCCC
:106EC300901536242322118888EBABABADAA99AA7F
:106ED30090346343342210080AADBBBDBBBBAABBCD
:106EE300804454423122220008DBBCBCBBBBBCB88B
:106EF30001246343213233312AACCDBCCBAABBA9D5
:106F0300003455322101222200999AFFAAB9AAA07E
:106F1300112252521000123420001CCECA9AAB899F
:106F23001222353340802452010110CEBACABAB0BE
:106F33000224343380AA14443104389FDAAA9A0015
:106F4300222212222BBBB573222323CEBCBAB9A1B2
:106F53001342321299DC01352224318CEABBAA0890
:106F6300132332288FABB05344222389CDBBBAA05D
:106F730002433389DBDB981533442119ABDB9908D2
:106F8300122209AFBCBBB024444323019BBBB11401
:106F93002229AFDBCBBB8924434222100000237399
:106FA300129BECCBCAA991234322100023544433F0
:106FB300289DCBDBBB9A012323221880155452331F
:106FC300109BDCCBABA90032322308891376243221
:106FD300388CCCBCBA9A1023221108999375433389
:106FE300229AECBBCAA88122210008991276242296
:106FF300208BCCBCBAAB001332201AABB37643332D
:107003002299DBCCABAA9222321088AA887445223B
:107013003019ADCBBBBA002411198A9AA356434346
:107023002188CBDBBBBA91234110999A98455434FC
:107033003119ACCCABAB082312099BA9823772433D
:107043002288ACBCBBC9A111210099BB8936652339
:1070530032199CBCBCBB892121189BA9A33763436C
:107063003300ABCDBBBAB0012100ABBC00735343BB
:10707300312AAACBBBCA990099ACBDA08444434230
:107083003108BBBBCAAA989ABDBCCA9933743332C0
:10709300200ABBBB999800CBFCBCBAB10634422290
:1070A30008899A9800011AAFEABABB99346333206E
:1070B3001999A881244321EBDBBBBCA00535221021
:1070C30089AA89022434300FBBBCBBA923733220A5
:1070D3008BBBB002354433AA32DCABAA988443306D
:1070E3009BFBDB8A12243433380BBCAA991253124C
:1070F3009DCEAAB8013424332399ABB99004312926
:10710300CFDBBD9910233343301898800152218976
:10711300EDBEAAA801224232110800223634209C77
:10712300DBDBBBA90133432220033543435200BDBC
:10713300BDABBAB0023232118023762233332ACE6A
:10714300CBCAA9801111099AB8974533332288EB2A
:10715300CBBBA890122008BCCB22753333411AAEA7
:10716300BBCA89001101099CAAA53633432300DA5F
:10717300CCAAA880002018ABEA0053533421199DF0
:10718300BBCA9900010189BDBAB42733433210AB9E
:10719300EBCAA990111008ABEA8953443422089B27
:1071A300CCBBAA0001008ABEABB33743433310AA5A
:1071B300EBBCA99110188ABBDA8853533522208B74
:1071C300BCCBBA88000099ACBE901535342211AA05
:1071D300BCCBAA90100899BCDA9934634342200BC4
:1071E300ADABAA880088AACBCBA027435232219902
:1071F300BDABB9A0901A9BBDBB9844634333210B2D
:10720300ADBAAA898898BDBDAA92153442321199A4
:10721300BB9A8090ABCEBCCBAA0153433320089BCF
:10722300A99363319AECBCBBAA0344333100BABAC5
:1072330089545422099DBBCAB9015222089BCBA889
:107243008436343200BACBCBCA82333089BCBCCA51
:1072530000543533209BC9AACA983311AACCCCAAAF
:10726300A42534433199ABABDC911119A9ABADCA59
:10727300884443532009A98BCAA92100EBBBCBA89F
:107283008634334342898899CD99808BCBBABABA75
:10729300227512433228908BCBBA89AAFE9999980A
:1072A3008234353432000188ABBBBBBFDCAAA98072
:1072B3001144234423222018ABDBBBCBEBBC9988BE
:1072C300034234352323340098BCBCCCCBCAA980F9
:1072D3002232444422242110888BEBCBDBAAA90061
:1072E300123236412243430000AADCCBBCABA800D8
:1072F3003312532322553211010ADBEBBBBBA90323
:1073030035211231145434000089BDCCBACAA90105
:1073130033134321104732222219CDCCBCAA981132
:1073230022212220037343234210CDBDBABAA08188
:10733300233321990155434341189CCCDAAA880190
:1073430011232090812444632300ABDCBCC9980043
:1073530001321299003544353210AADBDABB98802A
:10736300122320901243536343109BDBCCB9A080BC
:10737300122200981244453342299CBDBBBB999805
:1073830002223802334644432310BCDBBCAAA89034
:1073930012209A88444444322119ADCABB9A890801
:1073A300020AABA2254643342288CDABA90800804C
:1073B300108BFA8000444432280CADBB99120112A1
:1073C300229DBCA881100000000000000000000006
:1073D30000000000000000000000000000000000AA
:1073E3000000000000000000000000000000002872
:1073F3001A281C4900000918176E348244400701FB
:1074030005A003EF0000FF5A09180E551D140FBD08
:1074130018E5077B0BC91BA809790D2E084F0DB87A
:107423001C7B0B2418E4FFF0FFF0FFF0FFF00020BB
:1074330000500070009001200030006000000190B7
:10744300000001AB040D0F20108E12F001000100AB
:107453000080010000800080035604C3162602DC6E
:1074630004C300F4000F00100011001200130014F5
:10747300001500170018001A001B001D001E002035
:107483000022002400260029002B002E00300033A8
:1074930000360039003D004000440048004D0051D3
:1074A3000056005B00600066006C00730079008189
:1074B30000880090009900A200AC00B600C100CC87
:1074C30000D900E500F3010101110121013201445A
:1074D3000158016C0182019901B101CA01E602035D
:1074E300022202420264028902AF02D8030303317B
:1074F3000362039503CC04060443048404C9051101
:10750300055F05B00607066306C4072B0798080C3A
:107513000886090809910A230ABD0B610C0E0CC5E4
:107523000D880E560F301017110C1210132314462A
:10753300157A16C1000102030405070A0D141D2B59
:10754300405680FFEBEBEBEBEBEBEBEBEBEBEBEB1F
:10755300EBEBEBEBEBEBEBEBEBEBEBEBEBEBEBEB78
:10756300EBEBEBEBEBEBEBEBEBEBEBEBEBEBEBEB68
:10757300EBEBEBEBEBEBEBEBEBEBEBEBEBEBEBEB58
:10758300EBEBEBEBEBEBEBEBEBEBEBEBEBEBEBEB48
:10759300EBEBEBEBEBEBEBEBEBEBEBEBEBEBEBEB38
:1075A300EBEBEBEBEBEBEBEBEBEBEBEBEBEBEBEB28
:1075B300EBEBEBEB15151515151515151515151520
:1075C3001515151515151515151515151515151568
:1075D3001515151515151515151515151515151558
:1075E30015151515EBEBEBEBEBEBEBEBEBEBEBEB40
:1075F300EBEBEBEBEBEBEBEBEBEBEBEBEBEBEBEBD8
:10760300EBEBEBEBEBEBEBEBEBEBEBEBEBEBEBEBC7
:10761300EBEBEBEBEBEBEBEBEBEBEBEBEBEBEBEBB7
:10762300EBEBEBEBEBEBEBEBEBEBEBEBEBEBEBEBA7
:10763300EBEBEBEBEBEBEBEBEBEBEBEBEBEBEBEB97
:10764300EBEBEBEBEBEBEBEBEBEBEBEBEBEBEBEB87
:10765300EBEBEBEBEBEBEBEBEBEBEBEBEBEBEBEB77
:10766300EBEBEBEBEBEBEBEBEBEBEBEBEBEBEBEB67
:10767300EBEBEBEBEBEBEBEBEBEBEBEBEBEBEBEB57
:10768300EBEBEBEB1515151515151515151515154F
:107693001515151515151515151515151515151597
:1076A3001515151515151515151515151515151587
:1076B3001515151515151515151515151515151577
:1076C3001515151515151515151515151515151567
:1076D3001515151515151515151515151515151557
:1076E3001515151515151515151515151515151547
:1076F3001515151515151515151515151515151537
:107703001515151515151515151515151515151526
:107713001515151515151515151515151515151516
:1077230015151515EBEBEBEBEBEBEBEBEBEBEBEBFE
:10773300EBEBEBEBEBEBEBEBEBEBEBEBEBEBEBEB96
:10774300EBEBEBEB000203050608090A0C0D0F1027
:1077530011121415161718191A1B1B1C1D1D1E1E9A
:107763001E1F1F1F1F1F1F1F1E1E1E1D1D1C1B1B39
:107773001A1918171615141211100F0D0C0A0908EF
:107783000605030200FEFDFBFAF8F7F6F4F3F1F049
:10779300EFEEECEBEAE9E8E7E6E5E5E4E3E3E2E272
:1077A300E2E1E1E1E1E1E1E1E2E2E2E3E3E4E5E5B3
:1077B300E6E7E8E9EAEBECEEEFF0F1F3F4F6F7F8DD
:1077C300FAFBFDFE00010203040506070809090A86
:1077D3000B0C0D0E0E0F10101111121213131314A4
:1077E3001414141414141414141413131312121160
:1077F3001110100F0E0E0D0C0B0A090908070605D0
:107803000403020100FFFEFDFCFBFAF9F8F7F7F6AB
:10781300F5F4F3F2F2F1F0F0EFEFEEEEEDEDEDEC67
:10782300ECECECECECECECECECECEDEDEDEEEEEF8B
:10783300EFF0F0F1F2F2F3F4F5F6F7F7F8F9FAFBFB
:10784300FCFDFEFF000203050608090A0C0D0F10DC
:1078530011121415161718191A1B1B1C1D1D1E1E99
:107863001E1F1F1F1F1F1F1F1E1E1E1D1D1C1B1B38
:107873001A1918171615141211100F0D0C0A0908EE
:1078830006050302000203050608090A0C0D0F1082
:1078930011121415161718191A1B1B1C1D1D1E1E59
:1078A3001E1F1F1F1F1F1F1F1E1E1E1D1D1C1B1BF8
:1078B3001A1918171615141211100F0D0C0A0908AE
:1078C30006050302000203050608090A0C0D0F1042
:1078D30011121415161718191A1B1B1C1D1D1E1E19
:1078E3001E1F1F1F1F1F1F1F1E1E1E1D1D1C1B1BB8
:1078F3001A1918171615141211100F0D0C0A09086E
:107903000605030200000000000000000000000064
:107913000000000000000000000000000000000064
:107923000000000000000000000000000000000054
:107933000000000000000000000000000000000044
:1079430000000000000203050608090A0C0D0F10D1
:1079530011121415161718191A1B1B1C1D1D1E1E98
:107963001E1F1F1F00000000000000000000000099
:107973000000000000000000000000000000000004
:1079830000000000000203050608090A0C0D0F1091
:1079930011121415161718191A1B1B1C1D1D1E1E58
:1079A3001E1F1F1F00000000000000000000000059
:1079B30000000000000000000000000000000000C4
:1079C3000000000000060C11161A1D1E1F1E1D1AB2
:1079D30016110C060000000000000000000000006B
:1079E3000000000000FAF4EFEAE6E3E2E1E2E3E696
:1079F300EAEFF4FA000000000000000000000000BD
:107A03000000000000060C11161A1D1E1F1E1D1A71
:107A130016110C060000000000000000000000002A
:107A23000000000000FAF4EFEAE6E3E2E1E2E3E655
:107A3300EAEFF4FA0000000000000000000000007C
:107A43000000000000060C11161A1D1E1F1E1D1A31
:107A530016110C06000000000000000000000000EA
:107A63000000000000000000000000000000000013
:107A73000000000000000000000000000000000003
:107A83000000000000060C11161A1D1E1F1E1D1AF1
:107A930016110C06000000000000000000000000AA
:107AA30000000000000000000000000000000000D3
:107AB30000000000000000000000000000000000C3
:107AC30000000000000102030405060708090A0B71
:107AD3000C0D0E0F10101112131415161718191A76
:107AE3001B1C1D1E1F1E1D1C1B1A191817161514EF
:107AF30013121110100F0E0D0C0B0A0908070605BF
:107B03000403020100FFFEFDFCFBFAF9F8F7F6F5AA
:107B1300F4F3F2F1F0F0EFEEEDECEBEAE9E8E7E68F
:107B2300E5E4E3E2E1E2E3E4E5E6E7E8E9EAEBECF6
:107B3300EDEEEFF0F0F1F2F3F4F5F6F7F8F9FAFB06
:107B4300FCFDFEFF1F1F1E1E1D1D1C1C1B1B1A1AE6
:107B530019191818171716161515141413131212CA
:107B630011111010100F0F0E0E0D0D0C0C0B0B0A34
:107B73000A090908080707060605050404030302A2
:107B8300020101000000FFFFFEFEFDFDFCFCFBFB0C
:107B9300FAFAF9F9F8F8F7F7F6F6F5F5F4F4F3F37A
:107BA300F2F2F1F1F0F0F0EFEFEEEEEDEDECECEBE5
:107BB300EBEAEAE9E9E8E8E7E7E6E6E5E5E4E4E352
:107BC300E3E2E2E10808080810101010141414147A
:107BD300141414141414141408080808F0F0F0F022
:107BE30000000000ECECECECF8F8F8F8E0E0E0E082
:107BF300E8E8E8E8101010101C1C1C1CE4E4E4E4A2
:107C0300F8F8F8F8E8E8E8E810101010E0E0E0E031
:107C1300F0F0F0F018181818F4F4F4F4E8E8E8E8D1
:107C23001010101008080808101010101414141461
:107C3300141414141414141408080808F0F0F0F0C1
:107C430000000000CA797C577CABBEA0155003022C
:107C53007EF4BEA01A2803027EF40A7A9E740015ED
:107C6300BE50105003027DC3BE50154003027DC3B6
:107C73000A159E1400107C237E30017E7022AC7F97
:107C83007D232E240BC67A51827A41837AEB307D91
:107C9300232E240BD07A51827A41837AEB2074020B
:107CA300ACB27DF52EF473F77EE400FF0B7A207DF2
:107CB300432E440BAF7A91827A81831BEA202E54A0
:107CC300740B7E4400FF0B2A502D527D032E040BB0
:107CD300B17A11827A01831BEA507402ACB22E543A
:107CE30074157E4400FF0B2A502D527D032E040B86
:107CF300B37A11827A01831BEA507E3002AC232EC1
:107D030014741F7E0400FF0B0A102D127D232E24F2
:107D13000BB57A51827A41831BEA106D117D232EB4
:107D2300240BB87A51827A41831BEA107D232E24D7
:107D33000BBA7A51827A41831BEA10E47D232E2405
:107D43000BB77A51827A4183F06D007D232E240B89
:107D5300BF7A51827A41831BEA007D232E240BC113
:107D63007A51827A41831BEA107D232E240BC37A36
:107D730051827A41831BEA1074017D232E240BC5A3
:107D83007A51827A4183F074037D232E240BC77AC0
:107D930051827A4183F0741F2E340BCE7A71827A2A
:107DA3006183F07E3400017CBF60053E341478FBB0
:107DB300900BA8E04CB7F0900BA97AEBF002815C32
:107DC3000A357E24000612B8887C256C337E502247
:107DD300AC5F7D322E340BC67A71827A61837AEB83
:107DE300307E3002AC237D512E5474437E4400FF19
:107DF3000B2A303E342E240BAF7A51827A41831BF7
:107E0300EA302E14745B7E0400FF0B0A307A518231
:107E13007A41830BEA202D237E7022AC7F2E340B14
:107E2300B17A71827A61831BEA206D227E7022AC63
:107E33007F2E340BB87A71827A61831BEA207E70BD
:107E430022AC7F2E340BBA7A71827A61831BEA20CB
:107E53006C337E7022AC7F2E340BB77A71827A61D9
:107E6300837AEB306D447E7022AC7F2E340BBF7A65
:107E730071827A61831BEA407E7022AC7F2E340BC1
:107E8300C17A71827A61831BEA207E7022AC7F2ED5
:107E9300340BC37A71827A61831BEA207E50017EA0
:107EA3007022AC7F2E340BC57A71827A61837AEBB0
:107EB300506C557E7022AC7F2E340BC77A71827A58
:107EC30061837AEB507E501F7E7022AC7F2E340B81
:107ED300CE7A71827A61837AEB507E3400017CBF63
:107EE30060053E341478FB900BA8E04CB7F0028198
:107EF3005CBEA0336803027FCF900BA9E0BEB0063F
:107F0300400302815C7CFB900BAB7EEB307E502206
:107F1300AC5F7D322E340BCA7A71827A61837AEB3D
:107F230030900BACE07D322E340BCB7A71827A61C8
:107F330083F0900BADE07D322E340BCC7A71827AD4
:107F43006183F0900BAEE07D122E140BCD7A31825B
:107F53007A2183F074037D122E140BC77A31827A4F
:107F63002183F074FA7D122E140BC87A31827A21A0
:107F730083F0741F2E240BCE7A51827A4183F07AD8
:107F830071827A61837EEB507E7022AC7F2E340B3C
:107F9300CF7A71827A61837AEB507E50017E7022B0
:107FA300AC7F2E340BC57A71827A61837AEB507E73
:107FB3003400017CBF60053E341478FB900BA8E0CD
:107FC3004CB7F074FF900BA9F002815CBEA01B407C
:107FD30073BEA020386E0A7A9E74001B7E7022AC9A
:107FE3007F2E340BC77A71827A6183E06026740432
:107FF3007A71827A6183F07E7022AC7F2E340BCD4E
:108003007A71827A61837EEB507E7022AC7F2E344C
:108013000BCF804C6C557E7022AC7F2E340BC57A0F
:1080230071827A61837AEB507E3400017CBF6005F4
:108033003E341478FB7CA76EA0FF900BA8E05CBADB
:10804300F002815CBEA0214023BEA026381E0A7A1E
:108053009E7400215E501F7E7022AC7F2E340BBCB9
:108063007A71827A61837AEB5002815CBEA02740E9
:1080730025BEA02C38200A7A9E7400277E3022ACBD
:108083003F2E140BBD7A31827A21830BEA006C00F8
:108093007C656C778026BEA02D402FBEA032382A87
:1080A3000A7A9E74002D7E3022AC3F2E140BBD7ACB
:1080B30031827A21830BEA006C110A354D307A3113
:1080C300827A21831BEA3002815CBEA010782F7C68
:1080D300B5C4540F0A3B2E3445427A71827A6183C8
:1080E300E493900BAAF07CB5540F0A3B2E3445421F
:1080F3007A71827A6183E493900BABF0805BBEA0CC
:1081030011783B7CB5C4540F900BACF0B40F03E46F
:108113008010900BAC7EEB907402AC9B7E54001FDE
:108123009D54900BACF07CB5540F0A3B2E34454262
:108133007A71827A6183E493900BADF0801BBEA0C9
:108143001278167CB5540F0A3B2E3445427A71825D
:108153007A6183E493900BAEF0DA7922CA3B02850D
:10816300C89008100BEA307D232E2400057A518233
:108173007A41837EEBD09008100B341BEA30BE3477
:10818300080040086D339008101BEA30BED05078C9
:108193004290080E0BEA209008100BEA30BD3278AB
:1081A300030285DB7D232E2400057A51827A4183E5
:1081B3007EEBE09008100B341BEA30BE340800401D
:1081C300086D339008101BEA30D2077CBE12AF3320
:1081D3000285C8BED052784090080E0BEA20900862
:1081E300100BEA30BD3278030285DB7D232E240099
:1081F300057A51827A41837EEBE09008100B341BA1
:10820300EA30BE34080040086D339008101BEA3092
:108213007CBE12BB7A0285C8BED05168030282DFDE
:1082230090080E0BEA209008100BEA30BD32780359
:108233000285DB7D132E1400057A31827A21837E39
:10824300EBF09008100B341BEA30BE3408004008F2
:108253006D339008101BEA309008100BEA30BD32E2
:1082630078030285DB7D132E1400057A31827A218F
:10827300837EEBE09008100B341BEA30BE34080019
:1082830040086D339008101BEA309008100BEA3059
:10829300BD3278030285DB7D232E2400057A5182CB
:1082A3007A4183E0900DC6F09008100B341BEA303E
:1082B300BE34080040086D339008101BEA307CCFB1
:1082C3006EC0516CCE900DC6E0BCBC68030284DB6B
:1082D300D2047CBF7C7E1285DE028516BED0A078D8
:1082E3007690080E0BEA209008100BEA30BD327826
:1082F300030285DB7D132E1400057A31827A2183F4
:108303007EEBF09008100B341BEA30BE34080040BB
:10831300086D339008101BEA309008100BEA30BD4B
:108323003278030285DB7D232E2400057A51827A7D
:1083330041837EEBE09008100B341BEA30BE340817
:108343000040086D339008101BEA30D2057CBF7CD7
:108353007E12A6D50285C8BED0B378030285C8BEF7
:10836300D0B0680302842690080E0BEA2090081010
:108373000BEA30BD3278030285DB7D132E14000532
:108383007A31827A21837EEBF09008100B341BEA5A
:1083930030BE34080040086D339008101BEA30905B
:1083A30008100BEA30BD3278030285DB7D132E14EF
:1083B30000057A31827A21837EEBE09008100B343A
:1083C3001BEA30BE34080040086D339008101BEAE6
:1083D300309008100BEA30BD3278030285DB7D2331
:1083E3002E2400057A51827A4183E0900DC6F090E5
:1083F30008100B341BEA30BE34080040086D33907C
:1084030008101BEA307CCF6EC0B06CCE900DC6E076
:10841300BCBC68030285C8D2067CBF7C7E12A85C04
:108423000285C8BED0C0680302851E90080E0BEA01
:10843300209008100BEA30BD3278030285DB7D13F0
:108443002E1400057A31827A21837EEBF090081096
:108453000B341BEA30BE34080040086D339008101B
:108463001BEA309008100BEA30BD3278030285DB3B
:108473007D132E1400057A31827A21837EEBE090FE
:1084830008100B341BEA30BE34080040086D3390EB
:1084930008101BEA309008100BEA30BD3278030253
:1084A30085DB7D232E2400057A51827A4183E09077
:1084B3000DC6F09008100B341BEA30BE34080040A0
:1084C300086D339008101BEA307CCF6EC0C06CCEB1
:1084D300900DC6E0BCBC680474FF8039BEF0154043
:1084E30010BEF033380BD2017CBF7C7E127C4780F8
:1084F30022BEF0344014BEF047380FD2030A5F9E09
:108503005400347C7E12898B8009D2097CBF7C7E27
:1085130012A04074AA12BE5F0285C8BED0B478030D
:108523000285C8BED0BD78030285C8BED0D2680319
:108533000285C890080E0BEA209008100BEA30BDA4
:108543003278030285DB7D132E1400057A31827A9B
:108553002183E0900DC5F09008100B341BEA30BE68
:1085630034080040086D339008101BEA309008105F
:108573000BEA30BD3268617D132E1400057A318217
:108583007A21839008100B341BEA30BE3408004074
:10859300086D339008101BEA309008100BEA30BDC9
:1085A3003268357D232E2400057A51827A418390E7
:1085B30008100B341BEA30BE34080040086D3390BA
:1085C30008101BEA3090080E0BEA209008100BEA03
:1085D30030BD326803028164DA3B22CAD8CA797C8F
:1085E300577C4B54F024F078030286E024F07803A0
:1085F3000288E124F0780302896B2430680302893E
:10860300867CB4540FBEB00A40030289867EA00361
:10861300A49086187302863602864102864C02862F
:108623005702866C0286800286940286A80286BC64
:108633000286CE7CB5540F900A77F00289867CB50A
:10864300540F900A78F00289867CB5541F900A79FA
:10865300F00289867CB5C423541F900A7AF07CB556
:108663005407900A7BF00289867CB5C4540F900AA4
:108673007CF07CB5540F900A7DF00289867CB5C4EA
:10868300540F900A7EF07CB5540F900A7FF0028954
:10869300867CB5C4540F900A80F07CB5540F900AC1
:1086A30081F00289867CB5C4540F900A82F07CB5B0
:1086B300540F900A83F00289860A357E240006123D
:1086C300B8887CB5900A84F00289860A357E240036
:1086D3000612B8887CB5900A85F00289867CE45E30
:1086E300E00FBEE01040030289867CD5BED018504F
:1086F300037ED018BED07F28037ED07F9ED0187E05
:108703007002AC7D2E34974D7E2400FF0B1A3090FF
:108713000DC71BEA307CBE129E5E7402ACBE7CFBAE
:108723007E7012AC7B2E34082F7A71827A6183E0DB
:1087330060130A1B6D00900DC70BEA306D2212B84F
:10874300BA7D238008900DC70BEA201E247E701289
:10875300AC7F2E3408337A71827A61831BEA206DF1
:10876300447412ACBF2E5408317AB1827AA1831BB0
:10877300EA407E50017E7012AC7F2E3408357A7148
:10878300827A61837AEB507E50FA7E7012AC7F2E30
:108793003408367A71827A61837AEB506C557E7035
:1087A30012AC7F2E3408387A71827A61837AEB5067
:1087B3007E7012AC7F2E3408287A71827A61837AB4
:1087C300EB507412ACBF2E5408297AB1827AA1837C
:1087D3007EEB507E7012AC7F2E3408377A71827A2A
:1087E30061837AEB507402ACBE0B547CFB7412AC05
:1087F300BF2E54082F7AB1827AA183E060110A1B3D
:108803006D00900DC70BEA306D2212B8BA80089044
:108813000DC70BEA301E347412ACBF2E5408337AE2
:10882300B1827AA1831BEA307E7012AC7F2E3408AA
:10883300317A71827A61831BEA407E50017E701225
:10884300AC7F2E3408357A71827A61837AEB507E5D
:1088530050FA7E7012AC7F2E3408367A71827A61B8
:10886300837AEB506C557E7012AC7F2E3408387AC5
:1088730071827A61837AEB507E7012AC7F2E34085A
:10888300287A71827A61837AEB507E7012AC7F2EE4
:108893003408297A71827A61837EEB507E7012AC40
:1088A3007F2E3408377A71827A61837AEB500A3EDD
:1088B3007D232E2408167A51827A41837EEB307E03
:1088C3005024AC5E2E2408407A51827A41837AEB9D
:1088D300300A5D2E5400182E340A6702897F7CE427
:1088E3005EE00FBEE01040030289860A3E2E340A82
:1088F300677A71827A6183E070030289867402ACBD
:10890300BE7E10047E5012AC5B7D122E1408357AA5
:1089130031827A21837AEB107D122E14082D7A315D
:10892300827A2183E02E2408377A51827A4183F0B8
:108933007E5002AC5E0B247CF57E5012AC5F7D1240
:108943002E1408357A31827A21837AEB107D122E28
:1089530014082D7A31827A2183E02E2408377A5144
:10896300827A4183F0E480147CE45EE00FBEE01081
:1089730050117CB5541F0A3E2E3408167A71827A40
:108983006183F0DA79DAD822CA3B7C577CABBEA08C
:10899300032803028AD97C3ABE500E4003028D2974
:1089A3007E9021AC937D542E540C837AB1827AA1AC
:1089B300837AEB506D337D242E240C857A51827A91
:1089C30041831BEA30E47D242E240C877A51827A7A
:1089D3004183F07D242E240C917A51827A4183F0D5
:1089E3007D542E540C947AB1827AA1831BEA307D94
:1089F300242E240C967A51827A41831BEA307D54CB
:108A03002E540C987AB1827AA1831BEA30900C7DA4
:108A1300E07D342E340C9C7A71827A6183F0900C61
:108A23007EE07D342E340C9D7A71827A6183F090DE
:108A33000C7FE07D342E340C9E7A71827A6183F050
:108A4300900C80E07D342E340C9F7A71827A61839E
:108A5300F0900C81E07D242E240CA07A51827A417F
:108A630083F074037D242E240C9A7A51827A4183F5
:108A7300F074FA7D242E240C9B7A51827A4183F080
:108A8300741F7D242E240CA17A51827A4183F07ABB
:108A930071827A61837EEB207E7021AC732E340C5D
:108AA300A27A71827A61837AEB207E20017E702123
:108AB300AC732E340C827A71827A61837AEB207ED6
:108AC3003400017CB360053E341478FB900C7CE0E9
:108AD3004CB7F0028D29BEA0044071BEA007386CCC
:108AE3000A1A1B167E7021AC732E340C9A7A71828B
:108AF3007A6183E0602674047A71827A6183F07EFE
:108B03007021AC732E340CA07A71827A61837EEB70
:108B1300207E7021AC732E340CA2804E6C227E70AA
:108B230021AC732E340C827A71827A61837AEB20C2
:108B33007E3400017CB360053E341478FB7C276EE1
:108B430020FF900C7CE05CB2F0028D29BEA00840AF
:108B530025BEA00B38200A1A9E1400087C255E202F
:108B63001F7E7021AC732E340C847A71827A6183F8
:108B73007AEB20028D29BEA00C5003028C3CBEA0D0
:108B83000F2803028C3C0A1A9E14000C7E9021AC21
:108B9300937D542E540C837AB1827AA1837EEB4069
:108BA3007408ACB42E543E8A2E5400067AB1827AED
:108BB300A183E4931A3B1A559D53BEB00048370A6C
:108BC3007B7E64000C8D767CEF0A3B7E24000C12C6
:108BD300B8887E7002AC752E34333F7E2400FF0BC1
:108BE3001A007CBF7D3060051E341478FB7D542E43
:108BF300540C92028C8E64FF040A7B7E64000C8DFD
:108C0300767CEF0A3B7E24000C12B8887E7002AC9F
:108C1300752E341F1F7E2400FF0B1A007CBF7D209E
:108C230060053E241478FB7D342E340C927A7182D5
:108C33007A61831BEA20028D29BEA0104026BEA0C4
:108C43001338210A1A9E1400107421ACB32E540C4D
:108C5300927AB1827AA1830BEA406C887C656C7747
:108C63004D348027BEA014402EBEA01738290A1AFF
:108C73009E1400147421ACB32E540C927AB1827AF0
:108C8300A1830BEA406C990A354D347AB1827AA1FB
:108C9300831BEA30028D29BEA018782F7CB5C454FB
:108CA3000F0A3B2E34332F7A71827A6183E49390D7
:108CB3000C7DF07CB5540F0A3B2E34332F7A71822E
:108CC3007A6183E493900C7EF0805BBEA019783BBD
:108CD3007CB5C4540F900C7FF0B40F03E480109064
:108CE3000C7F7EEB907402AC9B7E54001F9D5490CE
:108CF3000C7FF07CB5540F0A3B2E34332F7A7182EC
:108D03007A6183E493900C80F0801BBEA01A7816DE
:108D13007CB5540F0A3B2E34332F7A71827A6183E8
:108D2300E493900C81F0DA3B22CAD8CAE8900D6D27
:108D3300693E00020BEA202E240CAE2E18C07E7969
:108D43003E00021BEA20900D6D693E00020BEA20F3
:108D53007C34900D6D6C44793E00021BEA20BE30DA
:108D6300003803028E790A536D44900D4C693E001E
:108D7300020BEA202F12793E00021BEA20900D50CD
:108D83000BEA00BE04000028757DD06DCC900D4C1D
:108D9300693E00020BEA20BF164063900D4AE07063
:108DA30006900D55E014F0900D557EEB20A5BAFF0B
:108DB30034900D4BE06016900D59E06007900D6CF8
:108DC300E0640FF07401900D4AF0E48014900D59A3
:108DD300E0600C7CB230E407900D6CE0640FF0743B
:108DE3000F900D55F00AE3BD0E4007900D4C9F16F2
:108DF30080059F11900D4C793E00021BEA20900DD7
:108E030077E02CB3F0900D787EEBA0BEA00028662F
:108E1300900D777EEB20BC2A405C900D5AE06401F4
:108E2300F0900D5AE0603C900D68693E00020BEA39
:108E3300207D035E0400016810900D686E50026E81
:108E43006040793E00021BEA20900D68693E0002F3
:108E53000BEA201E341E2450034E6080793E00022C
:108E63001BEA20BCA3400A900D777CB29CBAF08029
:108E730005E4900D77F0900D68695E00027CAB5EAF
:108E8300A001BE30002851900D52E07C4B6C5590F0
:108E93000D56E00AFB4DF20AE3900D710BEA202D0B
:108EA3002E1BEA20BEF40000282E900D710BEA2041
:108EB300BD2F4024900D5CE0700474018001E490A8
:108EC3000D5CF00AE3BDFE4007900D719D2F8005F8
:108ED3006D22900D711BEA206D446D22900D65E0AB
:108EE3007006900D5CE0603F900D62E070044CAA48
:108EF3006835900D5F7EEB207CE25EE00F7CB23044
:108F0300E40C900D6CE0900D557EEBE06CEB0A3EAB
:108F13006D222E2400FF2E18DE7A7E1BD00A2D3EF2
:108F2300243E243E243E247D321E341E341E341E31
:108F3300349E340008BE30002856900D53E00AEBEF
:108F43007C0B6C117DE0900D57E00AFB4DFE0A038C
:108F5300900D730BEAE02DE01BEAE0BEF40000285D
:108F63002F900D730BEAE0BDEF4025900D5DE0708F
:108F73000474018001E4900D5DF00A03BDF0400A22
:108F8300900D739DEF1BEAE08006900D731BEA4082
:108F93007D24900D66E07006900D5DE0603F900DBE
:108FA30063E070044CAA6835900D607EEB207CE290
:108FB3005EE00F7CB230E40C900D6CE0900D557EBA
:108FC300EBE06CEB0ADE6DCC2EC400FF2E68DE7A7C
:108FD3007E6BD00A2D3E243E243E243E247DE21E99
:108FE300E41EE41EE41EE49EE400082D3EBE3000B1
:108FF3002856900D54E00AEB7C0B6C117DE0900D2C
:1090030058E00AFB4DFE0A03900D750BEAE02DE0D4
:109013001BEAE0BEF40000282F900D750BEAE0BDBB
:10902300EF4025900D5EE0700474018001E4900D23
:109033005EF00A13BDF1400A900D759DEF1BEAE047
:109043008006900D751BEA407D24900D67E0700645
:10905300900D5EE0603F900D64E070044CAA6835AB
:10906300900D617EEBA07CEA5EE00F7CBA30E40CED
:10907300900D6CE0900D557EEBE06CEB0A1E6D00DD
:109083002E0400FF2E08DE7A7E0BD00A2D3E243EEE
:10909300243E243E241E241E241E241E249E24001B
:1090A300082D32DAE8DAD822CA797C9B7EF022AC2A
:1090B300F97D272E240BC57A51827A4183E070050E
:1090C3006D330293567D372E340BAF7A71827A61FA
:1090D300830BEA307D535E54000168117D072E0433
:1090E3000BB77A11827A01837EEB10806D7D572E48
:1090F300540BC67AB1827AA183E060267D131E14D5
:109103007D512E5445527AB1827AA183E4937EF045
:1091130022ACF92E740BB77AF1827AE1837AEBB041
:1091230080257D131E147DF16DEE2EE400FF2E7855
:10913300BE6A7E7B807E1022AC192E040BB77A1197
:10914300827A01837AEB807E1022AC192E040BB74E
:109153007A11827A0183E0C47C1B5E100F7422AC07
:10916300B92E540BAF0B347AB1827AA1831BEA3048
:109173007E7022AC792E340BC67A71827A6183E0D9
:1091830070030292277E7022AC792E340BB57A716C
:10919300827A61830BEAF07E7022AC792E340BAFB6
:1091A3007A71827A61830BEA30BD3F28777E702221
:1091B300AC792E340BB37A71827A61830BEAF07E39
:1091C3007022AC792E340BAF7A71827A61831BEAF9
:1091D300F07E7022AC792E340BD07A71827A61835F
:1091E3007EEB707402AC7B7DF32EF474017EE4009D
:1091F300FF0B7AF07422ACB92E540BB87AB1827A91
:10920300A1831BEAF07DF32EF474397EE400FF0B97
:109213007AF07E7022AC792E340BBA7A71827A613D
:10922300831BEAF07E7022AC792E340BB17A718203
:109233007A61830BEAF07E7022AC792E340BAF7A1D
:1092430071827A61830BEA30BD3F4026E47A518212
:109253007A4183F07E3400017CB960053E34147892
:10926300FB7C076E00FF900BA8E05CB0F06D33024F
:1092730093567E7022AC792E340BBA7A71827A615E
:10928300830BEAF00AD12DDF3ED42ED43F227EC4D5
:1092930000FF0B6AE07422AC9B2E440BB87A9182D8
:1092A3007A81830BEA202D2E7A91827A81831BEABD
:1092B300207A91827A81830BEA205E400F7A918231
:1092C3007A81831BEA207A91827A81830BEA207D5B
:1092D300525E54080068107D524EA0F07A91827A53
:1092E30081831BEA50800C5E400F7A91827A8183DE
:1092F3001BEA207C015E00077402ACB07DD52ED43E
:1093030074297EC400FF0B6A202D2F7A71827A6143
:10931300831BEA207A71827A61830BEA20BE2400E0
:1093230000580B6D227A71827A61831BEA207A716D
:10933300827A61830BEA20BE240300080D7E540366
:10934300007A71827A61831BEA507A91827A8183EF
:109353000BEA30DA7922CA3B900826E004F0900841
:1093630026E0540FF06D776CDD7402ACBD7CCB7ED0
:109373005012AC5B7D322E3408337A71827A61836A
:109383000BEA104D1178030295AE2E2408317A5161
:10939300827A41830BEA30900DCD1BEA30900DCFDA
:1093A3001BEA10900DCD2D311BEA30900DCD0BEA49
:1093B300307A51827A41831BEA300A36900DC77A9C
:1093C300EB707E5012AC5C2E2408287A51827A41CD
:1093D30083E0900DCCF0900DC72CB7F0900DC7E053
:1093E300543FF07E7012AC7C2E3408307A71827A4E
:1093F3006183E0900DCBF00A2B3E243E243E243EB5
:10940300243E243E24900DC7E00A3B4D322E349572
:10941300CD7A71827A6183E493900DC6F090082629
:10942300E0BCBD78057CBC12B07A7E7012AC7C7D4A
:10943300232E2408387A51827A4183E0900DC8F0B4
:109443007D232E24082E7A51827A41837EEBA090CD
:109453000DC97AEBA00A1B0B14900DC6E01A0BADD5
:10946300100A0A0B04AD101A520E540E54900DC577
:10947300F07D232E2408277A51827A4183E0900DD0
:10948300CAF0BEB0002822900DCAE0900DC57EEB55
:10949300A060050EA01478FB7D232E2408287A51A2
:1094A300827A41837AEBA0800CE42E3408287A7107
:1094B300827A6183F07E7002AC7D0B347CC77E7050
:1094C30012AC7C7D232E2408317A51827A41830B9E
:1094D300EA10900DCD1BEA102E3408337A71827A8C
:1094E30061830BEA30900DCF1BEA30900DCD2D3107
:1094F3001BEA30900DCD0BEA307A51827A41831BFF
:10950300EA30900DC77AEB60900DC5E0900DC72C43
:10951300B6F0900DC7E0543FF07E7012AC7C2E3451
:1095230008307A71827A6183E0900DCBF00A2B3E8A
:10953300243E243E243E243E243E24900DC7E00ACC
:109543003B4D322E3495CD7A71827A6183E49390C8
:109553000DC6F0900826E0BCBD78057CBC12B07A3D
:109563007E7012AC7C7D232E2408387A51827A4196
:1095730083E0900DC8F02E34082E7A71827A6183CD
:109583007EEBA0900DC97AEBA00A3B0B34900DC67D
:10959300E01A2BAD320A2A0B24AD321A360E340EE2
:1095A30034900DC57AEB701A372D730BD0BED010E3
:1095B300500302936C7D37DA3B220001020304055A
:1095C300070A0D141D2B405680FF000103050709F0
:1095D3000B0D0F11131517191B1D1F1E1C1A18161F
:1095E3001412100E0C0A0806040200FEFCFAF8F628
:1095F300F4F2F0EEECEAE8E6E4E2E1E2E4E6E8EADB
:10960300ECEEF0F2F4F6F8FAFCFE000306080B0E9B
:10961300111314141414141414141414141414140B
:1096230014141413110E0B08060300FDFAF8F5F2D7
:10963300EFEDECECECECECECECECECECECECECEC63
:10964300ECECECEDEFF2F5F8FAFDEBEBEBEBEBEB1F
:10965300EBEBEBEBEBEBEBEBEBEBEBEBEBEBEBEB57
:10966300EBEBEBEBEBEBEBEBEBEB1515151515154B
:109673001515151515151515151515151515151597
:1096830015151515151515151515000306090C0FD8
:10969300111416181A1C1D1E1F1F1F1F1F1E1D1C11
:1096A3001A181614110F0C09060300FDFAF7F4F14A
:1096B300EFECEAE8E6E4E3E2E1E1E1E1E1E2E3E45D
:1096C300E6E8EAECEFF1F4F7FAFD00000102030427
:1096D30005060708090A0B0C0D0E0F1011121314BF
:1096E30015161718191A1B1C1D1EE1E2E3E4E5E623
:1096F300E7E8E9EAEBECEDEEEFF0F1F2F3F4F5F67F
:10970300F7F8F9FAFBFCFDFEFF00000306080B0E59
:1097130011131517191B1C1D1E1E1F1E1E1D1C1B9E
:1097230019171513110E0B080603000306080B0E79
:1097330011131517191B1C1D1E1E1F1E1E1D1C1B7E
:1097430019171513110E0B080603001E0020002223
:10975300002400260029002B002E003000330036A1
:109763000039003D004000440048004D00510056C0
:10977300005B00600066006C007300790081008864
:109783000091009900A200AC00B600C100CC00D942
:1097930000E500F3010101110121013201440158E7
:1097A300016C0182019901B101CB01E6020302219F
:1097B30002420264028902AF02D803030331036247
:1097C300039503CC04060443048404C90511055F0F
:1097D30005B00607066306C4072B0798080C08861E
:1097E300090809910A230ABD0B610C0E0CC50D88EB
:1097F3000E560F301017110C121013221446157A3F
:1098030016C130383315361F39573CC0405D4430DC
:10981300483E4C8A511755EA0000CA3B6D77900CBD
:109823007BE004F0900C7BE05403F06CDD7E702150
:10983300AC7D7D232E240C827A51827A4183E070A1
:1098430003029A482E340C9A7A71827A6183E0601B
:109853000B900C7BE070057CBD12B1B97E7021AC1E
:109863007D7D232E240C927A51827A41830BEA1058
:109873002E340C947A71827A61830BEA202D217A3B
:1098830071827A61831BEA207A71827A61830BEA9F
:1098930030BE34010050030299270A56900DC5F0DB
:1098A3007E5021AC5D2E240C946C667A51827A41F1
:1098B300831BEA307E5021AC5D7D322E340C987AC6
:1098C30071827A61830BEA107D322E340C967A71A1
:1098D300827A61831BEA107D322E340C837A718283
:1098E3007A6183E07D322E340C857A71827A6183CA
:1098F3000BEA302E240C877A51827A41837EEB5017
:1099030012B5BB7D237E7021AC7D2E340C987A7109
:10991300827A61831BEA207CBD12B7EA900DC5E011
:1099230014F078907E9021AC9D7D542E540C947A43
:10993300B1827AA1830BEA50900DC81BEA50BE5442
:10994300000008507D542E540C927AB1827AA18380
:109953000BEA50BE540100503B7D542E540C967AB2
:10996300B1827AA1830BEAF07D542E540C987AB11C
:10997300827AA1830BEA309D3F1A261A24900DC8E0
:109983000BEA101A021A0012B8BA7C767C657D5372
:109993002D5F800F7D542E540C987AB1827AA18367
:1099A3000BEA50900DC61BEA507D542E540C847A5A
:1099B300B1827AA1837EEBC07D542E540C9A7AB186
:1099C300827AA183E0604A900DC60BEA500E540ED2
:1099D300540E540E540E541BEA50900DC60BEA302D
:1099E3001A261A240A1C6D0012B8BA7D142E140C00
:1099F300A17A31827A2183E00A1B6D0012B8BA740E
:109A03000A1E340E2450034E60801478F42D7380A4
:109A130034900DC60BEA300E340E340E340E340E71
:109A2300341BEA30900DC60BEA301A261A240A1C9E
:109A33006D0012B8BA74051E340E2450034E6080B4
:109A43001478F42D730BD0BED00450030298307DEC
:109A530037DA3B22CA3B6D77900BA7E004F0900BFB
:109A6300A7E05403F06CDD7E7022AC7D7D232E24B1
:109A73000BC57A51827A4183E07003029C512E34E4
:109A83000BC77A71827A6183E0600B900BA7E07059
:109A9300057CBD12A2117E7022AC7D7D232E240B8A
:109AA300BD7A51827A41830BEA102E340BBF7A714F
:109AB300827A61830BEA202D217A71827A61831B7A
:109AC300EA207A71827A61830BEA30BE3401004066
:109AD3005C0A56900DC5F07E5022AC5D2E240BBF60
:109AE3006C667A51827A41831BEA307E7022AC7DA8
:109AF3007D232E240BC37A51827A41830BEA202ED5
:109B0300340BC17A71827A61831BEA207CBD129087
:109B1300AB7D237E7022AC7D2E340BC37A71827AA7
:109B230061831BEA20900DC5E014F078BE7E90227D
:109B3300AC9D7D542E540BBF7AB1827AA1830BEA7C
:109B430050900DC81BEA50BE54000008507D542E9F
:109B5300540BBD7AB1827AA1830BEA50BE54010043
:109B6300503B7D542E540BC17AB1827AA1830BEA08
:109B7300F07D542E540BC37AB1827AA1830BEA3061
:109B83009D3F1A261A24900DC80BEA101A021A00D8
:109B930012B8BA7C767C657D532D5F800F7D542E81
:109BA300540BC37AB1827AA1830BEA50900DC61B82
:109BB300EA507D542E540BBC7AB1827AA1837EEB9A
:109BC300C07D542E540BC77AB1827AA183E0604AD8
:109BD300900DC60BEA500E540E540E540E540E54F0
:109BE3001BEA50900DC60BEA301A261A240A1C6D84
:109BF3000012B8BA7D142E140BCE7A31827A2183E7
:109C0300E00A1B6D0012B8BA740A1E340E24500306
:109C13004E60801478F42D738034900DC60BEA30B7
:109C23000E340E340E340E340E341BEA30900DC64F
:109C33000BEA301A261A240A1C6D0012B8BA7405EE
:109C43001E340E2450034E60801478F42D730BD011
:109C5300BED0065003029A6A7D37DA3B22CA3B9094
:109C63000DB3693E00020BEA202E240CAE2E18C061
:109C7300B9793E00021BEA20900DB3693E00020B46
:109C8300EA207CA4900DB36C44793E00021BEA20C9
:109C93006D33BEA0003803029E570A1A900DB70B0E
:109CA300EA202D211BEA20900DAB0BEA40BE4400B5
:109CB300002819900DB70BEA20BD24400F900DBF6B
:109CC300E06401F0900DB79D241BEA20900DBFE0E6
:109CD3006008900D9D0BEA20800A900D9D0BEA30E1
:109CE3006D229D237D320A0A900DB90BEA102D10C7
:109CF3001BEA10900DAD0BEA00BE0400002819907A
:109D03000DB90BEA10BD10400F900DC0E06401F0D7
:109D1300900DB99D101BEA10900DC0E0600A900DE4
:109D23009F0BEA107D21800C900D9F0BEA206E247F
:109D3300FFFF0B242D320A0A900DBB0BEA102D10E6
:109D43001BEA10900DAF0BEA00BE04000028199027
:109D53000DBB0BEA10BD10400F900DC1E06401F084
:109D6300900DBB9D101BEA10900DC1E0600A900D91
:109D7300A10BEA107D21800C900DA10BEA206E242B
:109D8300FFFF0B242D320A0A900DBD0BEA102D1094
:109D93001BEA10900DB10BEA00BE04000038030269
:109DA3009E39900DBD0BEA10BD105003029E3990F1
:109DB3000D950BEA505E540004681F900D99695E7F
:109DC3000002900DC30BEA405D54680ABD54680657
:109DD30074017CFB800E6CFF800A900D99697E00F4
:109DE300025EF001900D99695E00020BEA401E5479
:109DF3001E4450034EA080795E00021BEA404CFFD4
:109E0300681F900DA669FE00020BEAE0900D9969A8
:109E13005E00020BEA404D5F4D4E795E00021BEA85
:109E230040900D99695E00025401900DC2F0900DAF
:109E3300BD9D101BEA10900DC2E0600A900DA30BAC
:109E4300EA107D21800C900DA30BEA206E24FFFF06
:109E53000B242D320E340E34DA3B227C3B7402ACDD
:109E6300B3900A777EEB707E9012AC9B7D042E0438
:109E7300082F7A11827A01837AEB70900A79E07D58
:109E8300042E04082E7A11827A0183F0900A7BE073
:109E93007D042E0408277A11827A0183F0900A7CCC
:109EA300E0540F0A0B2E0495BD7A11827A0183E4E4
:109EB300937D042E0408297A11827A0183F0900A93
:109EC3007DE0540F0A0B2E0495BD7A11827A01832B
:109ED300E4937D042E04082A7A11827A0183F09098
:109EE3000A807EEB70A5BF0F03E4800A7402AC7B8B
:109EF3007E54001F9D537D342E34082B7A71827A51
:109F03006183F0900A81E0540F0A5B2E5495BD7A69
:109F1300B1827AA183E4937D342E34082C7A718242
:109F23007A6183F07D342E34082D7A71827A6183CD
:109F3300F0900A84E00A3B7E0400067D2012B88874
:109F43007CB57D342E3408307A71827A6183F07463
:109F530002AC3B0B14900A787EEB707E9012AC93AC
:109F63007D142E14082F7A31827A21837AEB709034
:109F73000A7AE07D142E14082E7A31827A2183F036
:109F8300E47D142E1408277A31827A2183F0900A13
:109F93007EE0540F0A1B2E1495BD7A31827A2183F9
:109FA300E4937D142E1408297A31827A2183F09068
:109FB3000A7FE0540F0A1B2E1495BD7A31827A2151
:109FC30083E4937D142E14082A7A31827A2183F054
:109FD300900A827EEB30A5BB0F03E4800A7402ACC7
:109FE3003B7E54001F9D517D142E14082B7A318221
:109FF3007A2183F0900A83E0540F0A1B2E1495BD37
:10A003007A31827A2183E4937D142E14082C7A31D9
:10A01300827A2183F07D142E14082D7A31827A21DD
:10A0230083F0900A85E00A3B7D2012B8887CB57DD9
:10A03300342E3408307A71827A6183F022CA3B7CF1
:10A04300477C5BBE5004400302A0FA7CF57C64BEEF
:10A05300601850037E6018BE607F28037E607F9E79
:10A0630060187E7002AC672E3474677E2400FF0B89
:10A073001A607CBF12BB0C7E700FAC7F7D232E2435
:10A083000D0E7A51827A41831BEA606D117D232E76
:10A09300240D0C7A51827A41831BEA1074017D23CB
:10A0A3002E240D117A51827A4183F074FA7D232E86
:10A0B300240D127A51827A4183F0E47D232E240DFC
:10A0C300187A51827A4183F07D232E240D137A511D
:10A0D300827A4183E02E340D1A7A71827A6183F099
:10A0E3007E3400017CBF60053E341478FB900D493B
:10A0F300E04CB7F002A20EBE500850490A751B7619
:10A103007E700FAC7F7D132E140D0E7A31827A216F
:10A11300830BEA104D11780302A20E74047D232EE3
:10A12300240D117A51827A4183F07D232E240D1759
:10A133007A51827A4183E02E340D1A7A71827A61E0
:10A1430083F002A20EBE500C50200A759E740008C4
:10A153007C545E501F7E700FAC7F2E340D107A71CD
:10A16300827A61837AEB5002A20EA5BD102F7CB4D4
:10A17300C4540F0A3B2E3475377A71827A6183E4B3
:10A1830093900D06F07CB4540F0A3B2E3475377A46
:10A1930071827A6183E493900D07F0806EA5BD11FF
:10A1A3003B7CB4C4540F900D08F0B40F03E480104B
:10A1B300900D087EEB907402AC9B7E54001F9D545F
:10A1C300900D08F07CB4540F0A3B2E3475377A7126
:10A1D300827A6183E493900D09F0802FA5BD121854
:10A1E3007CB4540F0A3B2E3475377A71827A6183BB
:10A1F300E493900D0AF08013A5BD130F0A347E2457
:10A20300000E12B8887CB5900D0BF0DA3B227C3B34
:10A213007E9022AC9B7D342E340BC87A71827A6196
:10A22300837EEB202E440BCF7A91827A81837EEB5F
:10A2330050BC25400E0A250A529D527A71827A61DA
:10A2430083F02274FA7A71827A6183F07E1022ACF1
:10A25300132E040BCE7A11827A01837EEB207E705B
:10A2630022AC732E340BC77A71827A6183E01BB1FF
:10A27300684414780302A30014780302A35424034C
:10A28300680302A3AB0B20BE201F402074027A7127
:10A29300827A6183F07E5022AC532E240BCA7A510A
:10A2A300827A4183E07A91827A8183F07A11827A89
:10A2B30001837AEB2022BE200028021B207A118220
:10A2C3007A01837AEB207E5022AC532E240BCB7A77
:10A2D30051827A4183E0BC2B680302A3AB74037AF7
:10A2E30071827A6183F07422ACB32E540BCC7AB1B1
:10A2F300827AA183E07A91827A8183F022BE200060
:10A3030028021B207A11827A01837AEB20A5BA00F6
:10A3130002800302A3AB6D227E7022AC732E340B3A
:10A32300BD7A71827A61831BEA206C227E7022AC33
:10A33300732E340BC57A71827A61837AEB207E3473
:10A3430000017CB37D1360053E141478FB7CB3805D
:10A353004BBE200028021B207A11827A01837AEBFC
:10A3630020A5BA00436D227E7022AC732E340BBD40
:10A373007A71827A61831BEA206C227E7022AC732D
:10A383002E340BC57A71827A61837AEB207E340096
:10A39300017CB360053E341478FB7CB77CAB6EA0C4
:10A3A300FF900BA8E05CBAF0227401900A77F0905A
:10A3B3000A78F0E4900A79F0741F900A7AF0E49036
:10A3C3000A7BF0740F900A7CF07409900A7DF07494
:10A3D3000F900A7EF07409900A7FF0900A80F0745F
:10A3E30005900A81F07409900A82F07405900A833B
:10A3F300F0E4900A84F07403900A85F06C776C663D
:10A403007E5012AC577D122E1408307A31827A2195
:10A41300837AEB609095CCE4937D122E1408297A0D
:10A4230031827A2183F09095C6E4937D122E14082D
:10A433002A7A31827A2183F0740D7D122E14082B2F
:10A443007A31827A2183F09095BFE4937D122E14A2
:10A45300082C7A31827A2183F09095C2E4937D129D
:10A463002E14082D7A31827A2183F074017D122E05
:10A4730014082F7A31827A2183F0E47D122E140896
:10A48300277A31827A2183F07D122E1408287A31BB
:10A49300827A2183F06D007D122E1408317A318285
:10A4A3007A21831BEA007D122E1408337A31827AD3
:10A4B30021831BEA007D122E1408357A31827A211A
:10A4C30083F07D122E1408367A31827A2183F07D4F
:10A4D300122E1408377A31827A2183F02E24083819
:10A4E3007A51827A4183F00B70A5BF200280030268
:10A4F300A4016C776C667E5024AC577D122E140831
:10A503002E7A31827A21837AEB60741F2E240840DD
:10A513007A51827A4183F0E40A272E240A677A511A
:10A52300827A4183F0741F0A272E2408167A5182F7
:10A533007A4183F00B70BE701040B9E4900826F0A6
:10A54300227E340003900AA67EEB207CB230E05FCB
:10A55300900A8A0BEA00900A860BEA202D201BEA58
:10A5630020900A860BEA201E241E241E241E241E6D
:10A57300241E241E247C355E30FC900A8CE06C3B48
:10A583000A232E240AA77A51827A4183E00A2B9068
:10A593000A8DE01A4B2D427D245E24008068067EDE
:10A5A30044003F80045E44003F7D342E3400037C2E
:10A5B300B230E15B900A920BEA00900A8E0BEA201C
:10A5C3002D201BEA20900A8E0BEA201E241E241E37
:10A5D300241E241E241E241E247C355E30FC900A77
:10A5E30094E06C3B0A232E240AA77A51827A418392
:10A5F300E00A2B900A95E01A4B2D427D245E24003D
:10A603008068067E44003F80045E44003F2D347C16
:10A61300B230E25B900A9A0BEA00900A960BEA20AA
:10A623002D201BEA20900A960BEA201E241E241ECE
:10A63300241E241E241E241E247C355E30FC900A16
:10A643009CE06C3B0A232E240AA77A51827A418329
:10A65300E00A2B900A9DE01A4B2D427D245E2400D4
:10A663008068067E44003F80045E44003F2D347CB6
:10A67300B230E359900AA20BEA10900A9E0BEA202B
:10A683002D211BEA20900A9E0BEA101E141E141E95
:10A69300141E141E141E141E145E30FC900AA4E033
:10A6A3006C3B0A232E240AA77A51827A4183E00A5B
:10A6B3002B900AA5E01A4B2D427D245E240080686E
:10A6C300067E44003F80045E44003F2D349E3400E8
:10A6D30083227C377C2BBE200F280302A85B0A321F
:10A6E3006D222E2400FF2E18DE6A7E1B705C370A53
:10A6F300327D232E240D797A51827A41837AEB308D
:10A703007CB7BEB00E400302A85B7EA003A490A753
:10A71300157302A73F02A73F02A73F02A73F02A765
:10A723003F02A73F02A77D02A78602A7F902A7F966
:10A7330002A7F902A80702A80702A81E7C521E500E
:10A743007E3002AC357D012E040D797A11827A01B7
:10A7530083E00A052E040D567A11827A0183F02EC6
:10A76300140D7A7A31827A2183E0540F0A252E243C
:10A773000D527A51827A4183F0227CB3541F900D9B
:10A7830078F0227CB354010A2B4D226804740180B3
:10A7930001E4900D65F07CB354020A2B4D2268044A
:10A7A30074018001E4900D66F07CB354040A2B4DD0
:10A7B30022680474018001E4900D67F07CB35408AF
:10A7C3000A2B4D22680474018001E4900D62F07C31
:10A7D300B354100A2B4D22680474018001E4900DD8
:10A7E30063F07CB354200A2B4D226804740180016A
:10A7F300E4900D64F0222E340D577A71827A6183CE
:10A803007AEB3022900D85E07C4B6C55900D84E003
:10A813000A3B2D32900D501BEA30227CB3C42354E3
:10A8230001900D5BF07C231E201E205E2001900D05
:10A833006C7AEB207CB31EB05401900D59F07CB3BD
:10A843005401900D4BF0E4900D4AF04C226803E460
:10A853008002740F900D55F022CA3B7CE77CFBBE4F
:10A86300F004504B7CDF7E7008AC7D2E340A887A6E
:10A8730071827A61830BEA105E30807CBE547F0A5A
:10A883002B4D217A71827A61831BEA207A71827A55
:10A8930061830BEA304D33780302A9C67E3400018D
:10A8A3007CBD700302A9453E341478FB02A945BE62
:10A8B300F008400302A94E0A6F1B667E7008AC7D48
:10A8C3002E340A887A71827A61830BEA105E14004F
:10A8D3007F7CBE547F0A2B3E243E243E243E243EEE
:10A8E300243E243E244D217A71827A61831BEA201F
:10A8F3007A71827A61830BEAF07E34002CAD3F7E5D
:10A9030014006512B8CB7D237E7008AC7D2E340A0B
:10A913008A7A71827A61831BEA204DFF780302A948
:10A92300C66D227E7008AC7D2E340A867A71827AD7
:10A9330061831BEA207E3400017CBD60053E341434
:10A9430078FB900AA6E04CB7F08078BEF00C500B71
:10A953007E7008AC7F2E340A4C805FBEF010500B23
:10A963007E7008AC7F2E340A2D804FBEF014504405
:10A973000A6F9E6400106D227E7008AC7D7D132EDD
:10A98300140A887A31827A21831BEA202E340A8AB8
:10A993007A71827A61831BEA207E3400017CBD6078
:10A9A300053E341478FB7CA76EA0FF900AA6E05CFA
:10A9B300BAF0800F0A3F2E340AA77A71827A618334
:10A9C3007AEBE0DA3B22740E900BAAF07409900B39
:10A9D300ABF0740D900BACF07403900BADF07407F7
:10A9E300900BAEF06C776D447E5022AC577D522EA7
:10A9F300540BAF7AB1827AA1831BEA407D522E5465
:10AA03000BB17AB1827AA1831BEA407D522E540B9B
:10AA1300B37AB1827AA1831BEA407D522E540BB5DF
:10AA23007AB1827AA1831BEA40E47D122E140BB71C
:10AA33007A31827A2183F06D007D122E140BB87A5D
:10AA430031827A21831BEA007D122E140BBA7A31EC
:10AA5300827A21831BEA00741F7D122E140BBC7AA9
:10AA630031827A2183F07402ACB77DF52EF4744FF2
:10AA73007EE400FF0B7A507D122E140BBD7A3182D7
:10AA83007A21831BEA507D122E140BBF7A31827A0E
:10AA930021831BEA407D122E140BC17A31827A2165
:10AAA300831BEA007D122E140BC37A31827A218331
:10AAB3001BEA00E47D122E140BC57A31827A2183BE
:10AAC300F07D122E140BC67A31827A2183F07D1227
:10AAD3002E140BC77A31827A2183F07D122E140B48
:10AAE300C87A31827A2183F07D122E140BCE7A310B
:10AAF300827A2183F07D122E140BCF7A31827A2150
:10AB030083F02E240BD07A51827A4183F00B70BEEE
:10AB13007006500302A9E9E4900BA8F0900BA7F08C
:10AB230074FF900BA9F022CA7BCA6BCA5BCA4BCADB
:10AB330079CA2BCA1BCA0BC0D0C083C08230061986
:10AB4300900000E004F0BEB002400EE4900000F07C
:10AB530012A5449000031BEA3030091012B2F3909F
:10AB630008051BEA3012BDA37002C2096D773005D8
:10AB730012128D2C7E240003AD327E24000212B803
:10AB8300887D73300712129C607E240003AD327EF1
:10AB930024000412B8882D733004121293597E24B2
:10ABA3000003AD327E24000212B8882D73300615DF
:10ABB3009000030BEA207E340003AD327E240002B2
:10ABC30012B8882D733009159008050BEA207E34DE
:10ABD3000003AD327E24000212B8882D73300119B0
:10ABE300129A577E240003AD327E24000212B888E5
:10ABF3002D7312BDD67002C20130031912981D7E47
:10AC0300240003AD327E24000212B8882D7312BED5
:10AC1300057002C203BE74007F08047E74007FBE09
:10AC230074FF8058047E74FF800A1F2E1400807EF8
:10AC330034FED67E24007E7A1B309000010BEA306E
:10AC43000B341BEA3090080B0BEA300B341BEA3051
:10AC5300BE34012640146D3390080B1BEA30128179
:10AC63005F30020312BD3C12B735D082D083D0D0FF
:10AC7300DA0BDA1BDA2BDA79DA4BDA5BDA6BDA7BAB
:10AC8300327C3B7E900FAC937D342E340D127A715F
:10AC9300827A61837EEB202E440D1A7A91827A8127
:10ACA300837EEB50BC25400E0A250A529D527A71D1
:10ACB300827A6183F02274FA7A71827A6183F07EF8
:10ACC300100FAC132E040D187A11827A01837EEBD8
:10ACD300207E700FAC732E340D117A71827A6183EA
:10ACE300E01BB1684414780302AD7314780302AD1A
:10ACF3009B2403680302ADDC0B20BE201F4020749D
:10AD0300027A71827A6183F07E500FAC532E240D48
:10AD1300147A51827A4183E07A91827A8183F07A3C
:10AD230011827A01837AEB2022BE200028021B20A5
:10AD33007A11827A01837AEB207E500FAC532E2452
:10AD43000D157A51827A4183E0BC2B680302ADDC96
:10AD530074037A71827A6183F0740FACB32E540D4D
:10AD6300167AB1827AA183E07A91827A8183F02282
:10AD7300BE200028021B207A11827A01837AEB20FD
:10AD8300A5BA00556D44740FAC3B2E140D0E7A31E9
:10AD9300827A21831BEA4022BE200028021B207AEC
:10ADA30011827A01837AEB20A5BA002D6D227E7081
:10ADB3000FAC732E340D0E7A71827A61831BEA20F5
:10ADC3007E3400017CB360053E341478FB7CA76EAF
:10ADD300A0FF900D49E05CBAF022740E900C7DF058
:10ADE3007409900C7EF0740D900C7FF07403900C3A
:10ADF30080F07407900C81F06C776C667E5021AC08
:10AE0300577D122E140C827A31827A21837AEB6079
:10AE1300E47D122E140C837A31827A2183F0741824
:10AE23007D122E140C847A31827A2183F06D007D99
:10AE3300122E140C857A31827A21831BEA00E47D79
:10AE4300122E140C877A31827A2183F07D122E140C
:10AE53000C917A31827A2183F07D122E140C927A2E
:10AE630031827A21831BEA007D122E140C947A31ED
:10AE7300827A21831BEA007D122E140C967A31828A
:10AE83007A21831BEA007D122E140C987A31827A80
:10AE930021831BEA007D122E140C9A7A31827A21C7
:10AEA30083F07D122E140C9B7A31827A2183F07DFC
:10AEB300122E140CA17A31827A2183F07D122E1482
:10AEC3000CA27A31827A2183F0900C7DE07D122EE0
:10AED300140C9C7A31827A2183F0900C7EE07D12EF
:10AEE3002E140C9D7A31827A2183F0900C7FE07DC1
:10AEF300122E140C9E7A31827A2183F0900C80E01A
:10AF03007D122E140C9F7A31827A2183F0900C816A
:10AF1300E02E240CA07A51827A4183F00B70BE702C
:10AF230004500302ADFDE4900C7CF0900C7BF02206
:10AF33007C3B30E72C7CB3C47C2B5E2007900DA5B3
:10AF43007AEB207E7002AC722E340D897A71827A8C
:10AF530061830BEA205E2403F07CB3540F0A0B8059
:10AF63002A900DA57EEB207E7002AC722E340D89E3
:10AF73007A71827A61830BEA205E24000F7CB354DA
:10AF83003F0A0B3E043E043E043E044D027A7182A6
:10AF93007A61831BEA007C621E607CB2BEB008400B
:10AFA3000302B0797EA003A490AFAF7302AFC702D0
:10AFB300B01B02AFC702B01B02AFC702B01B02B087
:10AFC3004102B01B7E1002AC122E040D897A11824D
:10AFD3007A01830BEA404D44680280047E440400F6
:10AFE3007E1002AC162E040DAB7A11827A01831BFC
:10AFF300EA40A5BA0402800302B079900D950BEAEA
:10B00300005E040003BE040003786B900DAF0BEAEF
:10B0130030900DB11BEA30227CB3540F0A5B6D44B0
:10B023002E4400FF2E28DEC67E2B700A277E700278
:10B03300AC672E340D9D7A71827A61838035900DD1
:10B04300950BEA505403B40308900DAF0BEA30801C
:10B053000B7E34001060053E341478FB900DB11B59
:10B06300EA30900DA6693E00020BEA20900D997913
:10B073003E00021BEA20227C3B7E9012AC9B7D3477
:10B083002E3408367A71827A61837EEB202E44084F
:10B09300377A91827A81837EEB50BC25400E0A2554
:10B0A3000A529D527A71827A6183F02274FA7A711C
:10B0B300827A6183F07E1012AC132E0408387A1161
:10B0C300827A01837EEB207E7012AC732E340835B6
:10B0D3007A71827A6183E01BB1684414780302B108
:10B0E3006814780302B1902403680302B1B80B20FB
:10B0F300BE201F402074027A71827A6183F07E50F1
:10B1030012AC532E24082A7A51827A4183E07A9131
:10B11300827A8183F07A11827A01837AEB2022BECC
:10B12300200028021B207A11827A01837AEB207E89
:10B133005012AC532E24082B7A51827A41837EEB32
:10B1430050BC25787074037A71827A6183F074122B
:10B15300ACB32E54082C7AB1827AA183E07A91821F
:10B163007A8183F022BE200028021B207A11827A82
:10B1730001837AEB20A5BA003C6D447412AC3B2EDC
:10B183001408337A31827A21831BEA4022BE2000DD
:10B1930028021B207A11827A01837AEB20A5BA0058
:10B1A300146D227E7012AC732E3408337A71827A56
:10B1B30061831BEA20227C3B7E9021AC937D342E5D
:10B1C300340C9B7A71827A61837EEB202E440CA22D
:10B1D3007A91827A81837EEB50BC25400E0A250A40
:10B1E300529D527A71827A6183F02274FA7A718263
:10B1F3007A6183F07E1021AC132E040CA17A1182A4
:10B203007A01837EEB207E7021AC732E340C9A7A04
:10B2130071827A6183E01BB1683C1BB1687C2403B3
:10B22300680302B2F20B20BE201F402074027A7121
:10B23300827A6183F07E5021AC532E240C9D7A5187
:10B24300827A4183E07A91827A8183F07A11827AD9
:10B2530001837AEB2022BE200028021B207A118270
:10B263007A01837AEB207E5021AC532E240C9E7AF4
:10B2730051827A4183E0BC2B787574037A71827AA8
:10B283006183F07421ACB32E540C9F7AB1827AA1FE
:10B2930083E07A91827A8183F022BE200028021B08
:10B2A300207A11827A01837AEB20A5BA00416D22BC
:10B2B3007E7021AC732E340C927A71827A61831B77
:10B2C300EA206C227E7021AC732E340C827A718258
:10B2D3007A61837AEB207E3400017CB360053E34CF
:10B2E3001478FB7CA76EA0FF900C7CE05CBAF02284
:10B2F300CA3B900D48E004F0900D48E05403F06D14
:10B30300776CDD7E500FAC5D7D322E340D0E7A717D
:10B31300827A61830BEA104D11780302B3FC2E2469
:10B323000D0C7A51827A41830BEA30900DCB1BEAE4
:10B3330030900DCD1BEA10900DCB2D311BEA3090D0
:10B343000DCB0BEA307A51827A41831BEA301E34EB
:10B353001E341E341E341E345E707F900DC57AEB8E
:10B36300707E500FAC5D2E240D197A51827A418381
:10B37300E0900DC7F00A2B3E243E243E243E243E9B
:10B38300243E243E247C644C752E3475477A7182A6
:10B393007A6183E493900DC8F0900D48E0BCBD78CA
:10B3A300057CBD12AC847E700FAC7D7D232E240DF5
:10B3B300187A51827A41837EEBA0900DC67AEBA076
:10B3C3002E340D107A71827A61837EEBC00A3A0BB8
:10B3D30034900DC8E01A2BAD320A2C0B24AD3290F9
:10B3E3000DC91BEA30900DC91A360E340E341BEA10
:10B3F30030900DC90BEA302D730BD0BED00450032F
:10B4030002B3067D37DA3B227EF456787EE41234AB
:10B413006C997E1497A97E04035D7F1712B8BA2E28
:10B42300241B302E1864A12F717D3F5E34003F7CB6
:10B43300877E7004AC797D232E240AA77A51827A01
:10B4430041837AEB80BE902050067402ACB9800B26
:10B453007E5002AC597E54007F9D527D232E240AD8
:10B46300A87A51827A4183F0BE902050046D5580B2
:10B47300047E54003F7D232E240AA97A51827A4107
:10B4830083F02E340AAA7A71827A61837AEB900B65
:10B4930090BE9040680302B4156C996D117E7008DC
:10B4A300AC797D232E240A867A51827A41831BEA62
:10B4B300107D232E240A887A51827A41831BEA1055
:10B4C300E47D232E240A8C7A51827A4183F02E3430
:10B4D3000A8D7A71827A6183F00B90BE900440BB2F
:10B4E300E4900AA6F0227E140D797E0400017E34D6
:10B4F3000010E412BE347E140D717E0400017E340C
:10B503000006E412BE347E140D567E0400017E3420
:10B513000003E412BE347E140D527E0400017E3417
:10B523000003E412BE347E140D5C7E0400017E34FD
:10B533000003E412BE347E140D657E0400017E34E4
:10B543000003E412BE347E140D627E0400017E34D7
:10B553000003E412BE347E140D5F7E0400017E34CA
:10B563000003E412BE346D33900D501BEA309F117B
:10B57300900D4C793E00021BEA20E4900D55F090AB
:10B583000D6CF0900D5BF0900D59F0900D4BF09019
:10B593000D4AF07E080001900D68791E00021BEA37
:10B5A30000900D5AF0900D77F0900D78F0900D6D9E
:10B5B300793E00021BEA20227CA57D437C7B7E141E
:10B5C3000009AD147408AC7B2E343E8A7E2400FF40
:10B5D3000B1A402D417A91827A8183E493C4540FEC
:10B5E3007C5BBE500F28037E500F0A352E343E6A13
:10B5F3007A71827A6183E4937C4B0A352E343E7AE6
:10B603007A71827A6183E4937C5B7C6A1E601E603C
:10B613007C3A5E30037E7002AC672D347D030B04ED
:10B623007A11827A0183E4937CAB0B357A71827A47
:10B633006183E4937C0A6C110A3B4D300A433E4418
:10B643003E447E54000C9D5460053E341478FB7CCC
:10B65300B460050E341478FB7CB560053E34147871
:10B66300FB3E34BE347FFF08047E347FFFBE34804C
:10B673000058047E34800022907545E493900D06B3
:10B68300F0907540E493900D07F0740D900D08F061
:10B6930090753AE493900D09F090753EE493900D04
:10B6A3000AF07404900D0BF06C776D007E500FACB4
:10B6B300577D122E140D0C7A31827A21831BEA00F6
:10B6C3007D122E140D0E7A31827A21831BEA0074C7
:10B6D3001F7D122E140D107A31827A2183F0E47DBE
:10B6E300122E140D117A31827A2183F07D122E14D9
:10B6F3000D127A31827A2183F07D122E140D187A7D
:10B7030031827A2183F074017D122E140D197A315E
:10B71300827A2183F0E42E240D1A7A51827A4183AE
:10B72300F00B70BE70044082E4900D49F0900D4818
:10B73300F022CAF8900807E004F0300819900808CE
:10B743000BEA300B341BEA309008080BEA30BE34A6
:10B7530000B44002C2086CFF30040512BC277CFB16
:10B763003006051200034CFB30090712BDA3540F2A
:10B773004CFB30010B12BDD67C7B3E703E704CF708
:10B7830030050912BBD4C40354F84CFB300708122C
:10B79300BD70C454F04CFB4CFF68127CBF64FFF5D2
:10B7A30080D2086D339008081BEA308037200834B4
:10B7B30090080D7EEBA07AA18090080AE060117CCE
:10B7C300BA0390080DF090080DE0B4FE17E4801062
:10B7D3007CBA2390080DF090080DE0B47F06740145
:10B7E30090080AF0DAF8227CAB7E9021AC9B7D3482
:10B7F3002E340C837A71827A61837EEB707408AC89
:10B803007B2E343E8A7D242E240C857A51827A4104
:10B81300830BEA202E440C877A91827A8183E00499
:10B823007A91827A8183F07E9021AC9A2E440C87A0
:10B833007A91827A8183E0BEB0104048E47A9182A3
:10B843007A8183F00B247D130B157E0400FF0B0A12
:10B8530010BD2140090B367E2400FF0B1A207E7099
:10B8630021AC7A2E340C857A71827A61831BEA20AB
:10B873006C557E7021AC7A2E340C917A71827A6188
:10B88300837AEB5022C2D57CB430E708B2D56E245C
:10B89300FFFF0B247CB630E712B2D56E34FFFF0BEB
:10B8A300348D326E24FFFF0B2480028D3230D50697
:10B8B3006E34FFFF0B34227D51AD037D027D21AD3C
:10B8C300052D12AD352D21226D0074104D00780B1E
:10B8D3004D2278278D317D126D22227D437D326D7D
:10B8E300222F112D445002A50FBF1040049F100BAF
:10B8F300901478ED7F016D227D34227D417D138D7F
:10B90300247D022F004004BD0440049D040B141445
:10B9130078F17D237D317D106D0022CAF8E47E34F9
:10B92300FEB17E24007E7A1BB07E14FECC7E040022
:10B933007E7A0BB06CFF7E54FECD7E44007E7A2B64
:10B94300F07EF0687E54FEC87A2BF074057A0BB053
:10B95300E47E14FED27A0BB074FF7E14FED37A0B0E
:10B96300B0E47E14FED57A0BB074807E14FED67AD2
:10B973000BB0E47E14FED07A0BB07E14FED17A0BAA
:10B98300B07E14FEB27E0BB054FC44017A0BB0744B
:10B99300017A1BB074807E34FEDD7A1BB074017EA5
:10B9A30034FEC07A1BB0DAF8226C776D447E500205
:10B9B300AC572E240D897A51827A41831BEA400BBE
:10B9C30070A5BF08E6E4900DA5F06C776D007E507E
:10B9D30002AC577D122E140D9D7A31827A21831B7E
:10B9E300EA006D117D022E040DAB7A11827A018378
:10B9F3001BEA102E240DB77A51827A41831BEA1079
:10BA0300E40A272E240DBF7A51827A4183F00B700A
:10BA1300BE700440B79F11900DB3793E00021BEA3C
:10BA230020740102BB7A6D339008121BEA30D202F4
:10BA3300D205E47E70B112A6D574017E700112A600
:10BA4300D574027E708912A6D574037E700212A685
:10BA5300D574047E70CB12A6D574057E700312A62E
:10BA6300D574076C7712A6D5740B7E709112A6D588
:10BA7300740C7E700C12A6D5740D7E700412A6D5BC
:10BA830074087E701012A6D574097E701012A6D5A4
:10BA9300740A7E701002A6D575E900A9D7BA75EAB3
:10BAA300007594007593007592007591007596006A
:10BAB30075950075B20075B10075B40075B3007566
:10BAC300CA0075C90075CC0075CB0075E20075E13D
:10BAD300007580FF12B91E12BD0112B4E912B9AC90
:10BAE30012A3AC12B40B12B67B12A9C912ADDD12AC
:10BAF300BA29E4900807F012BE4ED2AF7E14DE9A44
:10BB03007E0400FF12000E80FE900D067EEB307E59
:10BB1300700FAC7B7D232E240D137A51827A4183DF
:10BB23007AEB30900D07E07D232E240D147A518299
:10BB33007A4183F0900D08E07D232E240D157A5170
:10BB4300827A4183F0900D09E07D232E240D167A2D
:10BB530051827A4183F0900D0AE07D232E240D1744
:10BB63007A51827A4183F0900D0BE02E340D197ACD
:10BB730071827A6183F0227C7B1B71681C0B717864
:10BB83000C740F900DAAF07E34000380167410908D
:10BB93000DAAF07E340009800A7411900DAAF07E7C
:10BBA30034000C900DC31BEA30900DAAE00A5B1B16
:10BBB300547E18000160052F111478FB900DA679AF
:10BBC3003E00021BEA20900D99793E00021BEA20F9
:10BBD300226CAA6C770A272E240D5F7A51827A4150
:10BBE30083E0600F7E4400017CB760053E44147817
:10BBF300FB4CA90B70A5BF03DC900D80E030E5037F
:10BC03004EA0086C770A272E240D5F7A51827A4161
:10BC130083E030E4054EA01080070B70BE70034034
:10BC2300E47CBA226C776C667E5024AC562E2408D2
:10BC3300457A51827A41830BEA204D226827BE6000
:10BC43000850117E2400017CB660053E241478FB65
:10BC53004C7580117CB654077E24000160053E2498
:10BC63001478FB4C750B60BE601040BC7CB722CAD5
:10BC7300B8CA1BC083C08230982DC298E59990083A
:10BC83000E0BEA307D232E2400057A51827A4183FC
:10BC9300F090080E0B341BEA30BE34080040086DE8
:10BCA3003390080E1BEA30309904C299C200D08247
:10BCB300D083DA1BDAB8327584017E44041FE47A38
:10BCC30049B01B4478F97EF800217E0400FF7E14FE
:10BCD300DEB20B0A405D446822295000020A25693E
:10BCE3003000032E0800050B44800A7E0BB07A1B3C
:10BCF300B00B1C0B0C1B4478F280D702BA9BC28E8C
:10BD0300538EFE438E405389BF5389CF758DFF7584
:10BD13008BAEC2AB538FFDD28EE598543F4440F5B2
:10BD230098D2ACD29C53A23FC2006D339008101B33
:10BD3300EA3090080E1BEA30223002309008120BD2
:10BD4300EA300B341BEA309008120BEA30BE3401A0
:10BD53002C4019C202C20574086C7712A6D5740967
:10BD63006C7712A6D5740A6C7702A6D5226C776C11
:10BD7300667E5002AC562E240D9D7A51827A418301
:10BD83000BEA204D22680F7E2400017CB660053E3D
:10BD9300241478FB4C750B60BE600440D47CB7223E
:10BDA3006C776C667E500FAC562E240D0E7A518242
:10BDB3007A41830BEA204D22680F7E2400017CB672
:10BDC30060053E241478FB4C750B60BE600440D4C0
:10BDD3007CB7226C776C667E5022AC562E240BC542
:10BDE3007A51827A4183E0600F7E2400017CB66041
:10BDF300053E241478FB4C750B60BE600640D87C6E
:10BE0300B7226C776C667E5021AC562E240C827A56
:10BE130051827A4183E0600F7E2400017CB6600585
:10BE23003E241478FB4C750B60BE600440D87CB78D
:10BE330022CAF87DF37CFB7F207F1080071BF47AF6
:10BE43002BF00B544DFF78F5DAF822438E8053899B
:10BE5300F0758CF7758A96D2A9D28C227C7B200050
:10BE6300FD7A7199D200228808080008804771ACD6
:10BE73009223A042D924319A9933804299972B86F1
:10BE83002AD83488AA79B53BC8028FA43AD840D8B7
:10BE9300010A920A900880A918D920A89BC449A92D
:10BEA300089039E030D8318000903599228371D0E1
:10BEB300240A8348A2212329C3629925108A1629BB
:10BEC300A2489021081000338B851080893BE0182D
:10BED300AAA992BF99DA008DB938FAA11AC908BA8A
:10BEE3000ACCA808BD808CB808B9AA8918FA31E928
:10BEF3000209A22B12B25892114802223293748A79
:10BF03002710A0210119A450B9148C9130CBA8217A
:10BF1300CCAA80BBFA8ABBA8BEBA18DE9109B9893C
:10BF2300AAA99BB00AECA228CAA841AA229B046032
:10BF3300A14209027208132123412541011333341D
:10BF430042003542082440A845090120011112216D
:10BF5300902618A2318002230A2628A23410024315
:10BF63002035202442014323136220252212333338
:10BF73002442225212223232202132109220900087
:10BF830010A9088B900BB999AC999BBB9ABCAABC1E
:10BF9300AB9BCC99ACBC9A9CAABABBBAAAAAABBBC2
:10BFA3008A9BA9AA99A90AA98099AA009989889024
:10BFB3008990089800898008889088088808819962
:10BFC30008889909018A9008A88080A999999A8973
:10BFD30099999A9A99AA8AAAAA9A9AA9ABA999AB62
:10BFE300A9899A99998A9988098909008088000002
:10BFF3000020011121112122212222223222223367
:10C003002232322332131213321120080808088017
:10C0130080800AEA148CAAB801DF45E973AE82383E
:10C02300B8220A902232EF834999A0238ACA1023A7
:10C033002FD0119909A945AD13AD031AA011991376
:10C043000AB03320CB06209822812DA73AB228309C
:10C05300EA439C8430BD9111000BA840BC920AA016
:10C063000998AF80A8018BC029D0331CF81410A9FC
:10C07300002228111A2729A25211AD030913AE0277
:10C083003BE81109A988C159A9A80051DC831A0307
:10C093009C00AC162AA8002080020C9420C050A259
:10C0A3001880802300FA629A0110BC15091A81AB2B
:10C0B3008360BA9D843AD90029C22BD9250B90A15C
:10C0C30060BA1108349C923802890034910F854874
:10C0D300CA2288089042BFA43CB159908A0132AE6B
:10C0E300A0339A8B060A818B0529A90023CB25AAA5
:10C0F30033BB48F843AB880031A909138D031AE910
:10C10300264AB8813009BD35AA31BC031899B93420
:10C113001BDB943932E9CB540A808A82339F0000B7
:10C12300001A818C369A041CF032AA038C00810910
:10C1330020B818FA70B020099B9450B924BB0509A4
:10C1430081080BA171B912892AF0330FA0328BB089
:10C153001114ACA25AD141BA00122BF020911999B3
:10C163000429D82008A22C12CA131819D88B972097
:10C1730009CB0351AC8328AA9132AA070F922880D6
:10C183009BB649C82199129CB270BB2509809912AC
:10C193000808889038B46AC23AD150A9008129BAF4
:10C1A3001233FA32EA1230CCA370AB120899011899
:10C1B3008898129C370F8128A831C9220A920B1143
:10C1C300083AF9360CA1319A9A248B369E8218804C
:10C1D3000B823B921B0BA72AB842AA900B379B11E9
:10C1E300D92349E81109930A9953AB1398319BCB8F
:10C1F300671CC238A8001919B148CA231ABA851A8C
:10C20300920D9172AD00822AA22CA150B0040EA30C
:10C2130020BC250B902098A278E020888800980104
:10C22300120CF2209B040B00209B9259B24AC08847
:10C2330050BA21089B972B908B1719C011109EA4FD
:10C2430040BA1288811D8419B010018E851BA13953
:10C25300C050AA12889D04109DA2609AA042A8090A
:10C26300A23BA52BD041A909A261BB1109030BD99C
:10C273002358E1000F7B732FFC419893A4A0281F40
:10C283003A09010008AA33E280911A1B0C01320912
:10C2930004F101A00C3BA861198901D699801B4ABE
:10C2A300109192A1B3A62D0A3A30C1C3810D2B215F
:10C2B300A203A19B4F4A1900A2A21D289002C225E6
:10C2C300E109A39A5A081A32D01D059092B11C3A7B
:10C2D3004A10C2E1839009A97B30A011C29A14B21B
:10C2E30008A39FA79018092B02A49A090C509188C0
:10C2F3009390B5C13D2A1923E188100B930A397C29
:10C3030020F100888102C188190A0F821803B01A2C
:10C31300283D20F11B380B209996D2080292A81CC5
:10C323005D20C4B2B11C590088011908B199129C4F
:10C333007A103AB2C490A3917C082B290904F2A382
:10C34300A11B5901A988C83082011B123F2D012A64
:10C35300A03C14B4C0A890790390A3D11A0900910A
:10C36300A31D20A817B30B1B3E3018BB70A00CA74E
:10C373008088091886A0991800A5B3800A1D490072
:10C383000912F2A0B300006C2992A391AA7980A0AC
:10C39300021A2F0082B7B38A1A3A04E100089801FF
:10C3A300A18F5A1810A3D10A3B3A82F2800A4B3A62
:10C3B300C5A010092C12A1810E2A12C1B5984B48B1
:10C3C300A0B5B13D2A20A2D399690A01B4A18A4A32
:10C3D30010A5A0802D18B6920B0B5901B2A0001A1C
:10C3E300490287C0900A3188C0984C41C4A1A11E5C
:10C3F3003A1091B20A7A0092C39A5B219802E0192B
:10C40300029900194C0800A7B0010A6B10A292B35D
:10C413001F18928003AF3A93A2B41E4A00A3A4BA92
:10C423007B2092C1A22C2982B7888A3B1829E20873
:10C433001900A295A00E3A2891D5901A3B92A4B068
:10C443002F3B4992B3902C3918D4A0091913C1B0CA
:10C453000F7A109292A19B5A8181D2A04A19019717
:10C46300C10A101995C289091838E399101D30D3F0
:10C47300900A4C39A2C4902B2C1290A29A493A8369
:10C48300B4C28D812906B01C292B84D4091C1180C8
:10C4930094D1A84A3B10B4080C3C02C49820891AD2
:10C4A300C3805A0990E7A188082C21A181A18A1091
:10C4B300A70B800A2000A110AC783A10C09D312947
:10C4C3000AF3A91C790093D3892A088090AC7A28AF
:10C4D30001C3981B2930B7C088380A03F110983B71
:10C4E30081A59A932D5A0A0012B94B20B791993F0F
:10C4F3002901A3892E2B2283F008081902A08C3D61
:10C503001014B3D880103BA20998807A01D282D24A
:10C513003C2B01A1B59B690000A39C3993B1C7A132
:10C523001C28A203F1093A02B0F288291A089301E0
:10C53300A2C50C3AC480801F1180091B1003F39914
:10C54300803D3B03A298E83011B894D139D38B12C4
:10C553000F1095A180A85981A088920C291950A584
:10C56300B281BB4AA70A91109030BC1B5921D5C395
:10C57300A01C3B38B3A4901B2288D81802D9289456
:10C583002C28390BD5B1986B10A113B49F2A000145
:10C59300C6B30B192A02B0AB549082D83C3B290195
:10C5A300F3982A1A30A4F110090981B191907B21E3
:10C5B300AB34D101A9A4A4880C8858B4A11A5A1C7D
:10C5C30030C3B01A495B9499911912B4A3BB0B7988
:10C5D30010A30A8B482B24F01C390A43E4C08008BB
:10C5E30030B289A39C38970B91907A03B882C04AE2
:10C5F30092B201AB7901C0B7902B198A40A33C01D9
:10C60300C960B11B30BE03A409191C38B7A1A11B13
:10C613002A20D590B04B2009B7901B1000C49A294B
:10C623004D11B390000F28A5A3A29A3E2983C1926E
:10C6330009200990E11A2009C7A0081A6B02D291B8
:10C643000B7A10A191902B4C0180921B49B2A3B19C
:10C653002F39A48192CC4C391003F299292B3BB783
:10C66300A2918A6909080A2918A7A28A3D1923C138
:10C6730090903E12B4A0C39B59280981D28A41A944
:10C683004A0901A7A900912E491A80B5821C0910F5
:10C69300B3C31A8A2A07902A0980C6080C2B20C321
:10C6A300D3094D1802C4A18A2B12092BA20E24D13F
:10C6B30000901A3A51E190802C2A01B5900A3A0170
:10C6C300B5C4A94D200A03E11B308902F02A0000FA
:10C6D30000D38802B01AB7A8101B5C01A3C5993A0E
:10C6E3001B22C5B0188A4A01900E100023F1890954
:10C6F3004A31E109901A23E2A1A13A3C2A01A2108E
:10C70300E01A0110D13C098183591A1F10D309A5DE
:10C713009A59900192AB481019F29182B10C20B151
:10C7230049C5A0019949A31F959000B12D292A203D
:10C73300C2B183801A05C920933F019C23B299D3C8
:10C743009A791081B1A1997900992A0202E0A30B89
:10C753006B1811B380A13F10B4A912D05B0028A1BC
:10C76300B30119CB14D129969B04C10A3030B0F11F
:10C7730011A93F11A110D58A09001003BC10B44AB6
:10C78300929A08E23A21A98C951A11A002BA7A3832
:10C79300B3F3A03B1B0A41D11004B0C094090808AD
:10C7A300819A6A009A95B3186B883001F1B1101021
:10C7B3009F20D28195B818021E03A900B03B53F104
:10C7C30080A4991B212A94B9A386B9323E3BC02188
:10C7D300B3A82D1001A2241E2C801809C28109912F
:10C7E3005A59A49081C9031E208882F0208B4928BE
:10C7F300BA37C29A390959A3A20C081120D01AB525
:10C803009813D820D20983801F281B3C83C3A3A07D
:10C813002E3B0221F108801B9089588091A62C0C95
:10C82300218299E0409891908399B700002E9083DC
:10C83300B3B13E280B1106A1C80119090BB49A55CF
:10C84300A93A49A10B97091B958980C084A31B6B47
:10C853003C20B391910F0911008190C1104B058BBE
:10C8630011E29B238C3D110A51C180811F00838CEF
:10C87300882C50A29082C02998400B90A145C8A251
:10C883003A491CA398A021C021911F07880D0010CD
:10C8930096B10A0A3B104191C0B2870C1A282A02AA
:10C8A300F02B811001A480F289380F1893A0001A8D
:10C8B3002A2195ABA51B10D021A00BA782898A1032
:10C8C3000192E8312D0B2013BAF320A85DA32A01AE
:10C8D300D11B489912B2002F0039B83BC482F10032
:10C8E3000A70B10991000C183B0A94B600888118AC
:10C8F300B1BD830849FA7891900112CA5A000881A0
:10C90300C1881020C00B38B27881CB581A8211CC61
:10C913003B411BC6B22C801A14A810B3B32F8B78DB
:10C92300009890390A01B284C201B5A93F0110A051
:10C93300E1816B00089291002BA019E93380C1D3E8
:10C94300002D3A2B94B5A01B19180A55B2BE110835
:10C9530021D2901B5B11A9801A3060B88C4B48928E
:10C96300A4C29A5A181B92839BB73D20C000939A86
:10C9730059810BC400191BA9270B3C1192C1C42C6C
:10C983004A90969080B81930A389230E99629A0D24
:10C993000093A002980C71A39BA6AA284919E180D1
:10C9A3001A300810B14D10F209911B40A8A0133B97
:10C9B300193CB428E2991809C3270C92918A104CA8
:10C9C30031D0828D110A23AA04F191080B1180B191
:10C9D30001702F810189A96A01A829A17AA4901263
:10C9E300C959819088E11A389118939A214B00F81C
:10C9F300A8510B4AD3A0100B58B6A1902A3C82B47D
:10CA0300B59B3B2000C5A83A008003B80B909794D0
:10CA1300B82D038D3A84B180905A0997980B4889B1
:10CA230011F4909A302A00A0920C61B29B209E21AF
:10CA330084C088933C001C02C07A080883E108295B
:10CA430099010581B0CA28248B039E4BB519180F91
:10CA53001193A0819901B4A13B02F995092B828816
:10CA6300B68A509A4A9289932D02C00008A22000E8
:10CA7300923FA21C8291A7A80D031C17B108981A14
:10CA83002101B1F83900000BC42C24A00BA59A3264
:10CA9300E118D209110E3AB401910C3A08C3A690D9
:10CAA3000B108185C00B159902B16D000182C0097D
:10CAB3001B498181D2800A2814B0B38B6B9935B896
:10CAC300B233E812011CB110B3F188105C2909924A
:10CAD30094A8709A0B13C4A0001C100190B83E03D5
:10CAE3000C72D089280910099B1054B1E3993A0BB1
:10CAF3005090C002084D1008A4B1B108139895AA2C
:10CB03001CA51006B080AA2920E78A290080A5D198
:10CB1300190929A690918A398922B280AA60C399FA
:10CB2300A3AC780900A399395902F8803C4C0181E0
:10CB3300A49A6989009202D11D82A031C209090019
:10CB4300220F90930893B6B09A054B94D18009397C
:10CB530088A1910C6198A0B52B110B28E01B24B080
:10CB630003919B59A84D129C05B20C028122F82116
:10CB7300A80F110A29810C28822892A9C0944B92EC
:10CB8300F924B03D12B083886C8000A48A4B00B8AE
:10CB930007B40A098A588298088D119259B10C3347
:10CBA300B1A8E3902B5A00A2A0305C29B5A8092EA6
:10CBB3003984B186B85A8019A2984B108A06D119C4
:10CBC300280910F18029198AB788802C49B293006B
:10CBD3000C3E28B48089081912B4C83F21A000A2D2
:10CBE30092B68A298B8701B09098200A47B889109A
:10CBF3002C22F109083A4B029893F948A292911F0B
:10CC03000001A103AB6B090202E1080810D2889965
:10CC1300186B17A881903C8902A5981A2A9389C793
:10CC23001B2A81C591A00A49000929909037B88031
:10CC3300B83D2A6810D2A1800A3BC42C22A01A0452
:10CC4300F810093C9104A1A949920997900B01ABF3
:10CC530043D108085C119180C5A929B33183EA182F
:10CC630083C0825C080820B79A20B2289E9310984C
:10CC730090384D800200B82E3A03B00BAD61B1106D
:10CC8300008E810309881A1C0391D09009321092F7
:10CC93009B3B940904BF38921BAAA429130A409909
:10CCA300C0048C02F020819C23AA4BA34912C080AC
:10CCB30008A810A12F200A39C139A10849C11A2097
:10CCC3004D11D81080A813079B880229C925A10BF1
:10CCD30006992BC0104090AA015A01A85908910443
:10CCE300F18D208082A108894913F080880B39D205
:10CCF3001A201A7089B1930A2D0921B42B29A9236B
:10CD0300D2A25C980833B089283C92B10D203B0134
:10CD1300B0029008108A9210010BAA2A030B082074
:10CD23002B00D50909195992E8092011B001802C6B
:10CD33003002CC803A4C2A800001288090900A2946
:10CD43001A10B319019B29B61800AD10811902906E
:10CD53002D00181A98182908800C2A138B13A16B1D
:10CD630081B2891A001992893C589188A2210F80B7
:10CD730081198B2081AB43A06990901A189C38834A
:10CD8300A9680A8A01293A74F2C810C870A7B5D4F1
:10CD93007EA02A192C3C2091A3B4D38A3B4D3A2B75
:10CDA30020A10A5F5D6FB4391092B2893F46F90042
:10CDB300893A94B1082C5C464C127EB281B4C20904
:10CDC3001A2A0180C59910903C1829903F4B3D28A1
:10CDD3008000A192C5A193B3F4C12CEB29000909EA
:10CDE3003E5610092B11C391B200A013D00A23F2AF
:10CDF300A10A3928D4A85E3A19192B2A3B04B20F89
:10CE030065EA01A29191A3C3A03F3B28901A4A006F
:10CE13009180B6B3C4B4A81910A4D2091A109B7B8D
:10CE230020A3D4B2881A2A0828D7C46F90080910FF
:10CE33008882D20A4B2A181A11D3B6C11902F3A158
:10CE4300919290901A291A02F4A0094B10A2A3F50B
:10CE5300B4C3B2880910900801B1800B7A02C28072
:10CE63008800A20B3B14F6C3992A18808082C4B3AE
:10CE7300E3A02B3A2A008A6C1192C5B2A2A10080CA
:10CE83008902D3D39B7A2A2B2808009938E5B3B3B8
:10CE9300A192A10090A5E38B5B4B109100B3B4C5A5
:10CEA300B2901C5B280A4B2892A0893B028B34F278
:10CEB300918088095D1091B590091A20A20D4C5BF1
:10CEC30021E28092C398001A0094E3A01A28B4A325
:10CED300A1A13E192A4F4A01B3A109081B6C3C20AA
:10CEE3000993D4B28901A4B3C6B4B29098298192AC
:10CEF30098910090D07736170280CFD9892818A748
:10CF0300903083891298010993793D11BD9A90B8A5
:10CF130003B1232A200BAD4912153401401C280B01
:10CF230012108B80FCB0CD09881A01980000B9D487
:10CF3300095239611111110093A8A00C3F90BC99BB
:10CF4300CA9CA99AC10A9318136231443337040067
:10CF53001119000C89909CAAECABCBAA98882040AD
:10CF630012319783123452323331110BA8B9FAAB11
:10CF7300CBCAAD99CA8CA88A003224361201180094
:10CF8300337324232210ACCADA9B0A002008AEAA0A
:10CF9300EAAAA00123151109999AA0245451134018
:10CFA30001088AB9A084244235009AEBDBABAAA01E
:10CFB3000001019CBDBCA8824454333431201000CD
:10CFC300001110008CE8CDABBDCABABA9980002419
:10CFD300012100163373442323200099A9B98BAA96
:10CFE300DACCACBDABCABAAA9801233414223244BA
:10CFF300225225323423110B9D99CAB9A00018007F
:10D00300CADBCCBBCB9902241211009CAD9B181137
:10D013001435434324102012024434422210ACCD71
:10D02300CBDBBBAA99989AABCBBD8901153443538B
:10D03300343323331128000999ABCBFBBEBBDAABE6
:10D04300ABB98801112211123626233343333342FD
:10D05300031819ABCCBCBCBAAB9889ABCCCBCA9A7E
:10D063000022443210A8BAAAA89000332422332104
:10D0730032121113223433522110A9EBBCCAABAACA
:10D08300ABADBBDBCBA8A88022452352424324246B
:10D093002110110808998ABCCBFBBDAABABAAA9879
:10D0A3000900808012345335333432122121200990
:10D0B30089ABAABABBBA9A9AAAB9988800000000A9
:10D0C3000A8A9AAAAA999A08000000009322353383
:10D0D300433343242132211009ABBBBCDABBCCBCA4
:10D0E300ABCBABB9A9911243534335232434333328
:10D0F300232020999A9CACCCBCCBBCABAAAAA999FF
:10D103009888111243435224123211311112208094
:10D11300999A99998080088A999998080010108A99
:10D12300AABBBABBA99999899A9000024343522397
:10D133004233234334222288ABBEABCBBBBBCBBC35
:10D14300BCCAAABA89001223344434334900880084
:10D15300808080808080000FFC7790707A030009C4
:10D163000316998CB131D0292399F859A299082033
:10D1730000000983BF180218903C011AF900401AF5
:10D18300AC5199019A230E01A12C2010E08B4398F6
:10D19300AA027891AA2B358A0B121918D039F38277
:10D1A300A809829102BD3A23C12D09280A48A3D0B8
:10D1B300002A42E08A329BA201384F09D22290B959
:10D1C3000914000F8A52A00B1B230B49AB240098B0
:10D1D30080000000000000000000000000000000CC
:10D1E300000000000000000000000000000000003C
:10D1F300000000000000000000000000000000002C
:10D20300000000000000000000000000000000001B
:10D21300000000000000000000000000000000000B
:10D2230000000000000000000000000000000000FB
:10D2330000000000000000000000000000000000EB
:10D2430000000000000000000000000000000000DB
:10D2530000000000000000000000000000000000CB
:10D2630000000000000000000000000000000000BB
:10D2730000000000000000000000000000000000AB
:10D28300000000000000000000000000000000009B
:10D29300000000000000000000000000000000008B
:10D2A300000000000000000000000000000000007B
:10D2B300000000000000000000000000000000006B
:10D2C300000000000000000000000000000000005B
:10D2D300000000000000000000000000000000004B
:10D2E300000000000000000000000000000000003B
:10D2F300000000000000000000000000000000002B
:10D30300000000000000000000000000000000001A
:10D31300000000000000000000000000000000000A
:10D3230000000000000000000000000000000000FA
:10D3330000000000000000000000000000000000EA
:10D3430000000000000000000000000000000000DA
:10D3530000000000000000000000000000000000CA
:10D3630000000000000000000000000000000000BA
:10D3730000000000000000000000000000000000AA
:10D38300000000000000000000000000000000009A
:10D39300000000000000000000000000000000008A
:10D3A300000000000000000000000000000000007A
:10D3B300000000000000000000000000000000006A
:10D3C300000000000000000000000000000000005A
:10D3D300000000000000000000000000000000004A
:10D3E300000000000000000000000000000000003A
:10D3F300000000000000000000000000000000002A
:10D403000000000000000000000000000000000019
:10D413000000000000000000000000000000000009
:10D4230000000000000000000000000000000000F9
:10D4330000000000000000000000000000000000E9
:10D4430000000000000000000000000000000000D9
:10D4530000000000000000000000000000000000C9
:10D4630000000000000000000000000000000000B9
:10D4730000000000000000000000000000000000A9
:10D483000000000000000000000000000000000099
:10D493000000000000000000000000000000000089
:10D4A3000000000000000000000000000000000079
:10D4B3000000000000000000000000000000000069
:10D4C3000000000000000000000000000000000059
:10D4D3000000000000000000000000000000000049
:10D4E3000000000000000000000000000000000039
:10D4F3000000000000000000000000000000000029
:10D503000000000000000000000000000000000018
:10D513000000000000000000000000000000000008
:10D5230000000000000000000000000000000000F8
:10D5330000000000000000000000000000000000E8
:10D5430000000000000000000000000000000000D8
:10D5530000000000000000000000000000000000C8
:10D5630000000000000000000000000000000000B8
:10D5730000000000000000000000000000000000A8
:10D583000000000000000000000000000000000098
:10D593000000000000000000000000000000000088
:10D5A3000000000000000000000000000000000078
:10D5B3000000000000000000000000000000000068
:10D5C3000000000000000000000000000000000058
:10D5D3000000000000000000000000000000000048
:10D5E3000000000000000000000000000000000038
:10D5F3000000000000000000000000000000000028
:10D603000000000000000000000000000000000017
:10D613000000000000000000000000000000000007
:10D6230000000000000000000000000000000000F7
:10D6330000000000000000000000000000000000E7
:10D6430000000000000000000000000000000000D7
:10D6530000000000000000000000000000000000C7
:10D6630000000000000000000000000000000000B7
:10D6730000000000000000000000000000000000A7
:10D683000000000000000000000000000000000097
:10D693000000000000000000000000000000000087
:10D6A3000000000000000000000000000000000077
:10D6B3000000000000000000000000000000000067
:10D6C3000000000000000000000000000000000057
:10D6D3000000000000000000000000000000000047
:10D6E3000000000000000000000000000000000037
:10D6F3000000000000000000000000000000000027
:10D703000000000000000000000000000000000016
:10D713000000000000000000000000000000000006
:10D7230000000000000000000000000000000000F6
:10D7330000000000000000000000000000000000E6
:10D7430000000000000000000000000000000000D6
:10D7530000000000000000000000000000000000C6
:10D7630000000000000000000000000000000000B6
:10D7730000000000000000000000000000000000A6
:10D783000000000000000000000000000000000096
:10D793000000000000000000000000000000000086
:10D7A3000000000000000000000000000000000076
:10D7B3000000000000000000000000000000000066
:10D7C3000000000000000000000000000000000056
:10D7D3000000000000000000000000000000000046
:10D7E3000000000000000000000000000000000036
:10D7F3000000000000000000000000000000000026
:10D803000000000000000000000000000000000015
:10D813000000000000000000000000000000000005
:10D8230000000000000000000000000000000000F5
:10D8330000000000000000000000000000000000E5
:10D8430000000000000000000000000000000000D5
:10D8530000000000000000000000000000000000C5
:10D8630000000000000000000000000000000000B5
:10D8730000000000000000000000000000000000A5
:10D883000000000000000000000000000000000095
:10D893000000000000000000000000000000000085
:10D8A3000000000000000000000000000000000075
:10D8B3000000000000000000000000000000000065
:10D8C3000000000000000000000000000000000055
:10D8D3000000000000000000000000000000000045
:10D8E3000000000000000000000000000000000035
:10D8F3000000000000000000000000000000000025
:10D903000000000000000000000000000000000014
:10D913000000000000000000000000000000000004
:10D9230000000000000000000000000000000000F4
:10D9330000000000000000000000000000000000E4
:10D9430000000000000000000000000000000000D4
:10D9530000000000000000000000000000000000C4
:10D9630000000000000000000000000000000000B4
:10D9730000000000000000000000000000000000A4
:10D983000000000000000000000000000000000094
:10D993000000000000000000000000000000000084
:10D9A3000000000000000000000000000000000074
:10D9B3000000000000000000000000000000000064
:10D9C3000000000000000000000000000000000054
:10D9D3000000000000000000000000000000000044
:10D9E3000000000000000000000000000000000034
:10D9F3000000000000000000000000000000000024
:10DA03000000000000000000000000000000000013
:10DA13000000000000000000000000000000000003
:10DA230000000000000000000000000000000000F3
:10DA330000000000000000000000000000000000E3
:10DA430000000000000000000000000000000000D3
:10DA530000000000000000000000000000000000C3
:10DA630000000000000000000000000000000000B3
:10DA730000000000000000000000000000000000A3
:10DA83000000000000000000000000000000000093
:10DA93000000000000000000000000000000000083
:10DAA3000000000000000000000000000000000073
:10DAB3000000000000000000000000000000000063
:10DAC3000000000000000000000000000000000053
:10DAD3000000000000000000000000000000000043
:10DAE3000000000000000000000000000000000033
:10DAF3000000000000000000000000000000000023
:10DB03000000000000000000000000000000000012
:10DB13000000000000000000000000000000000002
:10DB230000000000000000000000000000000000F2
:10DB330000000000000000000000000000000000E2
:10DB430000000000000000000000000000000000D2
:10DB530000000000000000000000000000000000C2
:10DB630000000000000000000000000000000000B2
:10DB730000000000000000000000000000000000A2
:10DB83000000000000000000000000000000000092
:10DB93000000000000000000000000000000000082
:10DBA3000000000000000000000000000000000072
:10DBB3000000000000000000000000000000000062
:10DBC3000000000000000000000000000000000052
:10DBD3000000000000000000000000000000000042
:10DBE3000000000000000000000000000000000032
:10DBF3000000000000000000000000000000000022
:10DC03000000000000000000000000000000000011
:10DC13000000000000000000000000000000000001
:10DC230000000000000000000000000000000000F1
:10DC330000000000000000000000000000000000E1
:10DC430000000000000000000000000000000000D1
:10DC530000000000000000000000000000000000C1
:10DC630000000000000000000000000000000000B1
:10DC730000000000000000000000000000000000A1
:10DC83000000000000000000000000000000000091
:10DC93000000000000000000000000000000000081
:10DCA3000000000000000000000000000000000071
:10DCB3000000000000000000000000000000000061
:10DCC3000000000000000000000000000000000051
:10DCD3000000000000000000000000000000000041
:10DCE3000000000000000000000000000000000031
:10DCF3000000000000000000000000000000000021
:10DD03000000000000000000000000000000000010
:10DD13000000000000000000000000000000000000
:10DD230000000000000000000000000000000000F0
:10DD330000000000000000000000000000000000E0
:10DD430000000000000000000000000000000000D0
:10DD530000000000000000000000000000000000C0
:10DD630000000000000000000000000000000000B0
:10DD730000000000000000000000000000000000A0
:10DD83000000000000000000000000000000000090
:10DD93000000000000000000000000000000000080
:10DDA3000000000000000000000000000000000070
:10DDB3000000000000000000000000000000000060
:10DDC3000000000000000000000000000000000050
:10DDD3000000000000000000000000000000000040
:10DDE3000000000000000000000000000000000030
:10DDF3000000000000000000000000000000000020
:10DE0300000000000000000000000000000000000F
:10DE130000000000000000000000000000000000FF
:10DE230000000000000000000000000000000000EF
:10DE330000000000000000000000000000000000DF
:10DE430000000000000000000000000000000000CF
:10DE530000000000000000000000000000000000BF
:10DE630000000000000000FF0FFF0FFF0F1F3F1F08
:10DE73001F1FFFFF0FFFFF00000303040406060933
:10DE8300090D0D12121D1D222237374D4D6262827C
:10DE930082A6A6D0D0FFFF535443333247204368B2
:10DEA300697074756E652053796E74680D0A00008D
:10DEB3000101080A00000101080DFE000101081517
:10DEC300800000FFCAA07F6550403228201914103B
:03DED3000C090037
:00000001FF
